施設名,コース番号,セミナー名,開催開始日,日程,受付状況,受付判定,URL
ポリテクセンターいわき,IMXC1,空気圧機器の保全,2026-09-04,9/4(金)，9/17(木),受付中,受付中,https://www3.jeed.go.jp/iwaki/poly/zaishoku/2026/IMXC1.html
ポリテクセンター佐賀,4D321,自家用電気工作物の設計技術,2026-09-05,"9/5(土),12(土)",受付中,受付中,https://www3.jeed.go.jp/saga/poly/zaishoku/2026/4D321.html
ポリテクセンター熊本,1H161,自動火災報知設備工事の施工・保守技術,2026-09-05,"9/5(土),9/6(日)",受付中,受付中,https://www3.jeed.go.jp/kumamoto/poly/zaishoku/1H161.html
ポリテクセンター米子,2H003,実践建築設計２次元ＣＡＤ技術,2026-09-05,令和8年9月5日(土)、9月6日(日),受付中,受付中,https://www3.jeed.go.jp/yonago/poly/zaishoku/2026/2H003.html
ポリテクセンター埼玉,M002E,旋盤セットコース１ （旋盤加工技術＆旋削加工の理論と実際）,2026-09-07,"9/7,8,9 9/10,11",─,（空欄）,https://www3.jeed.go.jp/saitama/poly/worker/seminar/2026/m002e.html
ポリテクセンター奈良,M106,２次元ＣＡＤによる機械製図技術,2026-09-07,9/7(月)、8(火)、9(水),受付中,受付中,https://www3.jeed.go.jp/nara/poly/zaishoku/2026/M106.html
ポリテクセンター岡山,4D127,オブジェクト指向による組込みプログラム開発技術（Ｊａｖａ編）,2026-09-07,"9/7(月),8(火)",受付中,受付中,https://www3.jeed.go.jp/okayama/poly/zaishoku/2026/4D127.html
ポリテクセンター新潟,1S070,原価管理から見た生産性向上,2026-09-07,"9/7,8",記載なし,（空欄）,https://www3.jeed.go.jp/niigata/poly/zaishoku/2026/1S070.html
ポリテクセンター松本,9M131,マシニングセンタプログラミング技術,2026-09-07,"9/7（月）,8（火）,9（水）,10（木）",受付中,受付中,https://www3.jeed.go.jp/matsumoto/poly/zaishoku/_2026/9M131.html
ポリテクセンター石川,5D161,ＰＬＣによるＦＡネットワーク構築技術,2026-09-07,9/7.8.9,受付中,受付中,https://www3.jeed.go.jp/ishikawa/poly/zaishoku/2026/5D161.html
ポリテクセンター群馬,MA181,プラスチック材料の選定技術,2026-09-07,"2026/9/7(月),8(火)",お問い合わせ下さい,お問い合わせ,https://www3.jeed.go.jp/gunma/poly/zaishoku/MA181.html
ポリテクセンター茨城,E1031,マイコンによるシリアル通信活用技術（ＵＡＲＴ，ＳＰＩ，Ｉ２Ｃ）,2026-09-07,"R8.9/7(月),8(火)",記載なし,（空欄）,https://www3.jeed.go.jp/ibaraki/poly/zaishoku/2026/E1031.html
ポリテクセンターいわき,IEX51,高圧電気設備の保守点検技術（実践編）【セットコース】,2026-09-08,9/8 (火)，9/9 (水),受付中,受付中,https://www3.jeed.go.jp/iwaki/poly/zaishoku/2026/IEX51.html
ポリテクセンター三重,6D151,ＰＬＣによるＦＡセンサ活用技術,2026-09-08,"9/8,9/9",記載なし,（空欄）,https://www3.jeed.go.jp/mie/poly/zaishoku/2026/6D151.html
ポリテクセンター加古川,M122,実践機械製図（スケッチ製図と寸法・公差の入れ方）,2026-09-08,"9/8,9,10",受付中,受付中,https://www3.jeed.go.jp/kakogawa/poly/zaishoku/2026/M122.html
ポリテクセンター埼玉,M058A,伝動装置の機械保全技術,2026-09-08,"9/8,9,10",─,（空欄）,https://www3.jeed.go.jp/saitama/poly/worker/seminar/2026/m058a.html
ポリテクセンター奈良,H511,積算実践技術,2026-09-08,9/8(火)、9(水)、10(木),受付中,受付中,https://www3.jeed.go.jp/nara/poly/zaishoku/2026/H511.html
ポリテクセンター宮城,X096A,ロボットシステム設計技術（ロボットシステム導入編）,2026-09-08,9/8(火)、9(水),受付中,受付中,https://www3.jeed.go.jp/miyagi/poly/zaishoku/2026/A503-Z07-A(2026).html
ポリテクセンター富山,3D070,ＰＬＣによるＦＡネットワーク構築技術,2026-09-08,"9/8,9",受付中,受付中,https://www3.jeed.go.jp/toyama/poly/zaishoku/2026/3D070.html
ポリテクセンター岡山,4M306,ろう付技能クリニック,2026-09-08,"9/8(火),9(水)",受付中 (空席:8),受付中,https://www3.jeed.go.jp/okayama/poly/zaishoku/2026/4M306.html
ポリテクセンター島根,3D005,ＰＬＣ制御の回路技術,2026-09-08,9/8(火)、9(水),記載なし,（空欄）,https://www3.jeed.go.jp/shimane/poly/zaishoku/2026/3D005.html
ポリテクセンター徳島,1D091,ＰＬＣ制御の回路技術,2026-09-08,9/8(火)、9/9(水),受付中,受付中,https://www3.jeed.go.jp/tokushima/poly/zaishoku/2026/1D091.html
ポリテクセンター新潟,1M150,フライス盤加工技術,2026-09-08,"9/8,9,10,11",記載なし,（空欄）,https://www3.jeed.go.jp/niigata/poly/zaishoku/2026/1M150.html
ポリテクセンター熊本,1H031,鉄骨構造物における構造計算技術,2026-09-08,"9/8(火),9/9(水)",受付中,受付中,https://www3.jeed.go.jp/kumamoto/poly/zaishoku/1H031.html
ポリテクセンター石川,5M461,油圧システム回路,2026-09-08,9/8.9.10.11,受付中,受付中,https://www3.jeed.go.jp/ishikawa/poly/zaishoku/2026/5M461.html
ポリテクセンター福岡,1M342,旋盤加工技術 ★セット受講推奨★,2026-09-08,"9/8(火),9(水),10(木),11(金)",残りわずか,残りわずか,https://www3.jeed.go.jp/fukuoka/poly/zaishoku/2026/1M342.html
ポリテクセンター福島,FMB09,被覆アーク溶接技能クリニック（３日間）,2026-09-08,9/8(火)、9/9(水)、9/10(木),記載なし,（空欄）,https://www3.jeed.go.jp/fukushima/poly/zaishoku/2026/FMB09.html
ポリテクセンター茨城,M0012,実践機械製図,2026-09-08,"R8.9/8(火),9(水),10(木)",記載なし,（空欄）,https://www3.jeed.go.jp/ibaraki/poly/zaishoku/2026/M0012.html
ポリテクセンターいわき,IMBI1,被覆アーク溶接技能クリニック（３日間コース）,2026-09-09,9/9（水）、9/10（木），9/11（金）,受付中,受付中,https://www3.jeed.go.jp/iwaki/poly/zaishoku/2026/IMBI1.html
ポリテクセンター三重,6D021,電子回路の計測技術,2026-09-09,"9/9,9/10",記載なし,（空欄）,https://www3.jeed.go.jp/mie/poly/zaishoku/2026/6D021.html
ポリテクセンター佐賀,4H408,在来木造住宅設計実践技術（断面図・立面図編）,2026-09-09,"9/9(水),10(木)",受付中,受付中,https://www3.jeed.go.jp/saga/poly/zaishoku/2026/4H408.html
ポリテクセンター埼玉,E001D,有接点シーケンス制御の実践技術,2026-09-09,"9/9,10",─,（空欄）,https://www3.jeed.go.jp/saitama/poly/worker/seminar/2026/e001d.html
ポリテクセンター徳島,1M092,精密測定技術,2026-09-09,9/9(水)、9/10(木),受付中,受付中,https://www3.jeed.go.jp/tokushima/poly/zaishoku/2026/1M092.html
ポリテクセンター新潟,1D012,現場のための電気保全技術,2026-09-09,"9/9,10,11",記載なし,（空欄）,https://www3.jeed.go.jp/niigata/poly/zaishoku/2026/1D012.html
ポリテクセンター滋賀,E5091,シーケンス制御による電動機制御技術,2026-09-09,"9/9,10",残席僅少,残りわずか,https://www3.jeed.go.jp/shiga/poly/zaishoku/2026/E5091.html
ポリテクセンター福岡,1D601,オブジェクト指向による組込みプログラム開発技術,2026-09-09,"9/9(水),10(木)",受付中,受付中,https://www3.jeed.go.jp/fukuoka/poly/zaishoku/2026/1D601.html
ポリテクセンター福岡,1H091,ＢＩＭを用いた建築設計技術,2026-09-09,9/9(水)、10(木),受付中,受付中,https://www3.jeed.go.jp/fukuoka/poly/zaishoku/2026/1H091.html
ポリテクセンター群馬,EA015,有接点シーケンス制御の実践技術,2026-09-09,"2026/9/9(水),10(木)",お問い合わせ下さい,お問い合わせ,https://www3.jeed.go.jp/gunma/poly/zaishoku/EA015.html
ポリテクセンター群馬,MA132,３次元ＣＡＤを活用したアセンブリ技術＜SOLIDWORKS編＞,2026-09-09,"2026/9/9(水),10(木)",お問い合わせ下さい,お問い合わせ,https://www3.jeed.go.jp/gunma/poly/zaishoku/MA132.html
ポリテクセンター荒尾,2M008,実践機械製図,2026-09-09,"9/9(水),9/10(木),9/11(金)",受付中,受付中,https://www3.jeed.go.jp/arao/poly/zaishoku/2026/2M008.html
ポリテクセンター荒尾,2D003,ＰＬＣ制御の回路技術,2026-09-09,"9/9(水),9/10(木)",受付中,受付中,https://www3.jeed.go.jp/arao/poly/zaishoku/2026/2D003.html
ポリテクセンターいわき,IEX61,高圧電気設備の保守点検技術（応用編）【セットコース】,2026-09-10,9/10 (木)，9/11 (金),受付中,受付中,https://www3.jeed.go.jp/iwaki/poly/zaishoku/2026/IEX61.html
ポリテクセンター埼玉,W001A,被覆アーク溶接技能クリニック,2026-09-10,"9/10,11",─,（空欄）,https://www3.jeed.go.jp/saitama/poly/worker/seminar/2026/w001a.html
ポリテクセンター埼玉,E043B,製造現場におけるLAN活用技術（TCP/IP編）,2026-09-10,"9/10,11",─,（空欄）,https://www3.jeed.go.jp/saitama/poly/worker/seminar/2026/e043b.html
ポリテクセンター大分,7H107,在来木造住宅設計実践技術（ARCHITREND ZEROによる構造・省エネ・確認申請編）,2026-09-10,"9月10日(木),9月11日(金)",受付中,受付中,https://www3.jeed.go.jp/oita/poly/zaishoku/2026/7H107.html
ポリテクセンター奈良,E160,電気設備のための計測技術,2026-09-10,9/10(木)、11(金),受付中,受付中,https://www3.jeed.go.jp/nara/poly/zaishoku/2026/E160.html
ポリテクセンター富山,3D080,ＰＬＣによるＦＡネットワーク構築技術,2026-09-10,"9/10,11",受付中,受付中,https://www3.jeed.go.jp/toyama/poly/zaishoku/2026/3D080.html
ポリテクセンター岡山,4H105,実践建築設計３次元ＣＡＤ技術（プレゼン総合編）,2026-09-10,"9/10(木),11(金)",受付中 (空席:9),受付中,https://www3.jeed.go.jp/okayama/poly/zaishoku/2026/4H105.html
ポリテクセンター岡山,4M508,生産現場で活用するリーダーシップ手法,2026-09-10,"9/10(木),11(金)",受付中 (空席:10),受付中,https://www3.jeed.go.jp/okayama/poly/zaishoku/2026/4M508.html
ポリテクセンター徳島,1H094,実践建築設計３次元ＣＡＤ技術,2026-09-10,9/10(木)、9/11(金),受付中,受付中,https://www3.jeed.go.jp/tokushima/poly/zaishoku/2026/1H094.html
ポリテクセンター徳島,1D093,ＰＬＣ制御の応用技術,2026-09-10,9/10(木)、9/11(金),受付中,受付中,https://www3.jeed.go.jp/tokushima/poly/zaishoku/2026/1D093.html
ポリテクセンター熊本,1D011,組込みシステムにおけるプログラム開発技術＜Ｃ言語 配列・関数編＞,2026-09-10,"9/10(木),11(金)",受付中,受付中,https://www3.jeed.go.jp/kumamoto/poly/zaishoku/1D011.html
ポリテクセンター石川,5Y001,半自動アーク溶接技能クリニック,2026-09-10,"9/10,11",受付中,受付中,https://www3.jeed.go.jp/ishikawa/poly/zaishoku/2026/5Y001.html
ポリテクセンター石川,5M061,設計者ＣＡＥを活用した振動解析,2026-09-10,9/10.11,受付中,受付中,https://www3.jeed.go.jp/ishikawa/poly/zaishoku/2026/5M061.html
ポリテクセンター福島,FEA13,ＲＬＣ回路の設計・評価技術,2026-09-10,9/10（木）、9/11（金）,記載なし,（空欄）,https://www3.jeed.go.jp/fukushima/poly/zaishoku/2026/FEA13.html
ポリテクセンター群馬,SZ091,技能伝承のための部下・後輩指導育成,2026-09-10,"2026/9/10(木),11(金)",お問い合わせ下さい,お問い合わせ,https://www3.jeed.go.jp/gunma/poly/zaishoku/SZ091.html
ポリテクセンター茨城,E0062,ＰＬＣプログラミング技術（汎用命令編） 使用機器 キーエンスＰＬＣ,2026-09-10,"R8.9/10(木),11(金)",記載なし,（空欄）,https://www3.jeed.go.jp/ibaraki/poly/zaishoku/2026/E0062.html
ポリテクセンター高知,5M010,精密測定技術,2026-09-10,9/10（木）、11（金）,受付中,受付中,https://www3.jeed.go.jp/kochi/poly/zaishoku/2026/5M010.html
ポリテクセンター鹿児島,5M143,ステンレス鋼のＴＩＧ溶接技能クリニック（下向き溶接編）,2026-09-11,9/11(金)、9/12(土),受付中,受付中,https://www3.jeed.go.jp/kagoshima/poly/zaishoku/2026/5M143.html
ポリテクセンター奈良,M920,被覆アーク溶接技能クリニック,2026-09-12,9/12(土)、13(日),受付中,受付中,https://www3.jeed.go.jp/nara/poly/zaishoku/2026/M920.html
ポリテクセンター沖縄,E0989,オブジェクト指向による組込みプログラム開発技術（Ｊａｖａ言語）,2026-09-12,令和8年9月12日（土）、令和8年9月19日（土）,受付中,受付中,https://www3.jeed.go.jp/okinawa/poly/zaishoku/2026/E0989.html
ポリテクセンター滋賀,M9161,アルミニウム合金のＴＩＧ溶接技能クリニック,2026-09-12,"9/12,13",受付中,受付中,https://www3.jeed.go.jp/shiga/poly/zaishoku/2026/M9161.html
ポリテクセンター石川,5D005,有接点シーケンス制御の実践技術（２日間コース）,2026-09-12,9/12.13,受付中,受付中,https://www3.jeed.go.jp/ishikawa/poly/zaishoku/2026/5D005.html
ポリテクセンター福岡,1M641,アルミニウム合金のＴＩＧ溶接技能クリニック,2026-09-12,"9/12(土),13(日)",受付中,受付中,https://www3.jeed.go.jp/fukuoka/poly/zaishoku/2026/1M641.html
ポリテクセンター加古川,M0A1,生産性向上を目指した生産管理手法,2026-09-14,"9/14,15,16",受付中,受付中,https://www3.jeed.go.jp/kakogawa/poly/zaishoku/2026/M0A1.html
ポリテクセンター千葉,M0203,実践機械製図（寸法、公差、表面性状編）,2026-09-14,"9/14,15",受付中,受付中,https://www3.jeed.go.jp/chiba/poly/zaishoku/2026/M0203.html
ポリテクセンター富山,3D141,自家用電気工作物の高圧機器技術,2026-09-14,"9/14,15",受付中,受付中,https://www3.jeed.go.jp/toyama/poly/zaishoku/2026/3D141.html
ポリテクセンター岡山,4D106,シーケンス制御による電動機制御技術,2026-09-14,"9/14(月),15(火)",受付中 (空席:1),受付中,https://www3.jeed.go.jp/okayama/poly/zaishoku/2026/4D106.html
ポリテクセンター新潟,1D021,有接点シーケンス制御の実践技術（実習充実コース）,2026-09-14,"9/14,15,16",記載なし,（空欄）,https://www3.jeed.go.jp/niigata/poly/zaishoku/2026/1D021.html
ポリテクセンター熊本,1M231,ＭＰ（保全予防）設計体系構築技術－ライフコストミニマム実現－,2026-09-14,"9/14(月),9/15(火)",受付中,受付中,https://www3.jeed.go.jp/kumamoto/poly/zaishoku/1M231.html
ポリテクセンター米子,2D003,シーケンス制御による電動機制御技術,2026-09-14,令和8年9月14日(月)、9月15日(火),受付中,受付中,https://www3.jeed.go.jp/yonago/poly/zaishoku/2026/2D003.html
ポリテクセンター加古川,M1A2,生産現場に活かす品質管理技法,2026-09-15,"9/15,16",受付中,受付中,https://www3.jeed.go.jp/kakogawa/poly/zaishoku/2026/M1A2.html
ポリテクセンター千葉,E2301,ＶＬＡＮ間ルーティング技術,2026-09-15,"9/15,16",受付中,受付中,https://www3.jeed.go.jp/chiba/poly/zaishoku/2026/E2301.html
ポリテクセンター埼玉,M071D,精密測定技術,2026-09-15,"9/15,16",─,（空欄）,https://www3.jeed.go.jp/saitama/poly/worker/seminar/2026/m071d.html
ポリテクセンター埼玉,M056B,締結部品の選定・組付け技術,2026-09-15,"9/15,16,17",─,（空欄）,https://www3.jeed.go.jp/saitama/poly/worker/seminar/2026/m056b.html
ポリテクセンター奈良,M506,精密測定技術（長さ測定編）,2026-09-15,9/15(火)、16(水),受付中,受付中,https://www3.jeed.go.jp/nara/poly/zaishoku/2026/M506.html
ポリテクセンター宮城,MEZ82,生産現場で活用するリーダーシップ手法,2026-09-15,9/15（火）、9/16（水）,受付中,受付中,https://www3.jeed.go.jp/miyagi/poly/zaishoku/2026/MEZ82.html
ポリテクセンター山梨,E05A,製造現場におけるＬＡＮ活用技術,2026-09-15,9/15(火)、16(水),受付中,受付中,https://www3.jeed.go.jp/yamanashi/poly/zaishoku/2026/E05A.html
ポリテクセンター島根,3D006,ＰＬＣ制御の応用技術,2026-09-15,9/15(火)、16(水),記載なし,（空欄）,https://www3.jeed.go.jp/shimane/poly/zaishoku/2026/3D006.html
ポリテクセンター新潟,1M083,精密測定技術（長さ測定編）,2026-09-15,"9/15,16",記載なし,（空欄）,https://www3.jeed.go.jp/niigata/poly/zaishoku/2026/1M083.html
ポリテクセンター沖縄,M0910,被覆アーク溶接技能クリニック,2026-09-15,令和8年9月15日（火）、令和8年9月16日（水）,受付中,受付中,https://www3.jeed.go.jp/okinawa/poly/zaishoku/2026/M0910.html
ポリテクセンター滋賀,X6011,生産現場に活かす品質管理技法,2026-09-15,"9/15,16",受付中,受付中,https://www3.jeed.go.jp/shiga/poly/zaishoku/2026/X6011.html
ポリテクセンター熊本,1D112,有接点シーケンス制御の実践技術,2026-09-15,"9/15(火),16(水)",要問合せ,お問い合わせ,https://www3.jeed.go.jp/kumamoto/poly/zaishoku/1D112.html
ポリテクセンター福島,FEX03,現場のための電気保全技術,2026-09-15,9/15（火）、9/16（水）,記載なし,（空欄）,https://www3.jeed.go.jp/fukushima/poly/zaishoku/2026/FEX03.html
ポリテクセンター群馬,MB081,ＮＣ旋盤プログラミング技術（プログラム〜加工編）,2026-09-15,"2026/9/15(火),16(水),17(木),18(金)",お問い合わせ下さい,お問い合わせ,https://www3.jeed.go.jp/gunma/poly/zaishoku/MB081.html
ポリテクセンター茨城,M0163,フライス盤加工技術,2026-09-15,"R8.9/15(火),16(水),17(木),18(金)",記載なし,（空欄）,https://www3.jeed.go.jp/ibaraki/poly/zaishoku/2026/M0163.html
ポリテクセンター茨城,M0432,ＴＩＧ溶接技能クリニック,2026-09-15,"R8.9/15(火),16(水)",記載なし,（空欄）,https://www3.jeed.go.jp/ibaraki/poly/zaishoku/2026/M0432.html
ポリテクセンター関西,C6112,油圧ポンプの保全,2026-09-15,"9/15,16",残りわずか,残りわずか,https://www3.jeed.go.jp/osaka/poly/zaishoku/C6112.html
ポリテクセンター飯塚,2M030,実践機械製図（寸法・公差・表面性状編）,2026-09-15,"9/15(火),16(水),17(木)",受付中,受付中,https://www3.jeed.go.jp/iizuka/poly/zaishoku/2026/2M030.html
ポリテクセンター香川,2M212,精密測定技術,2026-09-15,9/15(火)9/16(水),記載なし,（空欄）,https://www3.jeed.go.jp/kagawa/poly/zaishoku/2026/2M212.html
ポリテクセンター三重,6D033,現場のための電気保全技術（電気保全実務編）,2026-09-16,"9/16,9/17",記載なし,（空欄）,https://www3.jeed.go.jp/mie/poly/zaishoku/2026/6D033.html
ポリテクセンター君津,KW031,半自動アーク溶接技能クリニック＜板材溶接編／学科１日＋実技２日コース＞,2026-09-16,9/16（水）、9/17（木）、9/18（金）,受付中,受付中,https://www3.jeed.go.jp/kimitsu/poly/zaishoku/2026/KW031.html
ポリテクセンター和歌山,F12-1,設備管理技術者のための冷凍空調設備保守管理技術,2026-09-16,9/16(水)、17(木),受付中,受付中,https://www3.jeed.go.jp/wakayama/poly/zaishoku/F12-1.html
ポリテクセンター埼玉,E023A,オブジェクト指向による組込みプログラム開発技術（ラズパイＣ＃編）,2026-09-16,"9/16,17,18",─,（空欄）,https://www3.jeed.go.jp/saitama/poly/worker/seminar/2026/e023a.html
ポリテクセンター埼玉,E005B,実践的ＰＬＣ制御技術（ビット命令編）,2026-09-16,"9/16,17",─,（空欄）,https://www3.jeed.go.jp/saitama/poly/worker/seminar/2026/e005b.html
ポリテクセンター大分,7D104,高圧電気設備の保守点検技術,2026-09-16,"9月16日(水),9月17日(木)",受付中,受付中,https://www3.jeed.go.jp/oita/poly/zaishoku/2026/7D104.html
ポリテクセンター奈良,H705,ＢＩＭを用いた建築設計技術,2026-09-16,9/16(水)、17(木),受付中,受付中,https://www3.jeed.go.jp/nara/poly/zaishoku/2026/H705.html
ポリテクセンター宮城,MMB11,＜CAM作業を一気に習得＞ＣＡＭ技術,2026-09-16,9/16（水）、9/17（木）、9/18（金）,受付中,受付中,https://www3.jeed.go.jp/miyagi/poly/zaishoku/2026/MMB11.html
ポリテクセンター山梨,W02B,ＴＩＧ溶接技能クリニック,2026-09-16,9/16(水)、17(木),受付中,受付中,https://www3.jeed.go.jp/yamanashi/poly/zaishoku/2026/W02B.html
ポリテクセンター延岡,4D202,シーケンス制御による電動機制御技術,2026-09-16,"9/16(水),9/17(木)",受付中,受付中,https://www3.jeed.go.jp/nobeoka/poly/zaishoku/2026/4D202.html
ポリテクセンター愛媛,4M171,切削加工を考慮した機械設計製図,2026-09-16,"9/16(水),17(木）",受付中,受付中,https://www3.jeed.go.jp/ehime/poly/seminar/2026/4M171.html
ポリテクセンター愛媛,4D052,ＰＬＣ制御の回路技術,2026-09-16,"9/16(水),17(木)",受付中,受付中,https://www3.jeed.go.jp/ehime/poly/seminar/2026/4D052.html
ポリテクセンター熊本,1D021,マイコン制御システム開発技術＜Ａｒｄｕｉｎｏ™編＞,2026-09-16,"9/16(水),17(木),18(金)",受付中,受付中,https://www3.jeed.go.jp/kumamoto/poly/zaishoku/1D021.html
ポリテクセンター福井,7M321,ＮＣ旋盤加工技術,2026-09-16,9/16(水)・17(木),受付中,受付中,https://www3.jeed.go.jp/fukui/poly/zaishoku/2026/7M321.html
ポリテクセンター福岡,1H151,ＢＩＭを用いた建築生産設計技術 ★セット受講推奨★,2026-09-16,9/16(水)、17(木),受付中,受付中,https://www3.jeed.go.jp/fukuoka/poly/zaishoku/2026/1H151.html
ポリテクセンター群馬,SZ012,製造現場で活用するコーチング手法,2026-09-16,"2026/9/16(水),17(木)",お問い合わせ下さい,お問い合わせ,https://www3.jeed.go.jp/gunma/poly/zaishoku/SZ012.html
ポリテクセンター群馬,MA091,２次元ＣＡＤによる機械製図技術（環境設定編）＜AutoCAD編＞,2026-09-16,"2026/9/16(水),17(木)",お問い合わせ下さい,お問い合わせ,https://www3.jeed.go.jp/gunma/poly/zaishoku/MA091.html
ポリテクセンター釧路,5D031,ＰＬＣによる電動機制御の実務,2026-09-16,9/16（水），17（木）,記載なし,（空欄）,https://www3.jeed.go.jp/kushiro/poly/zaishoku/2026/5D031.html
ポリテクセンター関西,B0181,ＰＬＣによるＰＩＤ制御技術,2026-09-16,"9/16,17,18",残りわずか,残りわずか,https://www3.jeed.go.jp/osaka/poly/zaishoku/B0181.html
ポリテクセンターいわき,IMBH1,被覆アーク溶接技能クリニック（２日間コース）,2026-09-17,9/17(木)、9/18(金),受付中,受付中,https://www3.jeed.go.jp/iwaki/poly/zaishoku/2026/IMBH1.html
ポリテクセンター会津,AEX01,電気系保全実践技術,2026-09-17,9/17(木)・18(金),受付中,受付中,https://www3.jeed.go.jp/aizu/poly/zaishoku/2026/AEX01.html
ポリテクセンター佐賀,4M127,ＭＰ（保全予防）設計体系構築技術－ライフコストミニマム実現－,2026-09-17,"9/17(木),18(金)",受付中,受付中,https://www3.jeed.go.jp/saga/poly/zaishoku/2026/4M127.html
ポリテクセンター千葉,S0502,安全確保のための現場改善手法,2026-09-17,"9/17,18",受付中,受付中,https://www3.jeed.go.jp/chiba/poly/zaishoku/2026/S0502.html
ポリテクセンター君津,KW041,半自動アーク溶接技能クリニック＜板材溶接編／実技のみ２日コース＞,2026-09-17,9/17（木）、9/18（金）,受付中,受付中,https://www3.jeed.go.jp/kimitsu/poly/zaishoku/2026/KW041.html
ポリテクセンター奈良,E103,シーケンス制御による電動機制御技術,2026-09-17,9/17(木)、18(金),受付中,受付中,https://www3.jeed.go.jp/nara/poly/zaishoku/2026/E103.html
ポリテクセンター宮城,MEX61,＜機械保全に活かす電気スキル＞電気系保全実践技術（工場内の電気編）,2026-09-17,9/17(木)、9/18（金）,受付中,受付中,https://www3.jeed.go.jp/miyagi/poly/zaishoku/2026/MEX61.html
ポリテクセンター富山,3D150,高圧電気設備の保守点検技術,2026-09-17,"9/17,18",残りわずか,残りわずか,https://www3.jeed.go.jp/toyama/poly/zaishoku/2026/3D150.html
ポリテクセンター広島,P4101,生産プロセス改善のための統計解析（業務に活かす統計手法の活用と実際）,2026-09-17,"9/17,18",受付中,受付中,https://www3.jeed.go.jp/hiroshima/poly/zaishoku/2026/P4101.html
ポリテクセンター広島,P3801,生産設備診断技術（振動解析・潤滑編）,2026-09-17,"9/17,18",残りわずか,残りわずか,https://www3.jeed.go.jp/hiroshima/poly/zaishoku/2026/P3801.html
ポリテクセンター延岡,4M304,半自動アーク溶接技能クリニック（各種姿勢編）,2026-09-17,"9/17(木),9/18(金)",受付中,受付中,https://www3.jeed.go.jp/nobeoka/poly/zaishoku/2026/4M304.html
ポリテクセンター徳島,1D095,ＰＬＣによるタッチパネル活用技術,2026-09-17,9/17(木)、9/18(金),受付中,受付中,https://www3.jeed.go.jp/tokushima/poly/zaishoku/2026/1D095.html
ポリテクセンター愛媛,4H551,低圧電気設備の保守点検技術,2026-09-17,"9/17(木),18(金)",受付中,受付中,https://www3.jeed.go.jp/ehime/poly/seminar/2026/4H551.html
ポリテクセンター新潟,1D031,シーケンス制御による電動機制御技術,2026-09-17,"9/17,18",記載なし,（空欄）,https://www3.jeed.go.jp/niigata/poly/zaishoku/2026/1D031.html
ポリテクセンター沖縄,M0926,生産現場の機械保全技術（油圧ショベル）,2026-09-17,令和8年9月17日（木）、令和8年9月18日（金）,受付中,受付中,https://www3.jeed.go.jp/okinawa/poly/zaishoku/2026/M0926.html
ポリテクセンター熊本,1D122,シーケンス制御による電動機制御技術,2026-09-17,"9/17(木),18(金)",要問合せ,お問い合わせ,https://www3.jeed.go.jp/kumamoto/poly/zaishoku/1D122.html
ポリテクセンター福島,FHA07,実践建築設計２次元ＣＡＤ技術（建築図編）,2026-09-17,9/17（木），9/18（金）,記載なし,（空欄）,https://www3.jeed.go.jp/fukushima/poly/zaishoku/2026/FHA07.html
ポリテクセンター茨城,E0111,ＰＬＣによるＦＡネットワーク構築技術（標準Ｅｔｈｅｒｎｅｔ編）,2026-09-17,"R8.9/17(木),18(金)",記載なし,（空欄）,https://www3.jeed.go.jp/ibaraki/poly/zaishoku/2026/E0111.html
ポリテクセンター関西,C6122,油圧システムの保全技術（バルブ・シリンダ編）,2026-09-17,"9/17,18",残りわずか,残りわずか,https://www3.jeed.go.jp/osaka/poly/zaishoku/C6122.html
ポリテクセンター奈良,H321,隅木・振垂木の施工実践技術,2026-09-19,9/19(土)、20(日)、21(月),受付中,受付中,https://www3.jeed.go.jp/nara/poly/zaishoku/2026/H321.html
ポリテクセンター函館,3M003,ＮＣ旋盤プログラミング技術,2026-09-24,"9/24,9/25",受付中,受付中,https://www3.jeed.go.jp/hakodate/poly/zaishoku/2026/8X3M003.html
ポリテクセンター埼玉,S025A,製造現場における労働安全衛生マネジメントシステムの構築,2026-09-24,"9/24,25",─,（空欄）,https://www3.jeed.go.jp/saitama/poly/worker/seminar/2026/s025a.html
ポリテクセンター富山,3M910,各種の溶接施工技術（アルミニウム）,2026-09-24,"9/24,25",受付中,受付中,https://www3.jeed.go.jp/toyama/poly/zaishoku/2026/3M910.html
ポリテクセンター愛媛,4H012,実践建築設計２次元ＣＡＤ技術（平面図編）,2026-09-24,"9/24(木),25(金)",受付中,受付中,https://www3.jeed.go.jp/ehime/poly/seminar/2026/4H012.html
ポリテクセンター関西,B5321,組込みデータベースシステム開発技術(組込み汎用データベース編),2026-09-24,"9/24,25",受付中,受付中,https://www3.jeed.go.jp/osaka/poly/zaishoku/B5321.html
ポリテクセンター伊勢,7M091,マシニングセンタプログラミング技術,2026-09-26,"9/26(月),9/27(火),9/28(水),9/29(木)",記載なし,（空欄）,https://www3.jeed.go.jp/ise/poly/zaishoku/B102-011-A.html
ポリテクセンター和歌山,H02-2,在来木造住宅設計実践技術（２次元ＣＡＤ）（Ｊｗ_ｃａｄ）,2026-09-26,9/26(土)、27(日),受付中,受付中,https://www3.jeed.go.jp/wakayama/poly/zaishoku/H02-2.html
ポリテクセンター和歌山,M57-1,設計・施工管理に活かす溶接技術,2026-09-26,9/26(土)、27(日),受付中,受付中,https://www3.jeed.go.jp/wakayama/poly/zaishoku/M57-1.html
ポリテクセンター山形,YHA09,実践建築設計３次元ＣＡＤ技術,2026-09-26,令和8年9月26日土曜日、令和8年9月27日日曜日,申込締切日令和8年9月7日,申込締切日,https://www3.jeed.go.jp/yamagata/poly/zaishoku/2026/2026/A804-003-A-3.html
ポリテクセンター広島,H1901,隅木・振垂木の施工実践技術（加工編）,2026-09-26,"9/26,9/27",受付中,受付中,https://www3.jeed.go.jp/hiroshima/poly/zaishoku/2026/H1901.html
ポリテクセンター延岡,4H206,実践建築設計３次元ＣＡＤ技術（プレゼンテーション）,2026-09-26,"9/26（土）,9/27（日）",受付中,受付中,https://www3.jeed.go.jp/nobeoka/poly/zaishoku/2026/4H206.html
ポリテクセンター栃木,322-1,ドローンを活用した測量実践技術,2026-09-26,"9/26,27",受付中,受付中,https://www3.jeed.go.jp/tochigi/poly/zaishoku/2026/322-1.html
ポリテクセンター栃木,302-2,実践建築設計３次元ＣＡＤ技術,2026-09-26,"9/26,27",受付中,受付中,https://www3.jeed.go.jp/tochigi/poly/zaishoku/2026/302-2.html
ポリテクセンター石川,5M105,精密測定技術,2026-09-26,9/26.27,受付中,受付中,https://www3.jeed.go.jp/ishikawa/poly/zaishoku/2026/5M105.html
ポリテクセンター中部,E4102,電気・機械技術者のための計測・制御プログラミング,2026-09-28,"9月28日,29日,30日",残りわずか,残りわずか,https://www3.jeed.go.jp/aichi/poly/zaishoku/bango.html
ポリテクセンター加古川,H001,冷媒配管の施工と空調機器据付け技術,2026-09-28,"9/28,29",受付中,受付中,https://www3.jeed.go.jp/kakogawa/poly/zaishoku/2026/H001.html
ポリテクセンター北海道,1D303,ＰＬＣプログラミング技術,2026-09-28,"9月28日(月),29日(火)",受付中,受付中,https://www3.jeed.go.jp/hokkaido/poly/zaishoku/2026/1D303.html
ポリテクセンター埼玉,S009A,生産現場改善手法（現場力向上）,2026-09-28,"9/28,29",─,（空欄）,https://www3.jeed.go.jp/saitama/poly/worker/seminar/2026/s009a.html
ポリテクセンター奈良,M301,ＮＣ旋盤プログラミング技術,2026-09-28,9/28(月)、29(火)、30(水)、10/1(木),受付中,受付中,https://www3.jeed.go.jp/nara/poly/zaishoku/2026/M301.html
ポリテクセンター岡山,4D115,冷媒配管の施工と空調機器据付け技術,2026-09-28,"9/28(月),29(火)",受付中 (空席:3）,受付中,https://www3.jeed.go.jp/okayama/poly/zaishoku/2026/4D115.html
ポリテクセンター延岡,4M305,ステンレス鋼のＴＩＧ溶接技能クリニック,2026-09-28,"9/28(月),9/29(火)",受付中,受付中,https://www3.jeed.go.jp/nobeoka/poly/zaishoku/2026/4M305.html
ポリテクセンター松本,9M202,精密測定技術,2026-09-28,"9/28（月）,29（火）",受付中,受付中,https://www3.jeed.go.jp/matsumoto/poly/zaishoku/_2026/9M202.html
ポリテクセンター栃木,106-1,設計に活かす３次元ＣＡＤサーフェスモデリング技術,2026-09-28,"9/28,29,30",受付中,受付中,https://www3.jeed.go.jp/tochigi/poly/zaishoku/2026/106-1.html
ポリテクセンター福井,7M051,３次元ＣＡＤを活用したソリッドモデリング技術,2026-09-28,9/28(月)・29(火),受付中,受付中,https://www3.jeed.go.jp/fukui/poly/zaishoku/2026/7M051.html
ポリテクセンター群馬,MB201,ＣＡＭ技術＜MasterCAM編＞,2026-09-28,"2026/9/28(月),29(火),30(水)",お問い合わせ下さい,お問い合わせ,https://www3.jeed.go.jp/gunma/poly/zaishoku/MB201.html
ポリテクセンター群馬,EA291,ＰＬＣプログラミング技術（パッケージタイプ編）,2026-09-28,"2026/9/28(月),29(火)",お問い合わせ下さい,お問い合わせ,https://www3.jeed.go.jp/gunma/poly/zaishoku/EA291.html
ポリテクセンター長崎,5D005,ＰＬＣによるタッチパネル活用技術,2026-09-28,"9/28(月),29(火)",受付中,受付中,https://www3.jeed.go.jp/nagasaki/poly/zaishoku/2026/5D005.html
ポリテクセンター関東,M3012,マシニングセンタプログラミング技術（プログラム〜加工編）,2026-09-28,"9/28,29,30,10/1,2",受付中,受付中,https://www3.jeed.go.jp/kanagawa/poly/seminar/2026/M3012.html
ポリテクセンター関東,M0114,実践機械製図（形状編）,2026-09-28,"9/28,29,30",受付中,受付中,https://www3.jeed.go.jp/kanagawa/poly/seminar/2026/M0114.html
ポリテクセンター関西,B5311,IoT機器を活用した組込みシステム開発技術（組込み中間言語編）,2026-09-28,"9/28,29,30",受付中,受付中,https://www3.jeed.go.jp/osaka/poly/zaishoku/B5311.html
ポリテクセンター関西,C0252,品質工学に基づくパラメータ設計実践技術,2026-09-28,"9/28,29,30",受付中,受付中,https://www3.jeed.go.jp/osaka/poly/zaishoku/C0252.html
ポリテクセンター関西,C8002,製造現場で活用するコーチング手法,2026-09-28,"9/28,29,30",受付中,受付中,https://www3.jeed.go.jp/osaka/poly/zaishoku/C8002.html
ポリテクセンター三重,6M241,設計・施工管理に活かす溶接技術,2026-09-29,"9/29,10/1,10/6,10/7",記載なし,（空欄）,https://www3.jeed.go.jp/mie/poly/zaishoku/2026/6M241.html
ポリテクセンター中部,M2092,ＮＣ旋盤加工技術,2026-09-29,"9月29日,30日,10月1日",残りわずか,残りわずか,https://www3.jeed.go.jp/aichi/poly/zaishoku/bango.html
ポリテクセンター京都,P0411,現場を動かす論理的思考力（ロジカルシンキング）の育成,2026-09-29,9/29(水)～30(木),受付中,受付中,https://www3.jeed.go.jp/kyoto/poly/zaishoku/2026/P0411.html
ポリテクセンター京都,P0231,精密平面研削加工技術,2026-09-29,9/29(火)～10/1(木),受付中,受付中,https://www3.jeed.go.jp/kyoto/poly/zaishoku/2026/P0231.html
ポリテクセンター会津,SMB71,【白河市会場】マシニングセンタプログラミング技術（フライス加工編）,2026-09-29,9/29(火)・30(水),受付中,受付中,https://www3.jeed.go.jp/aizu/poly/zaishoku/2026/SMB71.html
ポリテクセンター佐賀,4M203,半自動アーク溶接技能クリニック,2026-09-29,"9/29(火),30(水)",受付中,受付中,https://www3.jeed.go.jp/saga/poly/zaishoku/2026/4M203.html
ポリテクセンター佐賀,4H406,木造住宅における壁量計算技術,2026-09-29,"9/29(火),30(水)",受付中,受付中,https://www3.jeed.go.jp/saga/poly/zaishoku/2026/4H406.html
ポリテクセンター千葉,E2502,マイコン制御システム開発技術（ＩｏＴデバイス編）,2026-09-29,"9/29,30",受付中,受付中,https://www3.jeed.go.jp/chiba/poly/zaishoku/2026/E2502.html
ポリテクセンター千葉,M1101,旋盤加工応用技術,2026-09-29,"9/29,9/30,10/1",受付中,受付中,https://www3.jeed.go.jp/chiba/poly/zaishoku/2026/M1101.html
ポリテクセンター千葉,H0301,空調熱負荷と空気線図に基づく温熱環境計画手法,2026-09-29,"9/29,30",受付中,受付中,https://www3.jeed.go.jp/chiba/poly/zaishoku/2026/H0301.html
ポリテクセンター富山,3M130,フライス盤加工応用技術,2026-09-29,"9/29,30,10/1,2",受付中,受付中,https://www3.jeed.go.jp/toyama/poly/zaishoku/2026/3M130.html
ポリテクセンター山形,YMD02,精密測定技術,2026-09-29,令和8年9月29日火曜日、令和8年9月30日水曜日,申込締切日令和8年9月9日,申込締切日,https://www3.jeed.go.jp/yamagata/poly/zaishoku/2026/2026/D101-001-A-2.html
ポリテクセンター山梨,H05A,住宅基礎の構造設計実践技術,2026-09-29,9/29(火)、30(水),受付中,受付中,https://www3.jeed.go.jp/yamanashi/poly/zaishoku/2026/H05A.html
ポリテクセンター山梨,D02B,有接点シーケンス制御の実践技術,2026-09-29,9/29(火)、30(水)、10/1(木),受付中,受付中,https://www3.jeed.go.jp/yamanashi/poly/zaishoku/2026/D02B.html
ポリテクセンター山梨,W03A,被覆アーク溶接技能クリニック（各種姿勢編）,2026-09-29,9/29(火)、30(水),受付中,受付中,https://www3.jeed.go.jp/yamanashi/poly/zaishoku/2026/W03A.html
ポリテクセンター広島,H3101,事例で学ぶビルにおける給排水衛生設備の保守管理技術,2026-09-29,"9/29, 9/30",受付中,受付中,https://www3.jeed.go.jp/hiroshima/poly/zaishoku/2026/H3101.html
ポリテクセンター広島,M0901,設計・施工管理に活かす溶接技術【オンライン活用コース】,2026-09-29,"9/29,10/1,5,7（変更前） → 9/29,10/1,6,7（変更後）",受付中,受付中,https://www3.jeed.go.jp/hiroshima/poly/zaishoku/2026/M0901.html
ポリテクセンター延岡,4M204,フライス盤加工技術,2026-09-29,"9/29(火),9/30(水),10/1(木),10/2(金)",受付中,受付中,https://www3.jeed.go.jp/nobeoka/poly/zaishoku/2026/4M204.html
ポリテクセンター愛媛,4D202,ＰＬＣ制御の応用技術,2026-09-29,"9/29(火),30(水)",受付中,受付中,https://www3.jeed.go.jp/ehime/poly/seminar/2026/4D202.html
ポリテクセンター熊本,1D033,マイコン制御システム開発技術＜Ｒａｓｐｂｅｒｒｙ Ｐｉ™編＞,2026-09-29,"9/29(火),30(水),10/1(木)",受付中,受付中,https://www3.jeed.go.jp/kumamoto/poly/zaishoku/1D033.html
ポリテクセンター熊本,1M191,マシニングセンタプログラミング技術,2026-09-29,"9/29(火),9/30(水),10/1(木)",要問合せ,お問い合わせ,https://www3.jeed.go.jp/kumamoto/poly/zaishoku/1M191.html
ポリテクセンター石川,5Y202,設計・施工管理に活かす溶接技術,2026-09-29,"学科(オンライン)：9/29,10/1,6 実技：10/9",受付中,受付中,https://www3.jeed.go.jp/ishikawa/poly/zaishoku/2026/5Y202.html
ポリテクセンター石川,5M022,２次元ＣＡＤによる機械製図技術,2026-09-29,9/29.30.10/1,受付中,受付中,https://www3.jeed.go.jp/ishikawa/poly/zaishoku/2026/5M022.html
ポリテクセンター秋田,4MY51,アルミニウム合金のＴＩＧ溶接技能クリニック,2026-09-29,"9/29(火),30(水)",受付中,受付中,https://www3.jeed.go.jp/akita/poly/zaishoku/2026/4MY51.html
ポリテクセンター秋田,4MK11,２次元ＣＡＤによる機械製図技術,2026-09-29,"9/29(火),30(水)",受付中,受付中,https://www3.jeed.go.jp/akita/poly/zaishoku/2026/4MK11.html
ポリテクセンター茨城,M0202,設計・施工管理に活かす溶接技術,2026-09-29,"R8.9/29(火),10/1(木),6(火),9(金)",記載なし,（空欄）,https://www3.jeed.go.jp/ibaraki/poly/zaishoku/2026/M0202.html
ポリテクセンター茨城,E0052,ＰＬＣプログラミング技術（汎用命令編） 使用機器 三菱ＰＬＣ,2026-09-29,"R8.9/29(火),30(水)",記載なし,（空欄）,https://www3.jeed.go.jp/ibaraki/poly/zaishoku/2026/E0052.html
ポリテクセンター長崎,5M261,設計・施工管理に活かす溶接技術,2026-09-29,"9/29(火),10/1(木),6(火)は13:00～16:00、10/9(金)は9:30～16:30",受付中,受付中,https://www3.jeed.go.jp/nagasaki/poly/zaishoku/2026/5M261.html
ポリテクセンター関西,B3002,パワー・デバイス回路設計技術,2026-09-29,"9/29,30,10/1",受付中,受付中,https://www3.jeed.go.jp/osaka/poly/zaishoku/B3002.html
ポリテクセンター関西,B001A,有接点シーケンス制御の実践技術,2026-09-29,"9/29,30",残りわずか,残りわずか,https://www3.jeed.go.jp/osaka/poly/zaishoku/B001A.html
ポリテクセンター関西,C0341,３次元ツールを活用した機械設計実習,2026-09-29,"9/29,30,10/1,2",受付中,受付中,https://www3.jeed.go.jp/osaka/poly/zaishoku/C0341.html
ポリテクセンター鳥取,1M270,設計・施工管理に活かす溶接技術,2026-09-29,"オンライン：9/29(火),10/1(木),6(火) 集合研修 ：10/10(土)",受付中,受付中,https://www3.jeed.go.jp/tottori/poly/zaishoku/2026/1M270.html
ポリテクセンター鹿児島,5M114,２次元ＣＡＤによる機械製図技術,2026-09-29,9/29(火)、9/30(水)、10/1(木),受付中,受付中,https://www3.jeed.go.jp/kagoshima/poly/zaishoku/2026/5M114.html
ポリテクセンター北海道,1D309,ＰＬＣ制御の応用技術（応用命令編）,2026-09-30,"9月30日(水),10月1日(木)",受付中,受付中,https://www3.jeed.go.jp/hokkaido/poly/zaishoku/2026/1D309.html
ポリテクセンター名古屋港,E8007,現場のための電気保全技術,2026-09-30,9/30(水)～10/1(木),名古屋港湾主催・受付状況個別表記なし,（空欄）,https://www3.jeed.go.jp/aichi/poly/zaishoku/hl52qs00000284xq-att/or3a63000000p6s3.pdf
ポリテクセンター富山,3M093,実践機械製図,2026-09-30,"9/30,10/1,2",受付中,受付中,https://www3.jeed.go.jp/toyama/poly/zaishoku/2026/3M093.html
ポリテクセンター山形,YMB68,ステンレス鋼のＴＩＧ溶接技能クリニック,2026-09-30,令和8年9月30日水曜日、令和8年10月1日木曜日,申込締切日令和8年9月10日,申込締切日,https://www3.jeed.go.jp/yamagata/poly/zaishoku/2026/2026/B202-007-A-2.html
ポリテクセンター福井,7M021,３次元ＣＡＤを活用したアセンブリ技術,2026-09-30,9/30(水)・10/1(木),受付中,受付中,https://www3.jeed.go.jp/fukui/poly/zaishoku/2026/7M021.html
ポリテクセンターいわき,IEC31,光伝送路構築技術（光ファイバ施工の知識と技術の習得）,2026-10-01,10/1 (木)，10/2 (金),受付中,受付中,https://www3.jeed.go.jp/iwaki/poly/zaishoku/2026/IEC31.html
ポリテクセンター中部,E3851,モデルベース開発によるＤＣサーボモータの制御系設計技術,2026-10-01,"10月1日,2日",空きがあります,受付中,https://www3.jeed.go.jp/aichi/poly/zaishoku/bango.html
ポリテクセンター中部,E6018,ＰＬＣ制御の回路技術,2026-10-01,"10月1日,2日",残りわずか,残りわずか,https://www3.jeed.go.jp/aichi/poly/zaishoku/bango.html
ポリテクセンター京都,P0472,生産現場で活用するリーダーシップ手法,2026-10-01,10/1(木)～2(金),受付中,受付中,https://www3.jeed.go.jp/kyoto/poly/zaishoku/2026/P0472.html
ポリテクセンター京都,P0511,設計・施工管理に活かす溶接技術,2026-10-01,10/1(木)～10/2(金),受付中,受付中,https://www3.jeed.go.jp/kyoto/poly/zaishoku/2026/P0511.html
ポリテクセンター会津,SGX01,【白河市会場】ＱＣ７つ道具活用による製造現場における品質改善・品質保証〈QC7つ道具で、お客様の“信頼”をつかむ！〉,2026-10-01,10/1(木)・2(金),受付中,受付中,https://www3.jeed.go.jp/aizu/poly/zaishoku/2026/SGX01.html
ポリテクセンター会津,AEA01,有接点シーケンス制御の実践技術,2026-10-01,10/1(木)・2(金),受付中,受付中,https://www3.jeed.go.jp/aizu/poly/zaishoku/2026/AEA01.html
ポリテクセンター兵庫,B302B,製造現場における工程管理技法と改善,2026-10-01,"10/1,2",受付中,受付中,https://www3.jeed.go.jp/hyogo/poly/contents/holding/2026/B302B.html
ポリテクセンター函館,3M004,マシニングセンタプログラミング技術,2026-10-01,"10/1,10/2",受付中,受付中,https://www3.jeed.go.jp/hakodate/poly/zaishoku/2026/8X3M004.html
ポリテクセンター千葉,S0102,仕事と人を動かす現場監督者の育成,2026-10-01,"10/1,2",受付中,受付中,https://www3.jeed.go.jp/chiba/poly/zaishoku/2026/S0102.html
ポリテクセンター富山,3D036,ＰＬＣ制御の回路技術,2026-10-01,"10/1,2",受付中,受付中,https://www3.jeed.go.jp/toyama/poly/zaishoku/2026/3D036.html
ポリテクセンター栃木,231-3,基板製作に係る鉛フリーはんだ付け技術,2026-10-01,"10/1,2",受付中,受付中,https://www3.jeed.go.jp/tochigi/poly/zaishoku/2026/231-3.html
ポリテクセンター滋賀,E5011,トランジスタ回路の設計・評価技術,2026-10-01,"10/1,2",受付中,受付中,https://www3.jeed.go.jp/shiga/poly/zaishoku/2026/E5011.html
ポリテクセンター石川,5M371,ＮＣ旋盤プログラミング技術,2026-10-01,10/1.2,受付中,受付中,https://www3.jeed.go.jp/ishikawa/poly/zaishoku/2026/5M371.html
ポリテクセンター福島,FEA03,ＰＬＣプログラミング技術,2026-10-01,10/1（木）、10/2（金）,記載なし,（空欄）,https://www3.jeed.go.jp/fukushima/poly/zaishoku/2026/FEA03.html
ポリテクセンター茨城,M0221,プレス金型のメンテナンス技術,2026-10-01,"R8.10/1(木),2(金)",記載なし,（空欄）,https://www3.jeed.go.jp/ibaraki/poly/zaishoku/2026/M0221.html
ポリテクセンター長崎,5M031,３次元ＣＡＤを活用したアセンブリ技術,2026-10-01,"10/1(木),2(金)",受付中,受付中,https://www3.jeed.go.jp/nagasaki/poly/zaishoku/2026/5M031.html
ポリテクセンター関東,H3211,ドローンを活用した建物赤外線劣化診断技術,2026-10-01,"10/1,2",受付中,受付中,https://www3.jeed.go.jp/kanagawa/poly/seminar/2026/H3211.html
ポリテクセンター関東,M1013,３次元ＣＡＤを活用したアセンブリ技術【機器：ＳｏｌｉｄＷｏｒｋｓ ２０２５】,2026-10-01,"10/1,2",残りわずか,残りわずか,https://www3.jeed.go.jp/kanagawa/poly/seminar/2026/M1013.html
ポリテクセンター関西,B6021,営業活動と連動した戦略的生産管理,2026-10-01,"10/1,2",受付中,受付中,https://www3.jeed.go.jp/osaka/poly/zaishoku/B6021.html
ポリテクセンター青森,PM066,製造現場担当者の実践力向上,2026-10-01,"10/1,10/2",受付中,受付中,https://www3.jeed.go.jp/aomori/poly/zaishoku/2026/PM066.html
ポリテクセンター香川,2H401,トラブル事例から学ぶ各種管の加工・接合技術,2026-10-01,10/1(木)2(金),定員間近,残りわずか,https://www3.jeed.go.jp/kagawa/poly/zaishoku/2026/2H401.html
ポリテクセンター三重,6D201,冷媒配管の施工と空調機器据付け技術（ルームエアコン編）,2026-10-03,"10/3,10/4",記載なし,（空欄）,https://www3.jeed.go.jp/mie/poly/zaishoku/2026/6D201.html
ポリテクセンター佐世保,6M002,半自動アーク溶接技能クリニック,2026-10-03,"10/3(土),17(土)",受付中,受付中,https://www3.jeed.go.jp/sasebo/poly/zaishoku/2026/6M002.html
ポリテクセンター兵庫,H105A,省エネルギー住宅及び低炭素建築物の計画実践技術,2026-10-03,"10/3,4",受付中,受付中,https://www3.jeed.go.jp/hyogo/poly/contents/holding/2026/H105A.html
ポリテクセンター和歌山,E03-2,ＰＬＣプログラミング技術（ラダー編）,2026-10-03,10/3(土)、4(日),受付中,受付中,https://www3.jeed.go.jp/wakayama/poly/zaishoku/E03-2.html
ポリテクセンター奈良,M932,半自動アーク溶接技能クリニック,2026-10-03,10/3(土)、4(日),受付中,受付中,https://www3.jeed.go.jp/nara/poly/zaishoku/2026/M932.html
ポリテクセンター宮崎,3H028,実践建築設計２次元ＣＡＤ技術＜使用機器：Jw_cad＞,2026-10-03,令和8年10月3日（土）、10月4日（日）,受付中,受付中,https://www3.jeed.go.jp/miyazaki/poly/zaishoku/copy_of_2026_A804-004-A-2.html
ポリテクセンター宮崎,3H003,空調設備機器の保守技術＜業務用エアコン編＞,2026-10-03,令和8年10月3日（土）、10月4日（日）,受付中,受付中,https://www3.jeed.go.jp/miyazaki/poly/zaishoku/2026_X202-B03-A.html
ポリテクセンター広島,M0202,被覆アーク溶接技能クリニック,2026-10-03,"10/3,4",受付中,受付中,https://www3.jeed.go.jp/hiroshima/poly/zaishoku/2026/M0202.html
ポリテクセンター長崎,5H052,電気設備の総合的設計技術,2026-10-03,"10/3(土),4(日),10(土),11(日)",受付中,受付中,https://www3.jeed.go.jp/nagasaki/poly/zaishoku/2026/5H052.html
ポリテクセンター飯塚,2H020,実践建築設計３次元ＣＡＤ技術,2026-10-03,"10/3(土),10(土)",受付中,受付中,https://www3.jeed.go.jp/iizuka/poly/zaishoku/2026/2H020.html
ポリテクセンター三重,6M012,２次元ＣＡＤによる機械製図技術（作図・編集編）,2026-10-05,"10/5,10/6,10/7",記載なし,（空欄）,https://www3.jeed.go.jp/mie/poly/zaishoku/2026/6M012.html
ポリテクセンター京都,P0212,フライス盤加工技術（溝加工編）,2026-10-05,10/5(月)～8(木),受付中,受付中,https://www3.jeed.go.jp/kyoto/poly/zaishoku/2026/P0212.html
ポリテクセンター伊勢,7M611,設計・施工管理に活かす溶接技術,2026-10-05,"10/5（水）,6（木）",記載なし,（空欄）,https://www3.jeed.go.jp/ise/poly/zaishoku/B202-022-A.html
ポリテクセンター兵庫,H116A,質点系モデルの振動解析技術（耐震設計に役立つ応答スペクトル）,2026-10-05,"10/5,6",受付中,受付中,https://www3.jeed.go.jp/hyogo/poly/contents/holding/2026/H116A.html
ポリテクセンター加古川,M0D1,生産プロセス改善のための統計解析,2026-10-05,"10/5,6",受付中,受付中,https://www3.jeed.go.jp/kakogawa/poly/zaishoku/2026/M0D1.html
ポリテクセンター宮城,MEZ81,現場を動かすプレゼンテーションテクニック,2026-10-05,10/5（月）、10/6（火）,受付中,受付中,https://www3.jeed.go.jp/miyagi/poly/zaishoku/2026/MEZ81.html
ポリテクセンター岐阜,H0103,実践建築設計２次元ＣＡＤ技術【製図支援編】 使用機器 Ｊｗ＿ｃａｄ,2026-10-05,"10/5（月）,6（火）",受付中,受付中,https://www3.jeed.go.jp/gifu/poly/zaishoku/H0103.html
ポリテクセンター長崎,5M223,半自動アーク溶接技能クリニック,2026-10-05,"10/5(月),6(火)",受付中,受付中,https://www3.jeed.go.jp/nagasaki/poly/zaishoku/2026/5M223.html
ポリテクセンター関西,B2152,ＥＭＣ対策のための電磁気学,2026-10-05,"10/5,6",残りわずか,残りわずか,https://www3.jeed.go.jp/osaka/poly/zaishoku/B2152.html
ポリテクセンター飯塚,2M091,３次元ＣＡＤを活用したソリッドモデリング技術（モデリング＆図面編）,2026-10-05,"10/5(月),6(火),7(水)",受付中,受付中,https://www3.jeed.go.jp/iizuka/poly/zaishoku/2026/2M091.html
ポリテクセンターいわき,IEX32,低圧電気設備の保守点検技術（実践編）【セットコース】,2026-10-06,10/6 (火)，10/7 (水),受付中,受付中,https://www3.jeed.go.jp/iwaki/poly/zaishoku/2026/IEX32.html
ポリテクセンターいわき,IHA12,実践建築設計２次元ＣＡＤ技術（利用編）,2026-10-06,10/6 (火)，10/7 (水),受付中,受付中,https://www3.jeed.go.jp/iwaki/poly/zaishoku/2026/IHA12.html
ポリテクセンター三重,6D192,空気圧設備の省エネルギー技術,2026-10-06,"10/6,10/7",記載なし,（空欄）,https://www3.jeed.go.jp/mie/poly/zaishoku/2026/6D192.html
ポリテクセンター中部,E3021,組込み技術者のためのプログラミング（Ｃ＋＋構文編）,2026-10-06,"10月6日,7日",残りわずか,残りわずか,https://www3.jeed.go.jp/aichi/poly/zaishoku/bango.html
ポリテクセンター中部,E1091,高周波・ディジタル変調回路の実践技術,2026-10-06,"10月6日,7日",空きがあります,受付中,https://www3.jeed.go.jp/aichi/poly/zaishoku/bango.html
ポリテクセンター京都,P2111,クラウドを利用した組込みマイコン活用技術（ＥＳＰ３２＋Ａｒｄｕｉｎｏ編）,2026-10-06,10/6(火)～8(木),受付中,受付中,https://www3.jeed.go.jp/kyoto/poly/zaishoku/2026/P2111.html
ポリテクセンター京都,P2542,ＰＬＣ制御の応用技術（数値処理編）,2026-10-06,10/6(火)～7(水),受付中,受付中,https://www3.jeed.go.jp/kyoto/poly/zaishoku/2026/P2542.html
ポリテクセンター佐賀,4M207,ステンレス鋼のＴＩＧ溶接技能クリニック,2026-10-06,"10/6(火),7(水)",受付中,受付中,https://www3.jeed.go.jp/saga/poly/zaishoku/2026/4M207.html
ポリテクセンター佐賀,4H409,在来木造住宅設計実践技術（パース編）,2026-10-06,"10/6(火),7(水)",受付中,受付中,https://www3.jeed.go.jp/saga/poly/zaishoku/2026/4H409.html
ポリテクセンター兵庫,M002B,機械設計のための総合力学,2026-10-06,"10/6,7,8,9",残りわずか,残りわずか,https://www3.jeed.go.jp/hyogo/poly/contents/holding/2026/M002B.html
ポリテクセンター函館,3D002,電気設備の総合的設計技術,2026-10-06,"10/6,10/7,10/8",受付中,受付中,https://www3.jeed.go.jp/hakodate/poly/zaishoku/2026/8X3D002.html
ポリテクセンター千葉,M1401,フライス盤加工応用技術,2026-10-06,"10/6,7,8",受付中,受付中,https://www3.jeed.go.jp/chiba/poly/zaishoku/2026/M1401.html
ポリテクセンター埼玉,M023A,マシニングセンタ加工技術,2026-10-06,"10/6,7,8,9",─,（空欄）,https://www3.jeed.go.jp/saitama/poly/worker/seminar/2026/m023a.html
ポリテクセンター埼玉,M032A,機械設計のための総合力学,2026-10-06,"10/6,7,8",─,（空欄）,https://www3.jeed.go.jp/saitama/poly/worker/seminar/2026/m032a.html
ポリテクセンター富山,3M080,ＣＡＥにおける非線形解析を活用した構造解析技術,2026-10-06,"10/6,7",受付中,受付中,https://www3.jeed.go.jp/toyama/poly/zaishoku/2026/3M080.html
ポリテクセンター富山,3D037,ＰＬＣ制御の回路技術,2026-10-06,"10/6,7",受付中,受付中,https://www3.jeed.go.jp/toyama/poly/zaishoku/2026/3D037.html
ポリテクセンター山口,9M202,実践機械製図,2026-10-06,10/6（火）、7（水）、8（木）,受付中,受付中,https://www3.jeed.go.jp/yamaguchi/poly/zaishoku/2026/9M202.html
ポリテクセンター山形,YEA04,ＰＬＣ制御の回路技術,2026-10-06,令和8年10月6日火曜日、令和8年10月7日水曜日,申込締切日令和8年9月16日,申込締切日,https://www3.jeed.go.jp/yamagata/poly/zaishoku/2026/2026/A401-006-A-1.html
ポリテクセンター山梨,W01B,半自動アーク溶接技能クリニック（各種姿勢編）,2026-10-06,10/6(火)、7(水),受付中,受付中,https://www3.jeed.go.jp/yamanashi/poly/zaishoku/2026/W01B.html
ポリテクセンター岡山,4M107,２次元ＣＡＤによる機械製図技術,2026-10-06,"10/6(火),7(水),8(木),9(金)",受付中 (空席:10),受付中,https://www3.jeed.go.jp/okayama/poly/zaishoku/2026/4M107.html
ポリテクセンター岡山,4M304,ＴＩＧ溶接技能クリニック,2026-10-06,"10/6(火),7(水)",受付中 (空席:6),受付中,https://www3.jeed.go.jp/okayama/poly/zaishoku/2026/4M304.html
ポリテクセンター島根,3D001,マイコン制御システム開発技術,2026-10-06,10/6(火)、7(水),記載なし,（空欄）,https://www3.jeed.go.jp/shimane/poly/zaishoku/2026/3D001.html
ポリテクセンター延岡,4M205,旋盤加工技術,2026-10-06,"10/6(火),10/7(水),10/8(木),10/9(金)",受付中,受付中,https://www3.jeed.go.jp/nobeoka/poly/zaishoku/2026/4M205.html
ポリテクセンター徳島,1H101,実践建築設計２次元ＣＡＤ技術,2026-10-06,10/6(火)、10/7(水),受付中,受付中,https://www3.jeed.go.jp/tokushima/poly/zaishoku/2026/1H101.html
ポリテクセンター新潟,1S080,ヒューマンエラー防止実践手法,2026-10-06,"10/6,7",記載なし,（空欄）,https://www3.jeed.go.jp/niigata/poly/zaishoku/2026/1S080.html
ポリテクセンター新潟,1D090,ロボットシステム設計技術（ロボットシステム導入編）,2026-10-06,"10/6,7",記載なし,（空欄）,https://www3.jeed.go.jp/niigata/poly/zaishoku/2026/1D090.html
ポリテクセンター新潟,1M090,精密測定技術（精度管理編）,2026-10-06,"10/6,7",記載なし,（空欄）,https://www3.jeed.go.jp/niigata/poly/zaishoku/2026/1M090.html
ポリテクセンター栃木,124-2,フライス盤加工技術（正面フライス編）,2026-10-06,"10/6,7",受付中,受付中,https://www3.jeed.go.jp/tochigi/poly/zaishoku/2026/124-2.html
ポリテクセンター滋賀,M9111,工具研削実践技術（ドリル研削編）,2026-10-06,"10/6,7,8",残席僅少,残りわずか,https://www3.jeed.go.jp/shiga/poly/zaishoku/2026/M9111.html
ポリテクセンター福井,7M413,精密測定技術,2026-10-06,10/6(火)・7(水),受付中,受付中,https://www3.jeed.go.jp/fukui/poly/zaishoku/2026/7M413.html
ポリテクセンター福岡,1M122,３次元ＣＡＤを活用したソリッドモデリング技術 ★セット受講推奨★,2026-10-06,"10/6(火),7(水)",残りわずか,残りわずか,https://www3.jeed.go.jp/fukuoka/poly/zaishoku/2026/1M122.html
ポリテクセンター福島,FMA01,２次元ＣＡＤによる機械製図技術,2026-10-06,10/6（火）、10/7（水）、10/8（木）,記載なし,（空欄）,https://www3.jeed.go.jp/fukushima/poly/zaishoku/2026/FMA01.html
ポリテクセンター福島,FMB14,ＴＩＧ溶接技能クリニック（３日間）,2026-10-06,10/6（火）、10/7（水）、10/8（木）,記載なし,（空欄）,https://www3.jeed.go.jp/fukushima/poly/zaishoku/2026/FMB14.html
ポリテクセンター秋田,4HK31,高齢者配慮住宅のリフォーム計画実践技術,2026-10-06,"10/6(火),7(水)",受付中,受付中,https://www3.jeed.go.jp/akita/poly/zaishoku/2026/4HK31.html
ポリテクセンター群馬,SX121,新ＱＣ７つ道具活用による製造現場における品質改善・品質保証（ＱＣ編）〈統計分析編〉,2026-10-06,"2026/10/6(火),7(水),8(木)",お問い合わせ下さい,お問い合わせ,https://www3.jeed.go.jp/gunma/poly/zaishoku/SX121.html
ポリテクセンター茨城,E0014,有接点シーケンス制御の実践技術,2026-10-06,"R8.10/6(火),7(水)",記載なし,（空欄）,https://www3.jeed.go.jp/ibaraki/poly/zaishoku/2026/E0014.html
ポリテクセンター荒尾,2M010,半自動アーク溶接技能クリニック,2026-10-06,"10/6(火),10/7(水)",受付中,受付中,https://www3.jeed.go.jp/arao/poly/zaishoku/2026/2M010.html
ポリテクセンター関東,M1212,３次元ＣＡＤを活用したサーフェスモデリング技術【機器：ＳｏｌｉｄＷｏｒｋｓ ２０２５】,2026-10-06,"10/6,7,8",受付中,受付中,https://www3.jeed.go.jp/kanagawa/poly/seminar/2026/M1212.html
ポリテクセンター関西,B5071,μＩＴＲＯＮによる組込みネットワーク機器開発技術《使用ＯＳ：TOPPERS》,2026-10-06,"10/6,7,8",受付中,受付中,https://www3.jeed.go.jp/osaka/poly/zaishoku/B5071.html
ポリテクセンター関西,C3122,プラスチック材料の選定技術,2026-10-06,"10/6,7",受付中,受付中,https://www3.jeed.go.jp/osaka/poly/zaishoku/C3122.html
ポリテクセンター関西,C2282,マシニングセンタプログラミング技術,2026-10-06,"10/6,7,8,9",受付中,受付中,https://www3.jeed.go.jp/osaka/poly/zaishoku/C2282.html
ポリテクセンター関西,C0484,設計に活かす３次元ＣＡＤソリッドモデリング技術 《使用ソフト：SolidWorks》,2026-10-06,"10/6,7,8,9",残りわずか,残りわずか,https://www3.jeed.go.jp/osaka/poly/zaishoku/C0484.html
ポリテクセンター香川,2H702,ビルにおける防災設備と管理のポイント,2026-10-06,10/6(火)7(水),記載なし,（空欄）,https://www3.jeed.go.jp/kagawa/poly/zaishoku/2026/2H702.html
ポリテクセンター鹿児島,5D103,有接点シーケンス制御の実践技術,2026-10-06,10/6(火)、10/7(水),受付中,受付中,https://www3.jeed.go.jp/kagoshima/poly/zaishoku/2026/5D103.html
ポリテクセンター鹿児島,5M123,ＮＣ旋盤プログラミング技術,2026-10-06,10/6(火)、10/7(水)、10/8(木),受付中,受付中,https://www3.jeed.go.jp/kagoshima/poly/zaishoku/2026/5M123.html
ポリテクセンター三重,6H061,ＢＩＭを用いた建築設計技術,2026-10-07,"10/7,10/8",記載なし,（空欄）,https://www3.jeed.go.jp/mie/poly/zaishoku/2026/6H061.html
ポリテクセンター中部,M6061,アコースティックエミッション応用技術,2026-10-07,"10月7日,8日",残りわずか,残りわずか,https://www3.jeed.go.jp/aichi/poly/zaishoku/bango.html
ポリテクセンター中部,E6403,ＰＬＣによる自動化制御技術,2026-10-07,"10月7日,8日,9日",残りわずか,残りわずか,https://www3.jeed.go.jp/aichi/poly/zaishoku/bango.html
ポリテクセンター京都,P2051,ＨＤＬによる回路設計技術,2026-10-07,10/7(水)～8(木),受付中,受付中,https://www3.jeed.go.jp/kyoto/poly/zaishoku/2026/P2051.html
ポリテクセンター会津,SMB41,【白河市会場】ＮＣ旋盤プログラミング技術（各種機能編）,2026-10-07,10/7(水)・8(木),受付中,受付中,https://www3.jeed.go.jp/aizu/poly/zaishoku/2026/SMB41.html
ポリテクセンター佐賀,4D312,電気系保全実践技術,2026-10-07,"10/7(水),8(木),9(金)",受付中,受付中,https://www3.jeed.go.jp/saga/poly/zaishoku/2026/4D312.html
ポリテクセンター兵庫,E320C,実践的ＰＬＣ制御技術,2026-10-07,"10/7,8",受付中,受付中,https://www3.jeed.go.jp/hyogo/poly/contents/holding/2026/E320C.html
ポリテクセンター兵庫,E300F,有接点シーケンス制御の実践技術,2026-10-07,"10/7,8,9",受付中,受付中,https://www3.jeed.go.jp/hyogo/poly/contents/holding/2026/E300F.html
ポリテクセンター兵庫,M005B,配管技術者のための実践的伝熱計算技術,2026-10-07,"10/7,8",受付中,受付中,https://www3.jeed.go.jp/hyogo/poly/contents/holding/2026/M005B.html
ポリテクセンター北海道,1D319,【New】クラウドプラットフォーム活用技術（ＡＷＳ編）,2026-10-07,"10月7日(水),8日(木)",受付中,受付中,https://www3.jeed.go.jp/hokkaido/poly/zaishoku/2026/1D319.html
ポリテクセンター北海道,1D212,【New】協働ロボットプログラミング制御技術,2026-10-07,"10月7日(水),8日(木)",受付中,受付中,https://www3.jeed.go.jp/hokkaido/poly/zaishoku/2026/1D212.html
ポリテクセンター北海道,1H502,冷媒配管の施工と空調機器据付け技術,2026-10-07,"10月7日(水),8日(木)",受付中,受付中,https://www3.jeed.go.jp/hokkaido/poly/zaishoku/2026/1H502.html
ポリテクセンター千葉,E1102,ＰＬＣ制御の回路技術（三菱Ｑ編）,2026-10-07,"10/7,8",受付中,受付中,https://www3.jeed.go.jp/chiba/poly/zaishoku/2026/E1102.html
ポリテクセンター和歌山,F13-1,空調熱負荷と空気線図に基づく温熱環境計画手法,2026-10-07,10/7(水)、8(木),受付中,受付中,https://www3.jeed.go.jp/wakayama/poly/zaishoku/F13-1.html
ポリテクセンター埼玉,E005C,実践的ＰＬＣ制御技術（ビット命令編）,2026-10-07,"10/7,8",─,（空欄）,https://www3.jeed.go.jp/saitama/poly/worker/seminar/2026/e005c.html
ポリテクセンター埼玉,E024A,組込みLinuxアプリケーション開発技術（ラズパイＣ＃編）,2026-10-07,"10/7,8,9",─,（空欄）,https://www3.jeed.go.jp/saitama/poly/worker/seminar/2026/e024a.html
ポリテクセンター大分,7D101,有接点シーケンス制御の実践技術,2026-10-07,"10月7日(水),10月8日(木)",受付中,受付中,https://www3.jeed.go.jp/oita/poly/zaishoku/2026/7D101.html
ポリテクセンター山口,9H403,実践建築設計２次元ＣＡＤ技術,2026-10-07,10/7（水）、8（木）,受付中,受付中,https://www3.jeed.go.jp/yamaguchi/poly/zaishoku/2026/9H403.html
ポリテクセンター広島,P3301,カスタムマクロによるＮＣプログラミング技術,2026-10-07,"10/7,8,9",受付中,受付中,https://www3.jeed.go.jp/hiroshima/poly/zaishoku/2026/P3301.html
ポリテクセンター旭川,4M051,旋盤加工技術,2026-10-07,１０/７(水)、１０/８(木),受付中,受付中,https://www3.jeed.go.jp/asahikawa/poly/zaisyoku/2026/4M051.html
ポリテクセンター栃木,200-3,有接点シーケンス制御の実践技術,2026-10-07,"10/7,8,9",受付中,受付中,https://www3.jeed.go.jp/tochigi/poly/zaishoku/2026/200-3.html
ポリテクセンター滋賀,E5161,ＰＬＣによるＦＡセンサ活用技術,2026-10-07,"10/7,8",受付中,受付中,https://www3.jeed.go.jp/shiga/poly/zaishoku/2026/E5161.html
ポリテクセンター熊本,1M282,生産現場で活用するリーダーシップ手法,2026-10-07,"10/7(水),10/8(木)",受付中,受付中,https://www3.jeed.go.jp/kumamoto/poly/zaishoku/1M282.html
ポリテクセンター熊本,1M223,精密測定技術＜長さ測定編＞,2026-10-07,"10/7(水),10/8(木)",受付中,受付中,https://www3.jeed.go.jp/kumamoto/poly/zaishoku/1M223.html
ポリテクセンター熊本,1D041,ＩｏＴ機器を活用した組込みシステム開発技術,2026-10-07,"10/7(水),8(木),9(金)",受付中,受付中,https://www3.jeed.go.jp/kumamoto/poly/zaishoku/1D041.html
ポリテクセンター石川,5D201,電気設計ＣＡＤを活用した制御盤設計技術（使用機器：ＥＣＡＤdio）,2026-10-07,10/7.8.9,受付中,受付中,https://www3.jeed.go.jp/ishikawa/poly/zaishoku/2026/5D201.html
ポリテクセンター福岡,1H131,実務事例に基づく建築確認申請実践対策技術,2026-10-07,10/7(水)、14(水) ※連続した日程ではありませんのでご注意ください。,受付中,受付中,https://www3.jeed.go.jp/fukuoka/poly/zaishoku/2026/1H131.html
ポリテクセンター秋田,4MK21,３次元ＣＡＤを活用したソリッドモデリング技術,2026-10-07,"10/7(水),8(木)",受付中,受付中,https://www3.jeed.go.jp/akita/poly/zaishoku/2026/4MK21.html
ポリテクセンター群馬,MA012,機械設計のための工業力学と材料力学,2026-10-07,"2026/10/7(水),8(木),9(金)",お問い合わせ下さい,お問い合わせ,https://www3.jeed.go.jp/gunma/poly/zaishoku/MA012.html
ポリテクセンター群馬,EX025,現場のための電気保全技術,2026-10-07,"2026/10/7(水),8(木)",お問い合わせ下さい,お問い合わせ,https://www3.jeed.go.jp/gunma/poly/zaishoku/EX025.html
ポリテクセンター茨城,M0311,製造現場における労働安全衛生マネジメントシステムの構築,2026-10-07,"R8.10/7(水),8(木)",記載なし,（空欄）,https://www3.jeed.go.jp/ibaraki/poly/zaishoku/2026/M0311.html
ポリテクセンター関東,E2511,タブレットを活用したシステム構築（ＩＣＴ向けＯＳ活用技術 Ａｎｄｒｏｉｄ Ｊａｖａ編）,2026-10-07,"10/7,8",受付中,受付中,https://www3.jeed.go.jp/kanagawa/poly/seminar/2026/E2511.html
ポリテクセンター関西,C6582,生産性向上のための現場管理者の作業指示技法,2026-10-07,"10/7,8,9",受付中,受付中,https://www3.jeed.go.jp/osaka/poly/zaishoku/C6582.html
ポリテクセンター関西,B2162,電子回路から発生するノイズ対策技術,2026-10-07,"10/7,8,9",残りわずか,残りわずか,https://www3.jeed.go.jp/osaka/poly/zaishoku/B2162.html
ポリテクセンター鳥取,1H130,バリアフリー住宅の設計実践技術,2026-10-07,"10/7(水),9(金),14(水),16(金)",受付中,受付中,https://www3.jeed.go.jp/tottori/poly/zaishoku/2026/1H130.html
ポリテクセンターいわき,IMBB1,プレス金型のメンテナンス技術,2026-10-08,10/8（木），10/9（金）,受付中,受付中,https://www3.jeed.go.jp/iwaki/poly/zaishoku/2026/IMBB1.html
ポリテクセンターいわき,IEX42,低圧電気設備の保守点検技術（応用編）【セットコース】,2026-10-08,10/8 (木)，10/9 (金),受付中,受付中,https://www3.jeed.go.jp/iwaki/poly/zaishoku/2026/IEX42.html
ポリテクセンターいわき,IMA51,公差設計技術（公差解析技術）,2026-10-08,10/8(木），10/9(金）,受付中,受付中,https://www3.jeed.go.jp/iwaki/poly/zaishoku/2026/IMA51.html
ポリテクセンター三重,6M022,２次元ＣＡＤによる機械製図技術（環境設定編）,2026-10-08,"10/8,10/9",記載なし,（空欄）,https://www3.jeed.go.jp/mie/poly/zaishoku/2026/6M022.html
ポリテクセンター中部,E3042,組込み技術者のためのプログラミング（活用編）,2026-10-08,"10月8日,9日",空きがあります,受付中,https://www3.jeed.go.jp/aichi/poly/zaishoku/bango.html
ポリテクセンター中部,E3031,組込み技術者のためのプログラミング（Ｃ＋＋オブジェクト指向編）,2026-10-08,"10月8日,9日",残りわずか,残りわずか,https://www3.jeed.go.jp/aichi/poly/zaishoku/bango.html
ポリテクセンター中部,E3651,ＭＢＤによる自動Ｃコード生成技術を用いたマイコン実装ノウハウ,2026-10-08,"10月8日,9日",空きがあります,受付中,https://www3.jeed.go.jp/aichi/poly/zaishoku/bango.html
ポリテクセンター函館,3M006,半自動アーク溶接技能クリニック,2026-10-08,"10/8,10/9",受付中,受付中,https://www3.jeed.go.jp/hakodate/poly/zaishoku/2026/8X3M006.html
ポリテクセンター君津,KG033,現場の安全確保（５Ｓ）と生産性向上（東葛テクノプラザ）,2026-10-08,10/8（木）、10/9（金）,受付中,受付中,https://www3.jeed.go.jp/kimitsu/poly/zaishoku/2026/copy_of_KG032.html
ポリテクセンター埼玉,S003B,QC７つ道具活用による製造現場における品質改善・品質保証 追加コースです！,2026-10-08,"10/8,9",─,（空欄）,https://www3.jeed.go.jp/saitama/poly/worker/seminar/2026/s003b.html
ポリテクセンター埼玉,S005A,なぜなぜ分析による製造現場の問題解決,2026-10-08,"10/8,9",─,（空欄）,https://www3.jeed.go.jp/saitama/poly/worker/seminar/2026/s005a.html
ポリテクセンター埼玉,W002B,半自動アーク溶接技能クリニック,2026-10-08,"10/8,9",─,（空欄）,https://www3.jeed.go.jp/saitama/poly/worker/seminar/2026/w002b.html
ポリテクセンター奈良,E302,ＰＬＣプログラミング技術,2026-10-08,10/8(木)、9(金),受付中,受付中,https://www3.jeed.go.jp/nara/poly/zaishoku/2026/E302.html
ポリテクセンター富山,3D044,ＰＬＣ制御の応用技術,2026-10-08,"10/8,9",受付中,受付中,https://www3.jeed.go.jp/toyama/poly/zaishoku/2026/3D044.html
ポリテクセンター岡山,4H106,実践建築設計３次元ＣＡＤ技術（申請図面作成編）,2026-10-08,"10/8(木),9(金)",受付中,受付中,https://www3.jeed.go.jp/okayama/poly/zaishoku/2026/4H106.html
ポリテクセンター岡山,4M510,現場を動かすプレゼンテーションテクニック,2026-10-08,"10/8(木),9(金)",受付中 (空席:14),受付中,https://www3.jeed.go.jp/okayama/poly/zaishoku/2026/4M510.html
ポリテクセンター岡山,4D122,ＰＬＣによる通信システム構築技術（Ｊａｖａ、ＭＣプロトコル編）,2026-10-08,"10/8(木),9(金)",受付中 (空席:8),受付中,https://www3.jeed.go.jp/okayama/poly/zaishoku/2026/4D122.html
ポリテクセンター旭川,4M352,半自動アーク溶接技能クリニック,2026-10-08,１０/８(木)、１０/９(金),受付中,受付中,https://www3.jeed.go.jp/asahikawa/poly/zaisyoku/2026/4M352.html
ポリテクセンター松本,9X001,生産現場に活かす品質管理技法,2026-10-08,"10/8（木）,9（金）",受付中,受付中,https://www3.jeed.go.jp/matsumoto/poly/zaishoku/_2026/9X001.html
ポリテクセンター栃木,125-2,フライス盤加工技術（エンドミル編）,2026-10-08,"10/8,9",受付中,受付中,https://www3.jeed.go.jp/tochigi/poly/zaishoku/2026/125-2.html
ポリテクセンター石川,5M381,マシニングセンタプログラミング技術,2026-10-08,10/8.9,受付中,受付中,https://www3.jeed.go.jp/ishikawa/poly/zaishoku/2026/5M381.html
ポリテクセンター福島,FHA04,実践建築設計２次元ＣＡＤ技術（一般図編）,2026-10-08,10/8（木），10/9（金）,記載なし,（空欄）,https://www3.jeed.go.jp/fukushima/poly/zaishoku/2026/FHA04.html
ポリテクセンター福島,FEA06,ＰＬＣ制御の応用技術（数値処理編）,2026-10-08,10/8（木）、10/9（金）,記載なし,（空欄）,https://www3.jeed.go.jp/fukushima/poly/zaishoku/2026/FEA06.html
ポリテクセンター秋田,4MM21,生産プロセス改善のための統計解析（品質管理編）,2026-10-08,"10/8(木),9(金)",受付中,受付中,https://www3.jeed.go.jp/akita/poly/zaishoku/2026/4MM21.html
ポリテクセンター群馬,EA331,製造現場におけるＬＡＮ活用技術,2026-10-08,"2026/10/8(木),9(金)",お問い合わせ下さい,お問い合わせ,https://www3.jeed.go.jp/gunma/poly/zaishoku/EA331.html
ポリテクセンター荒尾,2M011,２次元ＣＡＤによる機械製図技術（作図手法編）,2026-10-08,"10/8(木),10/9(金)",受付中,受付中,https://www3.jeed.go.jp/arao/poly/zaishoku/2026/2M011.html
ポリテクセンター長崎,5D006,ドローンを活用した太陽光発電診断技術,2026-10-08,"10/8(木),9(金)",受付中,受付中,https://www3.jeed.go.jp/nagasaki/poly/zaishoku/2026/5D006.html
ポリテクセンター静岡,3H031,住宅基礎の構造設計実践技術,2026-10-08,10/8(木)、9(金),残りわずか,残りわずか,https://www3.jeed.go.jp/shizuoka/poly/zaishoku/2026/3H031.html
ポリテクセンター飯塚,2M120,設計者ＣＡＥを活用した機構解析,2026-10-08,"10/8(木),9(金)",受付中,受付中,https://www3.jeed.go.jp/iizuka/poly/zaishoku/2026/2M120.html
ポリテクセンター飯塚,2M271,ＴＩＧ溶接技能クリニック,2026-10-08,"10/8(木),9(金)",受付中,受付中,https://www3.jeed.go.jp/iizuka/poly/zaishoku/2026/2M271.html
ポリテクセンター高知,5H005,実践建築設計３次元ＣＡＤ技術（設計図面とプレゼンテーション編）,2026-10-08,10/8（木）、10/9（金）,受付中,受付中,https://www3.jeed.go.jp/kochi/poly/zaishoku/2026/5H005.html
ポリテクセンター佐世保,6M005,ＴＩＧ溶接技能クリニック,2026-10-10,"10/10(土),17(土)",受付中,受付中,https://www3.jeed.go.jp/sasebo/poly/zaishoku/2026/6M005.html
ポリテクセンター加古川,E041,自家用電気工作物の高圧機器技術,2026-10-10,"10/10,11",受付中,受付中,https://www3.jeed.go.jp/kakogawa/poly/zaishoku/2026/E041.html
ポリテクセンター奈良,H351,壁装施工の実践技術,2026-10-10,10/10(土)、11(日)、12(月),受付中,受付中,https://www3.jeed.go.jp/nara/poly/zaishoku/2026/H351.html
ポリテクセンター山形,YHA10,実践建築設計２次元ＣＡＤ技術（Jｗ-CAD編）,2026-10-10,令和8年10月10日土曜日、令和8年10月11日日曜日,申込締切日令和8年9月25日,申込締切日,https://www3.jeed.go.jp/yamagata/poly/zaishoku/2026/2026/A804-004-A-6.html
ポリテクセンター新潟,1M191,半自動アーク溶接技能クリニック,2026-10-10,"10/10,17",記載なし,（空欄）,https://www3.jeed.go.jp/niigata/poly/zaishoku/2026/1M191.html
ポリテクセンター沖縄,E1070,センサを活用したＩｏＴアプリケーション開発技術,2026-10-10,令和8年10月10日（土）、令和8年10月17日（土）,受付中,受付中,https://www3.jeed.go.jp/okinawa/poly/zaishoku/2026/E1070.html
ポリテクセンター茨城,E1121,クラウド活用によるＩｏＴシステム構築技術（ＥＳＰ３２・Ｆｉｒｅｂａｓｅ編）,2026-10-10,"R8.10/10(土),11(日),12(月)",記載なし,（空欄）,https://www3.jeed.go.jp/ibaraki/poly/zaishoku/2026/E1121.html
ポリテクセンター関西,B1052,保護継電器の評価と保護協調,2026-10-10,"10/10,11",受付中,受付中,https://www3.jeed.go.jp/osaka/poly/zaishoku/B1052.html
ポリテクセンターいわき,IMAD1,設計に活かす３次元ＣＡＤソリッドモデリング技術,2026-10-13,10/13 (火)，10/14 (水)，10/15 (木),受付中,受付中,https://www3.jeed.go.jp/iwaki/poly/zaishoku/2026/IMAD1.html
ポリテクセンター京都,P0171,旋盤によるねじ切り加工技術,2026-10-13,10/13(火)～15(木),受付中,受付中,https://www3.jeed.go.jp/kyoto/poly/zaishoku/2026/P0171.html
ポリテクセンター北海道,1D320,クラウド活用によるＩｏＴシステム構築技術（ＡＷＳ編）,2026-10-13,"10月13日(火),14日(水),15日(木)",受付中,受付中,https://www3.jeed.go.jp/hokkaido/poly/zaishoku/2026/1D320.html
ポリテクセンター千葉,M1501,ＮＣ旋盤プログラミング技術,2026-10-13,"10/13,14,15,16",受付中,受付中,https://www3.jeed.go.jp/chiba/poly/zaishoku/2026/M1501.html
ポリテクセンター和歌山,F03-1,トラブル事例から学ぶ各種管の加工・接合技術,2026-10-13,10/13(火)、14(水),受付中,受付中,https://www3.jeed.go.jp/wakayama/poly/zaishoku/F03-1.html
ポリテクセンター埼玉,M042A,設計に活かす３次元CADソリッドモデリング技術,2026-10-13,"10/13,14,15,16",─,（空欄）,https://www3.jeed.go.jp/saitama/poly/worker/seminar/2026/m042a.html
ポリテクセンター奈良,M311,マシニングセンタプログラミング技術,2026-10-13,10/13(火)、14(水)、15(木)、16(金),受付中,受付中,https://www3.jeed.go.jp/nara/poly/zaishoku/2026/M311.html
ポリテクセンター奈良,M510,精密測定技術（技能エキスパート編）,2026-10-13,10/13(火)、14(水),受付中,受付中,https://www3.jeed.go.jp/nara/poly/zaishoku/2026/M510.html
ポリテクセンター宮城,MEX70,製造現場改善のＩＥ活用技術,2026-10-13,10/13（火）、10/14（水）,受付中,受付中,https://www3.jeed.go.jp/miyagi/poly/zaishoku/2026/MEX70.html
ポリテクセンター岐阜,X0301,製造現場における部下育成に必要な指導能力及び技法,2026-10-13,"10/13（火）, 14（水）",残りわずか,残りわずか,https://www3.jeed.go.jp/gifu/poly/zaishoku/X0301.html
ポリテクセンター岡山,4M309,金属材料の理論と実際（材料選定技術編）,2026-10-13,"10/13(火),14(水),29(木)",受付中 (空席:9),受付中,https://www3.jeed.go.jp/okayama/poly/zaishoku/2026/4M309.html
ポリテクセンター岡山,4M506,５Ｓによるムダ取り・改善の進め方,2026-10-13,"10/13(火),15(木)",受付中 (空席:8),受付中,https://www3.jeed.go.jp/okayama/poly/zaishoku/2026/4M506.html
ポリテクセンター島根,3D002,センサを活用したＩｏＴアプリケーション開発技術,2026-10-13,10/13(火)、14(水),記載なし,（空欄）,https://www3.jeed.go.jp/shimane/poly/zaishoku/2026/3D002.html
ポリテクセンター広島,M1001,金属材料の理論と実際（材料選定編）【オンライン活用コース】,2026-10-13,"10/13,14,16",受付中,受付中,https://www3.jeed.go.jp/hiroshima/poly/zaishoku/2026/M1001.html
ポリテクセンター新潟,1D051,ＰＬＣ制御の回路技術,2026-10-13,"10/13,14",記載なし,（空欄）,https://www3.jeed.go.jp/niigata/poly/zaishoku/2026/1D051.html
ポリテクセンター滋賀,M9082,旋盤加工技術,2026-10-13,"10/13,14,15,16",受付中,受付中,https://www3.jeed.go.jp/shiga/poly/zaishoku/2026/M9082.html
ポリテクセンター関東,M2613,フライス盤加工技術,2026-10-13,"10/13,14,15,16",受付中,受付中,https://www3.jeed.go.jp/kanagawa/poly/seminar/2026/M2613.html
ポリテクセンター関東,M4313,精密測定技術（長さ測定編）,2026-10-13,"10/13,14",受付中,受付中,https://www3.jeed.go.jp/kanagawa/poly/seminar/2026/M4313.html
ポリテクセンター関西,B5081,ＵＳＢ機器開発技術,2026-10-13,"10/13,14,15",受付中,受付中,https://www3.jeed.go.jp/osaka/poly/zaishoku/B5081.html
ポリテクセンター飯塚,2M210,マシニングセンタプログラミング技術,2026-10-13,"10/13(火),14(水),15(木),16(金)",受付中,受付中,https://www3.jeed.go.jp/iizuka/poly/zaishoku/2026/2M210.html
ポリテクセンター高知,5M011,標準原価管理とコスト低減活動,2026-10-13,10/13（火）、14（水）,受付中,受付中,https://www3.jeed.go.jp/kochi/poly/zaishoku/2026/5M011.html
ポリテクセンターいわき,IEA81,太陽電池利用技術,2026-10-14,10/14 (水)，10/15 (木),受付中,受付中,https://www3.jeed.go.jp/iwaki/poly/zaishoku/2026/IEA81.html
ポリテクセンター三重,6H012,実践建築設計２次元ＣＡＤ技術（利用編）,2026-10-14,"10/14,10/21",記載なし,（空欄）,https://www3.jeed.go.jp/mie/poly/zaishoku/2026/6H012.html
ポリテクセンター三重,6D043,有接点シーケンス制御の実践技術,2026-10-14,"10/14,10/15",記載なし,（空欄）,https://www3.jeed.go.jp/mie/poly/zaishoku/2026/6D043.html
ポリテクセンター中部,E1033,オペアンプ回路の設計・評価技術,2026-10-14,"10月14日,15日",空きがあります,受付中,https://www3.jeed.go.jp/aichi/poly/zaishoku/bango.html
ポリテクセンター中部,E4011,電気・機械技術者のための計測・制御実践技術（ＧＵＩ開発編）,2026-10-14,"10月14日,15日,16日",残りわずか,残りわずか,https://www3.jeed.go.jp/aichi/poly/zaishoku/bango.html
ポリテクセンター中部,E2011,ＨＤＬによるＬＳＩ開発技術,2026-10-14,"10月14日,15日,16日",残りわずか,残りわずか,https://www3.jeed.go.jp/aichi/poly/zaishoku/bango.html
ポリテクセンター中部,E6412,ＰＬＣ制御の応用技術,2026-10-14,"10月14日,15日",残りわずか,残りわずか,https://www3.jeed.go.jp/aichi/poly/zaishoku/bango.html
ポリテクセンター京都,P0091,有限要素法理論理解のための材料力学から有限要素法への展開,2026-10-14,10/14(水)～15(木),受付中,受付中,https://www3.jeed.go.jp/kyoto/poly/zaishoku/2026/P0091.html
ポリテクセンター佐賀,4M109,精密測定技術,2026-10-14,"10/14(水),15(木)",受付中,受付中,https://www3.jeed.go.jp/saga/poly/zaishoku/2026/4M109.html
ポリテクセンター兵庫,E322C,実践的ＰＬＣ制御技術＜データ処理命令編＞,2026-10-14,"10/14,15",残りわずか,残りわずか,https://www3.jeed.go.jp/hyogo/poly/contents/holding/2026/E322C.html
ポリテクセンター加古川,M222,半自動アーク溶接技能クリニック（板材編）,2026-10-14,"10/14,15",受付中,受付中,https://www3.jeed.go.jp/kakogawa/poly/zaishoku/2026/M222.html
ポリテクセンター北海道,1H403,実践建築設計２次元ＣＡＤ技術（Ｊｗ＿ｃａｄ 製図支援編）,2026-10-14,"10月14日(水),15日(木)",受付中,受付中,https://www3.jeed.go.jp/hokkaido/poly/zaishoku/2026/1H403.html
ポリテクセンター千葉,H1002,実践建築設計３次元ＣＡＤ技術（使用機器：3Ｄマイホームデザイナー）,2026-10-14,"10/14,15",受付中,受付中,https://www3.jeed.go.jp/chiba/poly/zaishoku/2026/H1002.html
ポリテクセンター君津,KW052,ステンレス鋼のＴＩＧ溶接技能クリニック＜板材溶接編／学科１日＋実技２日コース＞,2026-10-14,10/14（水）、10/15（木）、10/16（金）,受付中,受付中,https://www3.jeed.go.jp/kimitsu/poly/zaishoku/2026/KW052.html
ポリテクセンター埼玉,M010A,プラスチック射出成形品の設計,2026-10-14,"10/14,15,16",─,（空欄）,https://www3.jeed.go.jp/saitama/poly/worker/seminar/2026/m010a.html
ポリテクセンター埼玉,E001E,有接点シーケンス制御の実践技術,2026-10-14,"10/14,15",─,（空欄）,https://www3.jeed.go.jp/saitama/poly/worker/seminar/2026/e001e.html
ポリテクセンター富山,3D052,ＰＬＣによる電気空気圧技術,2026-10-14,"10/14,15",受付中,受付中,https://www3.jeed.go.jp/toyama/poly/zaishoku/2026/3D052.html
ポリテクセンター岐阜,W0302,ステンレス鋼のＴＩＧ溶接技能クリニック,2026-10-14,"10/14（水）,15（木）",受付中,受付中,https://www3.jeed.go.jp/gifu/poly/zaishoku/W0302.html
ポリテクセンター岐阜,E0301,ＰＬＣ制御の回路技術【ラダー編】 使用機器 三菱ＦＸシリーズ,2026-10-14,"10/14（水）,15（木）",残りわずか,残りわずか,https://www3.jeed.go.jp/gifu/poly/zaishoku/E0301.html
ポリテクセンター岡山,4M110,３次元ＣＡＤを活用したソリッドモデリング技術,2026-10-14,"10/14(水),15(木),16(金)",受付中 (空席:10),受付中,https://www3.jeed.go.jp/okayama/poly/zaishoku/2026/4M110.html
ポリテクセンター岩手,3D201,実践的ＰＬＣ制御技術,2026-10-14,"10/14(水), 15(木)",受付中,受付中,https://www3.jeed.go.jp/iwate/poly/zaishoku/2026/3D201.html
ポリテクセンター延岡,4M201,実践機械製図,2026-10-14,"10/14(水),10/15(木),10/16(金)",受付中,受付中,https://www3.jeed.go.jp/nobeoka/poly/zaishoku/2026/4M201.html
ポリテクセンター延岡,4D203,ＰＬＣプログラミング技術,2026-10-14,"10/14(水),10/15(木)",受付中,受付中,https://www3.jeed.go.jp/nobeoka/poly/zaishoku/2026/4D203.html
ポリテクセンター愛媛,4H191,インテリアパース作成実践技術,2026-10-14,"10/14(水),15(木)",受付中,受付中,https://www3.jeed.go.jp/ehime/poly/seminar/2026/4H191.html
ポリテクセンター愛媛,4M302,精密測定技術（実践測定編）,2026-10-14,"10/14(水),15(木）",受付中,受付中,https://www3.jeed.go.jp/ehime/poly/seminar/2026/4M302.html
ポリテクセンター愛媛,4D162,ＰＬＣによるタッチパネル活用技術,2026-10-14,"10/14(水),15(木)",受付中,受付中,https://www3.jeed.go.jp/ehime/poly/seminar/2026/4D162.html
ポリテクセンター新潟,1H011,トラブル事例から学ぶ各種管の加工・接合技術（各種管の加工・接合技術）,2026-10-14,"10/14,15",記載なし,（空欄）,https://www3.jeed.go.jp/niigata/poly/zaishoku/2026/1H011.html
ポリテクセンター旭川,4M071,ＮＣ旋盤プログラミング技術,2026-10-14,１０/１４(水)、１０/１５(木),受付中,受付中,https://www3.jeed.go.jp/asahikawa/poly/zaisyoku/2026/4M071.html
ポリテクセンター栃木,135-1,パルスＴＩＧ溶接実践技術,2026-10-14,"10/14,15",受付中,受付中,https://www3.jeed.go.jp/tochigi/poly/zaishoku/2026/135-1.html
ポリテクセンター滋賀,E5084,有接点シーケンス制御の実践技術,2026-10-14,"10/14,15",残席僅少,残りわずか,https://www3.jeed.go.jp/shiga/poly/zaishoku/2026/E5084.html
ポリテクセンター滋賀,X6032,生産現場で使える原価管理,2026-10-14,"10/14,15,16",受付中,受付中,https://www3.jeed.go.jp/shiga/poly/zaishoku/2026/X6032.html
ポリテクセンター滋賀,M9032,設計に活かす３次元ＣＡＤアセンブリ技術,2026-10-14,"10/14,15,16",受付中,受付中,https://www3.jeed.go.jp/shiga/poly/zaishoku/2026/M9032.html
ポリテクセンター熊本,1M301,製造現場改善のＩＥ活用技術＜生産マネジメントと実践的改善＞,2026-10-14,"10/14(水),10/15(木)",受付中,受付中,https://www3.jeed.go.jp/kumamoto/poly/zaishoku/1M301.html
ポリテクセンター石川,5D003,有接点シーケンス制御の実践技術（３日間コース）,2026-10-14,10/14.15.16,受付中,受付中,https://www3.jeed.go.jp/ishikawa/poly/zaishoku/2026/5D003.html
ポリテクセンター石川,5M452,空気圧システム制御の実務,2026-10-14,10/14.15.16,受付中,受付中,https://www3.jeed.go.jp/ishikawa/poly/zaishoku/2026/5M452.html
ポリテクセンター福井,7M111,空気圧実践技術,2026-10-14,10/14(水)・15(木)・16(金),受付中,受付中,https://www3.jeed.go.jp/fukui/poly/zaishoku/2026/7M111.html
ポリテクセンター福岡,1M521,生産設備診断技術（回転振動診断編）,2026-10-14,"10/14(水),15(木)",残りわずか,残りわずか,https://www3.jeed.go.jp/fukuoka/poly/zaishoku/2026/1M521.html
ポリテクセンター福島,FMD02,三次元測定技術,2026-10-14,10/14(水)、10/15(木),記載なし,（空欄）,https://www3.jeed.go.jp/fukushima/poly/zaishoku/2026/FMD02.html
ポリテクセンター福島,FEA07,ＰＬＣによるＦＡセンサ活用技術,2026-10-14,10/14（水）、10/15（木）,記載なし,（空欄）,https://www3.jeed.go.jp/fukushima/poly/zaishoku/2026/FEA07.html
ポリテクセンター群馬,MD062,三次元測定技術（要素測定編）,2026-10-14,"2026/10/14(水),15(木)",お問い合わせ下さい,お問い合わせ,https://www3.jeed.go.jp/gunma/poly/zaishoku/MD062.html
ポリテクセンター群馬,EA016,有接点シーケンス制御の実践技術,2026-10-14,"2026/10/14(水),15(木)",お問い合わせ下さい,お問い合わせ,https://www3.jeed.go.jp/gunma/poly/zaishoku/EA016.html
ポリテクセンター群馬,SX111,生産現場に活かす品質管理技法,2026-10-14,"2026/10/14(水),15(木)",お問い合わせ下さい,お問い合わせ,https://www3.jeed.go.jp/gunma/poly/zaishoku/SX111.html
ポリテクセンター群馬,EA272,ＰＬＣ制御の回路技術（応用命令編）,2026-10-14,"2026/10/14(水),15(木)",お問い合わせ下さい,お問い合わせ,https://www3.jeed.go.jp/gunma/poly/zaishoku/EA272.html
ポリテクセンター茨城,E2121,オープンソースプラットフォーム活用技術（Ａｎｄｒｏｉｄアプリ開発Ｊａｖａ編）,2026-10-14,"R8.10/14(水),15(木)",記載なし,（空欄）,https://www3.jeed.go.jp/ibaraki/poly/zaishoku/2026/E2121.html
ポリテクセンター茨城,M0281,生産現場に活かす品質管理技法,2026-10-14,"R8.10/14(水),15(木)",記載なし,（空欄）,https://www3.jeed.go.jp/ibaraki/poly/zaishoku/2026/M0281.html
ポリテクセンター茨城,M0103,精密測定技術,2026-10-14,"R8.10/14(水),15(木)",記載なし,（空欄）,https://www3.jeed.go.jp/ibaraki/poly/zaishoku/2026/M0103.html
ポリテクセンター関西,B2082,ディジタル回路設計技術,2026-10-14,"10/14,15,16",受付中,受付中,https://www3.jeed.go.jp/osaka/poly/zaishoku/B2082.html
ポリテクセンター静岡,3D591,基板製作に係る鉛フリーはんだ付け技術,2026-10-14,【日程変更】10/14(水)、15(木)、16(金),受付中,受付中,https://www3.jeed.go.jp/shizuoka/poly/zaishoku/2026/3D591.html
ポリテクセンター鳥取,1M110,２次元ＣＡＤによる機械製図技術,2026-10-14,"10/14(水),15(木),16(金)",受付中,受付中,https://www3.jeed.go.jp/tottori/poly/zaishoku/2026/1M110.html
ポリテクセンター中部,E6019,ＰＬＣ制御の回路技術,2026-10-15,"10月15日,16日",残りわずか,残りわずか,https://www3.jeed.go.jp/aichi/poly/zaishoku/bango.html
ポリテクセンター京都,P0201,旋削加工の理論と実際,2026-10-15,10/15(木)～16(金),受付中,受付中,https://www3.jeed.go.jp/kyoto/poly/zaishoku/2026/P0201.html
ポリテクセンター会津,AEA02,シーケンス制御による電動機制御技術,2026-10-15,10/15(木)・16(金),受付中,受付中,https://www3.jeed.go.jp/aizu/poly/zaishoku/2026/AEA02.html
ポリテクセンター会津,AHA05,省エネルギー住宅及び低炭素建築物の計画実践技術,2026-10-15,10/15(木)・16(金),受付中,受付中,https://www3.jeed.go.jp/aizu/poly/zaishoku/2026/AHA05.html
ポリテクセンター兵庫,M021B,金属材料の腐食対策,2026-10-15,"10/15,16",受付中,受付中,https://www3.jeed.go.jp/hyogo/poly/contents/holding/2026/M021B.html
ポリテクセンター兵庫,B304B,５Ｓによるムダ取り・改善の進め方,2026-10-15,"10/15,16",受付中,受付中,https://www3.jeed.go.jp/hyogo/poly/contents/holding/2026/B304B.html
ポリテクセンター函館,3H006,冷媒配管の施工と空調機器据付け技術,2026-10-15,"10/15,10/15",受付中,受付中,https://www3.jeed.go.jp/hakodate/poly/zaishoku/2026/8X3H006.html
ポリテクセンター北海道,1M106,３次元ＣＡＤを活用したアセンブリ技術（ＳｏｌｉｄＷｏｒｋｓ編）,2026-10-15,"10月15日(木),16日(金)",受付中,受付中,https://www3.jeed.go.jp/hokkaido/poly/zaishoku/2026/1M106.html
ポリテクセンター千葉,S0403,５Ｓによるムダ取り・改善の進め方,2026-10-15,"10/15,16",受付中,受付中,https://www3.jeed.go.jp/chiba/poly/zaishoku/2026/S0403.html
ポリテクセンター君津,KW063,ステンレス鋼のＴＩＧ溶接技能クリニック＜板材溶接編／実技のみ２日コース＞,2026-10-15,10/15（木）、10/16（金）,受付中,受付中,https://www3.jeed.go.jp/kimitsu/poly/zaishoku/2026/KW063.html
ポリテクセンター埼玉,E011A,センサ回路の設計技術,2026-10-15,"10/15,16",─,（空欄）,https://www3.jeed.go.jp/saitama/poly/worker/seminar/2026/e011a.html
ポリテクセンター宮城,MEA15,クラウドプラットフォーム活用技術,2026-10-15,10/15（木）、16(金),受付中,受付中,https://www3.jeed.go.jp/miyagi/poly/zaishoku/2026/MEA15.html
ポリテクセンター宮城,MHC02,冷媒配管の施工と空調機器据付け技術,2026-10-15,10/15（木）、10/16（金）,受付中,受付中,https://www3.jeed.go.jp/miyagi/poly/zaishoku/2026/MHC02.html
ポリテクセンター宮崎,3M010,【NEW】切削加工を考慮した機械設計製図,2026-10-15,令和8年10月15日（木）、10月16日（金）,受付中,受付中,https://www3.jeed.go.jp/miyazaki/poly/zaishoku/2026_A202-024-A.html
ポリテクセンター宮崎,3D009,有接点シーケンス制御の実践技術,2026-10-15,令和8年10月15日（木）、10月16日（金）,受付中,受付中,https://www3.jeed.go.jp/miyazaki/poly/zaishoku/copy_of_2026_A401-022-A.html
ポリテクセンター山形,YMB64,半自動アーク溶接技能クリニック,2026-10-15,令和8年10月15日木曜日、令和8年10月16日金曜日,申込締切日令和8年10月1日,申込締切日,https://www3.jeed.go.jp/yamagata/poly/zaishoku/2026/2026/B202-003-A-2.html
ポリテクセンター山形,YEA06,ＰＬＣによるタッチパネル活用技術,2026-10-15,令和8年10月15日木曜日、令和8年10月16日金曜日,申込締切日令和8年10月1日,申込締切日,https://www3.jeed.go.jp/yamagata/poly/zaishoku/2026/2026/A401-014-A.html
ポリテクセンター山梨,H06A,実践建築設計３次元ＣＡＤ技術,2026-10-15,10/15(木)、16(金),受付中,受付中,https://www3.jeed.go.jp/yamanashi/poly/zaishoku/2026/H06A.html
ポリテクセンター岩手,3MA31,アルミニウム合金のＴＩＧ溶接技能クリニック,2026-10-15,"10/15(木), 16(金)",受付中,受付中,https://www3.jeed.go.jp/iwate/poly/zaishoku/2026/3MA31.html
ポリテクセンター岩手,3H041,ＶＲソリューションを活用した実践建築設計３次元ＣＡＤ技術,2026-10-15,"10/15(木), 16(金)",受付中,受付中,https://www3.jeed.go.jp/iwate/poly/zaishoku/2026/3H041.html
ポリテクセンター徳島,1M102,生産現場の機械保全技術,2026-10-15,10/15(木)、10/28(水),受付中,受付中,https://www3.jeed.go.jp/tokushima/poly/zaishoku/2026/1M102.html
ポリテクセンター旭川,4M362,ステンレス鋼のＴＩＧ溶接技能クリニック,2026-10-15,１０/１５(木)、１０/１６(金),受付中,受付中,https://www3.jeed.go.jp/asahikawa/poly/zaisyoku/2026/4M362.html
ポリテクセンター熊本,1D051,オープンソースによる画像処理・認識プログラム開発,2026-10-15,"10/15(木),16(金)",受付中,受付中,https://www3.jeed.go.jp/kumamoto/poly/zaishoku/1D051.html
ポリテクセンター熊本,1H051,実践建築設計３次元ＣＡＤ技術＜プレゼンテーション編＞,2026-10-15,"10/15(木),10/16(金)",受付中,受付中,https://www3.jeed.go.jp/kumamoto/poly/zaishoku/1H051.html
ポリテクセンター福島,SGX01,品質マネジメントシステムのための内部監査技術,2026-10-15,10/15(木)、10/16(金),記載なし,（空欄）,https://www3.jeed.go.jp/fukushima/poly/zaishoku/2026/SGX01.html
ポリテクセンター福島,FHA08,実践建築設計２次元ＣＡＤ技術（建築図編）,2026-10-15,10/15（木），10/16（金）,記載なし,（空欄）,https://www3.jeed.go.jp/fukushima/poly/zaishoku/2026/FHA08.html
ポリテクセンター群馬,C122B,公差設計・解析技術,2026-10-15,"2026/10/15(木),16(金)",お問い合わせ下さい,お問い合わせ,https://www3.jeed.go.jp/gunma/poly/zaishoku/C122B.html
ポリテクセンター荒尾,2M012,２次元ＣＡＤによる機械製図技術（実践図面構築手法編）,2026-10-15,"10/15(木),10/16(金)",受付中,受付中,https://www3.jeed.go.jp/arao/poly/zaishoku/2026/2M012.html
ポリテクセンター関東,E2711,タブレット型端末を利用した通信システム構築（ＩＣＴ向けＯＳ通信技術 Ａｎｄｒｏｉｄ編）,2026-10-15,"10/15,16",受付中,受付中,https://www3.jeed.go.jp/kanagawa/poly/seminar/2026/E2711.html
ポリテクセンター関東,E3311,ディジタルサーボ制御技術,2026-10-15,"10/15,16",残りわずか,残りわずか,https://www3.jeed.go.jp/kanagawa/poly/seminar/2026/E3311.html
ポリテクセンター関東,H2211,ＲＣ構造物における構造計算技術,2026-10-15,"10/15,16",受付中,受付中,https://www3.jeed.go.jp/kanagawa/poly/seminar/2026/H2211.html
ポリテクセンター関西,C4002,精密形状測定技術,2026-10-15,"10/15,16",受付中,受付中,https://www3.jeed.go.jp/osaka/poly/zaishoku/C4002.html
ポリテクセンター徳島,1M103,空気圧機器の保全,2026-10-16,10/16(金)、10/29(木),受付中,受付中,https://www3.jeed.go.jp/tokushima/poly/zaishoku/2026/1M103.html
ポリテクセンター鹿児島,5M142,半自動アーク溶接技能クリニック（下向き溶接編）,2026-10-16,10/16(金)、10/17(土),受付中,受付中,https://www3.jeed.go.jp/kagoshima/poly/zaishoku/2026/5M142.html
ポリテクセンター兵庫,E3222,実践的ＰＬＣ制御技術＜データ処理命令編＞,2026-10-17,"10/17,18",受付中,受付中,https://www3.jeed.go.jp/hyogo/poly/contents/holding/2026/E3222.html
ポリテクセンター和歌山,M51-2,被覆アーク溶接技能クリニック,2026-10-17,10/17（土）、18（日）,受付中,受付中,https://www3.jeed.go.jp/wakayama/poly/zaishoku/M51-2.html
ポリテクセンター宮崎,3M037,アルミニウム合金のＴＩＧ溶接技能クリニック,2026-10-17,令和8年10月17日（土）、10月18日（日）,受付中,受付中,https://www3.jeed.go.jp/miyazaki/poly/zaishoku/2026_B202-009-A.html
ポリテクセンター広島,M0701,ろう付技能クリニック,2026-10-17,"10/17,18",残りわずか,残りわずか,https://www3.jeed.go.jp/hiroshima/poly/zaishoku/2026/M0701.html
ポリテクセンター広島,H1402,ドローンを活用した測量実践技術,2026-10-17,"10/17,10/18",受付中,受付中,https://www3.jeed.go.jp/hiroshima/poly/zaishoku/2026/H1402.html
ポリテクセンター新潟,1H030,実践建築設計２次元ＣＡＤ技術（ＡｕｔｏＣＡＤ編）,2026-10-17,"10/17,18",記載なし,（空欄）,https://www3.jeed.go.jp/niigata/poly/zaishoku/2026/1H030.html
ポリテクセンター滋賀,M9142,ステンレス鋼のＴＩＧ溶接技能クリニック,2026-10-17,"10/17,18",受付中,受付中,https://www3.jeed.go.jp/shiga/poly/zaishoku/2026/M9142.html
ポリテクセンター長崎,5H002,冷媒配管の施工と空調機器据付け技術,2026-10-17,"10/17(土),18(日)",受付中,受付中,https://www3.jeed.go.jp/nagasaki/poly/zaishoku/2026/5H002.html
ポリテクセンター長崎,5H122,実践建築設計２次元ＣＡＤ技術（配管編）,2026-10-17,"10/17(土),24(土)",受付中,受付中,https://www3.jeed.go.jp/nagasaki/poly/zaishoku/2026/5H122.html
ポリテクセンター静岡,3H141,住宅インテリアパース作成実践技術（パース編）,2026-10-17,10/17(土)、18(日),受付中,受付中,https://www3.jeed.go.jp/shizuoka/poly/zaishoku/2026/3H141.html
ポリテクセンター飯塚,2H080,ＢＩＭを用いた建築設計技術,2026-10-17,"10/17(土),24(土)",受付中,受付中,https://www3.jeed.go.jp/iizuka/poly/zaishoku/2026/2H080.html
ポリテクセンター香川,2M312,アルミニウム合金のＴＩＧ溶接技能クリニック,2026-10-17,10/17(土)18(日),記載なし,（空欄）,https://www3.jeed.go.jp/kagawa/poly/zaishoku/2026/2M312.html
ポリテクセンター伊勢,7H012,実践建築設計２次元ＣＡＤ技術（利用編）,2026-10-18,"10/18（火）,10/19(水)",記載なし,（空欄）,https://www3.jeed.go.jp/ise/poly/zaishoku/A804-A04-A-2.html
ポリテクセンター伊勢,7E041,電気系保全実践技術,2026-10-18,"10/18（火）,19（水）,20（木）",記載なし,（空欄）,https://www3.jeed.go.jp/ise/poly/zaishoku/X102-A01-A.html
ポリテクセンターいわき,IMD12,精密測定技術,2026-10-19,10/19 (月)，10/20 (火),受付中,受付中,https://www3.jeed.go.jp/iwaki/poly/zaishoku/2026/IMD12.html
ポリテクセンター函館,3M005,被覆アーク溶接技能クリニック,2026-10-19,"10/19,10/20",受付中,受付中,https://www3.jeed.go.jp/hakodate/poly/zaishoku/2026/8X3M005.html
ポリテクセンター加古川,M082,生産現場における現場改善技法,2026-10-19,"10/19,20,21",受付中,受付中,https://www3.jeed.go.jp/kakogawa/poly/zaishoku/2026/M082.html
ポリテクセンター千葉,H0403,電気設備のための計測技術,2026-10-19,"10/19,20",受付中,受付中,https://www3.jeed.go.jp/chiba/poly/zaishoku/2026/H0403.html
ポリテクセンター千葉,M0503,３次元ＣＡＤを活用したソリッドモデリング技術（モデリング編）,2026-10-19,"10/19,20,21",受付中,受付中,https://www3.jeed.go.jp/chiba/poly/zaishoku/2026/M0503.html
ポリテクセンター埼玉,E020A,オープンソースプラットフォーム活用技術（Android編）,2026-10-19,"10/19,20",─,（空欄）,https://www3.jeed.go.jp/saitama/poly/worker/seminar/2026/e020a.html
ポリテクセンター宮城,MHA03,インテリアコーディネート実践技術（インテリアパース編）,2026-10-19,10/19（月）、20（火）,受付中,受付中,https://www3.jeed.go.jp/miyagi/poly/zaishoku/2026/MHA03.html
ポリテクセンター富山,3D012,有接点シーケンス制御の実践技術,2026-10-19,"10/19,20",受付中,受付中,https://www3.jeed.go.jp/toyama/poly/zaishoku/2026/3D012.html
ポリテクセンター広島,M1301,鉄鋼材料の熱処理技術（標準プロセス編）【オンライン活用コース】,2026-10-19,"10/19,20,23",受付中,受付中,https://www3.jeed.go.jp/hiroshima/poly/zaishoku/2026/M1301.html
ポリテクセンター新潟,1D061,ＰＬＣ制御の応用技術,2026-10-19,"10/19,20",記載なし,（空欄）,https://www3.jeed.go.jp/niigata/poly/zaishoku/2026/1D061.html
ポリテクセンター石川,5M501,標準時間の設定と活用,2026-10-19,"10/19,20",受付中,受付中,https://www3.jeed.go.jp/ishikawa/poly/zaishoku/2026/5M501.html
ポリテクセンター福島,FMA03,３次元ＣＡＤを活用したソリッドモデリング技術,2026-10-19,10/19（月）、10/20（火）、10/21（水）,記載なし,（空欄）,https://www3.jeed.go.jp/fukushima/poly/zaishoku/2026/FMA03.html
ポリテクセンター長崎,5M020,２次元ＣＡＤによる機械製図技術（３日間コース）,2026-10-19,"10/19(月),20(火),21(水)",受付中,受付中,https://www3.jeed.go.jp/nagasaki/poly/zaishoku/2026/5M020.html
ポリテクセンター関東,M2311,ホットランナー金型設計技術,2026-10-19,"10/19,20",受付中,受付中,https://www3.jeed.go.jp/kanagawa/poly/seminar/2026/M2311.html
ポリテクセンター関東,E5811,生産現場における現場改善技法,2026-10-19,"10/19,20",受付中,受付中,https://www3.jeed.go.jp/kanagawa/poly/seminar/2026/E5811.html
ポリテクセンター関東,M1912,設計ツールによるモデリング技術【機器：ＮＸ ２５０６】,2026-10-19,"10/19,20,21",受付中,受付中,https://www3.jeed.go.jp/kanagawa/poly/seminar/2026/M1912.html
ポリテクセンター関西,B2032,オペアンプ回路の設計・評価技術,2026-10-19,"10/19,20,21",受付中,受付中,https://www3.jeed.go.jp/osaka/poly/zaishoku/B2032.html
ポリテクセンター関西,B5161,パソコンによる計測制御システム技術（ＣＯＭポート編）《使用言語：ＶＢ》,2026-10-19,"10/19,20",受付中,受付中,https://www3.jeed.go.jp/osaka/poly/zaishoku/B5161.html
ポリテクセンター香川,2M121,フライス加工の理論と実際,2026-10-19,10/19(月)10/20(火),記載なし,（空欄）,https://www3.jeed.go.jp/kagawa/poly/zaishoku/2026/2M121.html
ポリテクセンターいわき,IHA22,実践建築設計２次元ＣＡＤ技術（活用編）,2026-10-20,10/20 (火)，10/21 (水),受付中,受付中,https://www3.jeed.go.jp/iwaki/poly/zaishoku/2026/IHA22.html
ポリテクセンター三重,6M033,機械製図技術（図形編）,2026-10-20,"10/20,10/21",記載なし,（空欄）,https://www3.jeed.go.jp/mie/poly/zaishoku/2026/6M033.html
ポリテクセンター中部,M2071,フライス加工の理論と実際,2026-10-20,"10月20日,21日,22日",残りわずか,残りわずか,https://www3.jeed.go.jp/aichi/poly/zaishoku/bango.html
ポリテクセンター京都,P2505,有接点シーケンス制御の実践技術,2026-10-20,10/20(火)～21(水),受付中,受付中,https://www3.jeed.go.jp/kyoto/poly/zaishoku/2026/P2505.html
ポリテクセンター会津,AMB11,旋盤加工技術,2026-10-20,10/20(火)・21(水)・22(木),受付中,受付中,https://www3.jeed.go.jp/aizu/poly/zaishoku/2026/AMB11.html
ポリテクセンター佐賀,4M103,実践機械製図,2026-10-20,"10/20(火),21(水),22(木),23(金)",受付中,受付中,https://www3.jeed.go.jp/saga/poly/zaishoku/2026/4M103.html
ポリテクセンター函館,3H007,トラブル事例から学ぶ各種管の加工・接合技術,2026-10-20,"10/20,10/21",受付中,受付中,https://www3.jeed.go.jp/hakodate/poly/zaishoku/2026/8X3H007.html
ポリテクセンター函館,3H004,実践建築設計３次元ＣＡＤ技術,2026-10-20,"10/20,10/21",受付中,受付中,https://www3.jeed.go.jp/hakodate/poly/zaishoku/2026/8X3H004.html
ポリテクセンター北海道,1H414,【New】ＶＲソリューションを活用した実践建築設計３次元ＣＡＤ技術,2026-10-20,"10月20日(火),21日(水)",受付中,受付中,https://www3.jeed.go.jp/hokkaido/poly/zaishoku/2026/1H414.html
ポリテクセンター奈良,M101,設計に活かす３次元ＣＡＤソリッドモデリング技術,2026-10-20,10/20(火)、21(水)、22(木)、23(金),受付中,受付中,https://www3.jeed.go.jp/nara/poly/zaishoku/2026/M101.html
ポリテクセンター富山,3M210,精密形状測定技術,2026-10-20,"10/20,21",受付中,受付中,https://www3.jeed.go.jp/toyama/poly/zaishoku/2026/3M210.html
ポリテクセンター山形,YMX02,生産管理システムの活用と現場改善,2026-10-20,令和8年10月20日火曜日、令和8年10月21日水曜日,申込締切日令和8年10月5日,申込締切日,https://www3.jeed.go.jp/yamagata/poly/zaishoku/2026/2026/X301-001-A.html
ポリテクセンター岩手,3D211,ＰＬＣ制御の回路技術,2026-10-20,"10/20(火), 21(水)",受付中,受付中,https://www3.jeed.go.jp/iwate/poly/zaishoku/2026/3D211.html
ポリテクセンター島根,3D003,Ｗｅｂを活用した生産支援システム構築技術,2026-10-20,10/20(火)、21(水),記載なし,（空欄）,https://www3.jeed.go.jp/shimane/poly/zaishoku/2026/3D003.html
ポリテクセンター広島,E5202,協働ロボットプログラミング制御技術,2026-10-20,"10/20,10/21",受付中,受付中,https://www3.jeed.go.jp/hiroshima/poly/zaishoku/2026/E5202.html
ポリテクセンター延岡,4M206,ＮＣ旋盤プログラミング技術,2026-10-20,"10/20(火),10/21(水),10/22(木),10/23(金)",受付中,受付中,https://www3.jeed.go.jp/nobeoka/poly/zaishoku/2026/4M206.html
ポリテクセンター愛媛,4H022,実践建築設計２次元ＣＡＤ技術（応用編）,2026-10-20,"10/20(火),21(水）",受付中,受付中,https://www3.jeed.go.jp/ehime/poly/seminar/2026/4H022.html
ポリテクセンター栃木,120-2,旋盤加工技術（外径加工編）,2026-10-20,"10/20,21",受付中,受付中,https://www3.jeed.go.jp/tochigi/poly/zaishoku/2026/120-2.html
ポリテクセンター滋賀,M9093,フライス盤加工技術,2026-10-20,"10/20,21,22,23",受付中,受付中,https://www3.jeed.go.jp/shiga/poly/zaishoku/2026/M9093.html
ポリテクセンター熊本,1H041,ＲＣ構造物における構造計算技術,2026-10-20,"10/20(火),10/21(水)",受付中,受付中,https://www3.jeed.go.jp/kumamoto/poly/zaishoku/1H041.html
ポリテクセンター石川,5M004,実践機械製図,2026-10-20,10/20.21.22.23,受付中,受付中,https://www3.jeed.go.jp/ishikawa/poly/zaishoku/2026/5M004.html
ポリテクセンター福岡,1M322,機械組立仕上げのテクニック ★セット受講推奨★,2026-10-20,"10/20(火),21(水),22(木)",受付中,受付中,https://www3.jeed.go.jp/fukuoka/poly/zaishoku/2026/1M322.html
ポリテクセンター茨城,M0022,機械設計のための総合力学,2026-10-20,"R8.10/20(火),21(水),22(木)",記載なし,（空欄）,https://www3.jeed.go.jp/ibaraki/poly/zaishoku/2026/M0022.html
ポリテクセンター茨城,E0043,ＰＬＣプログラミング技術（操作編） 使用機器 三菱ＰＬＣ,2026-10-20,"R8.10/20(火),21(水)",記載なし,（空欄）,https://www3.jeed.go.jp/ibaraki/poly/zaishoku/2026/E0043.html
ポリテクセンター荒尾,2M013,ヒューマンエラー防止実践手法,2026-10-20,"10/20(火),10/21(水)",受付中,受付中,https://www3.jeed.go.jp/arao/poly/zaishoku/2026/2M013.html
ポリテクセンター関西,C0444,２次元ＣＡＤによる機械製図技術 《使用ソフト：AutoCAD》,2026-10-20,"10/20,21,22",残りわずか,残りわずか,https://www3.jeed.go.jp/osaka/poly/zaishoku/C0444.html
ポリテクセンター飯塚,2M100,３次元ＣＡＤを活用したアセンブリ技術,2026-10-20,"10/20(火),21(水)",受付中,受付中,https://www3.jeed.go.jp/iizuka/poly/zaishoku/2026/2M100.html
ポリテクセンター高知,5M012,ＮＣ旋盤プログラミング技術,2026-10-20,10/20（火）、21（水）,受付中,受付中,https://www3.jeed.go.jp/kochi/poly/zaishoku/2026/5M012.html
ポリテクセンター鳥取,1M251,ＴＩＧ溶接技能クリニック,2026-10-20,"10/20(火),21(水)",受付中,受付中,https://www3.jeed.go.jp/tottori/poly/zaishoku/2026/1M251.html
ポリテクセンター鹿児島,5M124,マシニングセンタプログラミング技術,2026-10-20,10/20(火)、10/21(水)、10/22(木),受付中,受付中,https://www3.jeed.go.jp/kagoshima/poly/zaishoku/2026/5M124.html
ポリテクセンター中部,E3311,組込み用ソフトウェア開発におけるプログラミングガイドライン活用技術,2026-10-21,"10月21日,22日",空きがあります,受付中,https://www3.jeed.go.jp/aichi/poly/zaishoku/bango.html
ポリテクセンター京都,P0321,油圧システムの保全技術,2026-10-21,10/21(水)～23(金),受付中,受付中,https://www3.jeed.go.jp/kyoto/poly/zaishoku/2026/P0321.html
ポリテクセンター加古川,M142,治具設計の勘どころ,2026-10-21,"10/21,22",受付中,受付中,https://www3.jeed.go.jp/kakogawa/poly/zaishoku/2026/M142.html
ポリテクセンター北海道,1M118,【New】マシニングセンタプログラミング技術,2026-10-21,"10月21日(水),22日(木)",受付中,受付中,https://www3.jeed.go.jp/hokkaido/poly/zaishoku/2026/1M118.html
ポリテクセンター北海道,1H506,【New】空調熱負荷と空気線図に基づく温熱環境計画手法,2026-10-21,"10月21日(水),22日(木)",受付中,受付中,https://www3.jeed.go.jp/hokkaido/poly/zaishoku/2026/1H506.html
ポリテクセンター千葉,E1002,電気系保全実践技術,2026-10-21,"10/21,22",受付中,受付中,https://www3.jeed.go.jp/chiba/poly/zaishoku/2026/E1002.html
ポリテクセンター千葉,H1401,ＢＩＭを用いた積算実践技術【使用機器：ヘリオス（BIM連携積算システム）】,2026-10-21,"10/21,22",受付中,受付中,https://www3.jeed.go.jp/chiba/poly/zaishoku/2026/H1401.html
ポリテクセンター埼玉,S022A,製造業におけるリスクマネジメントシステム構築技術,2026-10-21,"10/21,22",─,（空欄）,https://www3.jeed.go.jp/saitama/poly/worker/seminar/2026/s022a.html
ポリテクセンター埼玉,M044A,設計者CAEを活用した構造解析 ＜SOLIDWORKS編＞,2026-10-21,"10/21,22,23",─,（空欄）,https://www3.jeed.go.jp/saitama/poly/worker/seminar/2026/m044a.html
ポリテクセンター大分,7D102,シーケンス制御による電動機制御技術,2026-10-21,"10月21日(水),10月22日(木)",受付中,受付中,https://www3.jeed.go.jp/oita/poly/zaishoku/2026/7D102.html
ポリテクセンター山口,9H409,ＢＩＭを用いた建築生産設計技術,2026-10-21,10/21（水）、22（木）,受付中,受付中,https://www3.jeed.go.jp/yamaguchi/poly/zaishoku/2026/9H409.html
ポリテクセンター山梨,W04A,プレスブレーキによる曲げ加工実践,2026-10-21,10/21(水)、22(木),受付中,受付中,https://www3.jeed.go.jp/yamanashi/poly/zaishoku/2026/W04A.html
ポリテクセンター山梨,M10A,３次元ＣＡＤを活用したソリッドモデリング技術,2026-10-21,10/21(水)、22(木)、23(金),受付中,受付中,https://www3.jeed.go.jp/yamanashi/poly/zaishoku/2026/M10A.html
ポリテクセンター広島,P2801,旋削加工の理論と実際,2026-10-21,"10/21,22",受付中,受付中,https://www3.jeed.go.jp/hiroshima/poly/zaishoku/2026/P2801.html
ポリテクセンター愛媛,4M051,ＮＣ旋盤プログラミング技術,2026-10-21,"10/21(水),22(木)",受付中,受付中,https://www3.jeed.go.jp/ehime/poly/seminar/2026/4M051.html
ポリテクセンター滋賀,E5113,ＰＬＣ制御の回路技術,2026-10-21,"10/21,22",残席僅少,残りわずか,https://www3.jeed.go.jp/shiga/poly/zaishoku/2026/E5113.html
ポリテクセンター石川,5M502,標準作業手順書の作り方と効果的な現場運用管理,2026-10-21,"10/21,22",受付中,受付中,https://www3.jeed.go.jp/ishikawa/poly/zaishoku/2026/5M502.html
ポリテクセンター福井,7M611,新ＱＣ７つ道具活用による製造現場における品質改善・品質保証,2026-10-21,10/21(水)・22(木)・23(金),受付中,受付中,https://www3.jeed.go.jp/fukui/poly/zaishoku/2026/7M611.html
ポリテクセンター福岡,1H062,実践建築設計３次元ＣＡＤ技術（プレゼンテーション編）,2026-10-21,10/21(水)、22(木),受付中,受付中,https://www3.jeed.go.jp/fukuoka/poly/zaishoku/2026/1H062.html
ポリテクセンター福岡,1M051,機械設計のための総合力学 ★セット受講推奨★,2026-10-21,"10/21(水),22(木),23(金)",残りわずか,残りわずか,https://www3.jeed.go.jp/fukuoka/poly/zaishoku/2026/1M051.html
ポリテクセンター群馬,ED013,電子回路の計測技術,2026-10-21,"2026/10/21(水),22(木)",お問い合わせ下さい,お問い合わせ,https://www3.jeed.go.jp/gunma/poly/zaishoku/ED013.html
ポリテクセンター群馬,EA131,ＰＬＣによるＦＡネットワーク構築技術（ＣＣ－Ｌｉｎｋ編）,2026-10-21,"2026/10/21(水),22(木)",お問い合わせ下さい,お問い合わせ,https://www3.jeed.go.jp/gunma/poly/zaishoku/EA131.html
ポリテクセンター関東,H0911,住空間リフォーム設計（収納計画編）,2026-10-21,"10/21,22",受付中,受付中,https://www3.jeed.go.jp/kanagawa/poly/seminar/2026/H0911.html
ポリテクセンター関東,E1414,組込み技術者のためのプログラミング（Ｃ言語 ＩｏＴスタートアップ）,2026-10-21,"10/21,22",受付中,受付中,https://www3.jeed.go.jp/kanagawa/poly/seminar/2026/E1414.html
ポリテクセンター関西,C9403,実践機械製図（公差・はめあい・粗さ編）,2026-10-21,"10/21,22",受付中,受付中,https://www3.jeed.go.jp/osaka/poly/zaishoku/C9403.html
ポリテクセンター静岡,3D121,ＰＬＣによる電気空気圧技術,2026-10-21,10/21(水)、22(木),残りわずか,残りわずか,https://www3.jeed.go.jp/shizuoka/poly/zaishoku/2026/3D121.html
ポリテクセンター香川,2D301,クラウドプラットフォーム活用技術（ＡＷＳ編）,2026-10-21,10/21(水)22(木),記載なし,（空欄）,https://www3.jeed.go.jp/kagawa/poly/zaishoku/2026/2D301.html
ポリテクセンター香川,2M131,フライス盤加工技術,2026-10-21,10/21(水)10/22(木)10/23(金),記載なし,（空欄）,https://www3.jeed.go.jp/kagawa/poly/zaishoku/2026/2M131.html
ポリテクセンター高知,5D003,電気系保全実践技術,2026-10-21,10/21（水）、22（木）,受付中,受付中,https://www3.jeed.go.jp/kochi/poly/zaishoku/2026/5D003.html
ポリテクセンター鳥取,1M130,設計に活かす３次元ＣＡＤソリッドモデリング技術（部品設計・検証編）,2026-10-21,"10/21(水),22(木),23(金)",受付中,受付中,https://www3.jeed.go.jp/tottori/poly/zaishoku/2026/1M130.html
ポリテクセンター鳥取,1D120,ＰＬＣ制御の回路技術,2026-10-21,"10/21(水),22(木)",受付中,受付中,https://www3.jeed.go.jp/tottori/poly/zaishoku/2026/1D120.html
ポリテクセンターいわき,IMA61,幾何公差の解釈と活用実習,2026-10-22,10/22（木），10/23（金）,受付中,受付中,https://www3.jeed.go.jp/iwaki/poly/zaishoku/2026/IMA61.html
ポリテクセンターいわき,IEC21,ＬＡＮ構築施工・評価技術,2026-10-22,10/22 (木) ，10/23 (金),受付中,受付中,https://www3.jeed.go.jp/iwaki/poly/zaishoku/2026/IEC21.html
ポリテクセンター三重,6M043,機械製図技術（寸法・公差編）,2026-10-22,"10/22,10/23",記載なし,（空欄）,https://www3.jeed.go.jp/mie/poly/zaishoku/2026/6M043.html
ポリテクセンター中部,E8102,電力監視による省エネルギー対策技術,2026-10-22,"10月22日,23日",空きがあります,受付中,https://www3.jeed.go.jp/aichi/poly/zaishoku/bango.html
ポリテクセンター兵庫,M2205,ステンレス鋼のＴＩＧ溶接技能クリニック＜板材編＞,2026-10-22,"10/22,23",受付中,受付中,https://www3.jeed.go.jp/hyogo/poly/contents/holding/2026/M2205.html
ポリテクセンター兵庫,M2115,半自動アーク溶接技能クリニック＜各種姿勢編＞,2026-10-22,"10/22,23",受付中,受付中,https://www3.jeed.go.jp/hyogo/poly/contents/holding/2026/M2115.html
ポリテクセンター函館,3H005,ＢＩＭを用いた建築生産設計技術,2026-10-22,"10/22,10/23",受付中,受付中,https://www3.jeed.go.jp/hakodate/poly/zaishoku/2026/8X3H005.html
ポリテクセンター加古川,E301,ＰＬＣによるタッチパネル活用技術,2026-10-22,"10/22,23",受付中,受付中,https://www3.jeed.go.jp/kakogawa/poly/zaishoku/2026/E301.html
ポリテクセンター千葉,M1903,精密測定技術,2026-10-22,"10/22,23",受付中,受付中,https://www3.jeed.go.jp/chiba/poly/zaishoku/2026/M1903.html
ポリテクセンター和歌山,M01-1,実践機械製図（投影図寸法編）,2026-10-22,10/22(木)、23(金)、29(木)、30(金),受付中,受付中,https://www3.jeed.go.jp/wakayama/poly/zaishoku/M01-1.html
ポリテクセンター埼玉,E013B,組込み技術者のためのプログラミング（C言語習得編）,2026-10-22,"10/22,23",─,（空欄）,https://www3.jeed.go.jp/saitama/poly/worker/seminar/2026/e013b.html
ポリテクセンター奈良,E306,ＰＬＣ制御の応用技術,2026-10-22,10/22(木)、23(金),受付中,受付中,https://www3.jeed.go.jp/nara/poly/zaishoku/2026/E306.html
ポリテクセンター宮城,MMX03,伝動装置の機械保全技術（軸受・伝動機器編）,2026-10-22,10/22(木)、23(金),受付中,受付中,https://www3.jeed.go.jp/miyagi/poly/zaishoku/2026/MMX03.html
ポリテクセンター宮城,MEA32,有接点シーケンス制御の実践技術,2026-10-22,10/22（木）、10/23（金）,受付中,受付中,https://www3.jeed.go.jp/miyagi/poly/zaishoku/2026/MEA32.html
ポリテクセンター宮崎,3M011,精密測定技術,2026-10-22,令和8年10月22日（木）、10月23日（金）,受付中,受付中,https://www3.jeed.go.jp/miyazaki/poly/zaishoku/copy_of_2026_D101-001-A.html
ポリテクセンター富山,3D120,空気圧機器の保全と省エネルギー対策技術,2026-10-22,"10/22,23",受付中,受付中,https://www3.jeed.go.jp/toyama/poly/zaishoku/2026/3D120.html
ポリテクセンター山口,9M109,ＴＩＧ溶接技能クリニック（固定管）,2026-10-22,10/22（木）、23（金）,受付中,受付中,https://www3.jeed.go.jp/yamaguchi/poly/zaishoku/2026/9M109.html
ポリテクセンター山形,YMB13,切削工具と被削材の見方・選び方,2026-10-22,令和8年10月22日木曜日、令和8年10月23日金曜日,申込締切日令和8年10月7日,申込締切日,https://www3.jeed.go.jp/yamagata/poly/zaishoku/2026/2026/B101-018-B.html
ポリテクセンター山形,YEA07,ＰＬＣ制御の応用技術,2026-10-22,令和8年10月22日木曜日、令和8年10月23日金曜日,申込締切日令和8年10月7日,申込締切日,https://www3.jeed.go.jp/yamagata/poly/zaishoku/2026/2026/A401-007-A-1.html
ポリテクセンター岡山,4M121,ＮＣ旋盤プログラミング技術,2026-10-22,"10/22(木),23(金),26(月),27(火)",受付中 (空席:7),受付中,https://www3.jeed.go.jp/okayama/poly/zaishoku/2026/4M121.html
ポリテクセンター岩手,3H121,木造住宅における壁量計算技術,2026-10-22,"10/22(木), 23(金)",受付中,受付中,https://www3.jeed.go.jp/iwate/poly/zaishoku/2026/3H121.html
ポリテクセンター松本,9M511,パルスＴＩＧ溶接実践技術,2026-10-22,"10/22（木）,23（金）",受付中,受付中,https://www3.jeed.go.jp/matsumoto/poly/zaishoku/_2026/9M511.html
ポリテクセンター栃木,121-2,旋盤加工技術（内径加工編）,2026-10-22,"10/22,23",受付中,受付中,https://www3.jeed.go.jp/tochigi/poly/zaishoku/2026/121-2.html
ポリテクセンター福島,SGZ01,製造業の環境技術（ＩＳＯ１４００１内部監査技術）,2026-10-22,10/22(木)、10/23(金),記載なし,（空欄）,https://www3.jeed.go.jp/fukushima/poly/zaishoku/2026/SGZ01.html
ポリテクセンター福島,FEX01,電気系保全実践技術（リレーシーケンス編）,2026-10-22,10/22（木）、10/23（金）,記載なし,（空欄）,https://www3.jeed.go.jp/fukushima/poly/zaishoku/2026/FEX01.html
ポリテクセンター福島,FMA05,３次元ＣＡＤを活用したアセンブリ技術,2026-10-22,10/22（木）、10/23（金）,記載なし,（空欄）,https://www3.jeed.go.jp/fukushima/poly/zaishoku/2026/FMA05.html
ポリテクセンター群馬,C182B,変更点・変化点に着目したＦＭＥＡとデザインレビューによる未然防止の進め方,2026-10-22,"2026/10/22(木),23(金)",お問い合わせ下さい,お問い合わせ,https://www3.jeed.go.jp/gunma/poly/zaishoku/C182B.html
ポリテクセンター荒尾,2M014,ＮＣ旋盤プログラミング技術,2026-10-22,"10/22(木),10/23(金)",受付中,受付中,https://www3.jeed.go.jp/arao/poly/zaishoku/2026/2M014.html
ポリテクセンター長崎,5D007,低圧電気設備の保守点検技術,2026-10-22,"10/22(木),23(金)",受付中,受付中,https://www3.jeed.go.jp/nagasaki/poly/zaishoku/2026/5D007.html
ポリテクセンター関東,M2012,３次元ＣＡＤを活用したアセンブリ技術【機器：ＮＸ ２５０６】,2026-10-22,"10/22,23",受付中,受付中,https://www3.jeed.go.jp/kanagawa/poly/seminar/2026/M2012.html
ポリテクセンター関西,C0272,顧客満足度向上のためのＱＦＤ品質機能展開と製品開発技術,2026-10-22,"10/22,23",受付中,受付中,https://www3.jeed.go.jp/osaka/poly/zaishoku/C0272.html
ポリテクセンター飯塚,2H011,実践建築設計２次元ＣＡＤ技術,2026-10-22,"10/22(木),23(金)",受付中,受付中,https://www3.jeed.go.jp/iizuka/poly/zaishoku/2026/2H011.html
ポリテクセンター香川,2H711,自動火災報知設備工事の施工・保守技術（新規コース）,2026-10-22,10/22(木)23(金),記載なし,（空欄）,https://www3.jeed.go.jp/kagawa/poly/zaishoku/2026/2H711.html
ポリテクセンター高知,5M013,ＮＣ旋盤加工技術,2026-10-22,10/22（木）、23（金）,受付中,受付中,https://www3.jeed.go.jp/kochi/poly/zaishoku/2026/5M013.html
ポリテクセンター鹿児島,5H103,実践建築設計２次元ＣＡＤ技術,2026-10-22,10/22(木)、10/23(金),受付中,受付中,https://www3.jeed.go.jp/kagoshima/poly/zaishoku/2026/5H103.html
ポリテクセンター佐賀,4M123,軸受部品の機械保全技術（機械保全編）,2026-10-23,"10/23(金),30(金)",受付中,受付中,https://www3.jeed.go.jp/saga/poly/zaishoku/2026/4M123.html
ポリテクセンター三重,6M202,ステンレス鋼のＴＩＧ溶接技能クリニック,2026-10-24,"10/24,10/25",記載なし,（空欄）,https://www3.jeed.go.jp/mie/poly/zaishoku/2026/6M202.html
ポリテクセンター三重,6H052,実践建築設計３次元ＣＡＤ技術,2026-10-24,"10/24,10/25",記載なし,（空欄）,https://www3.jeed.go.jp/mie/poly/zaishoku/2026/6H052.html
ポリテクセンター奈良,H822,省エネルギー住宅及び低炭素建築物の計画実践技術,2026-10-24,10/24(土)、25(日),受付中,受付中,https://www3.jeed.go.jp/nara/poly/zaishoku/2026/H822.html
ポリテクセンター宮崎,3H029,在来木造住宅設計実践技術＜使用機器：Jw_cad＞,2026-10-24,令和8年10月24日（土）、10月25日（日）,受付中,受付中,https://www3.jeed.go.jp/miyazaki/poly/zaishoku/copy_of_2026_A804-002-A.html
ポリテクセンター山形,YHB01,寄棟屋根の製作実践技術,2026-10-24,令和8年10月24日土曜日、令和8年10月25日日曜日、令和8年12月19日土曜日,申込締切日令和8年10月8日,申込締切日,https://www3.jeed.go.jp/yamagata/poly/zaishoku/2026/2026/B402-003-A.html
ポリテクセンター広島,M1801,溶接・品質管理技術に活かす表面欠陥検出技術（浸透探傷編）,2026-10-24,"10/24,25",受付中,受付中,https://www3.jeed.go.jp/hiroshima/poly/zaishoku/2026/M1801.html
ポリテクセンター延岡,4H204,実践建築設計２次元ＣＡＤ技術（立面図編）,2026-10-24,"10/24（土）,10/25（日）",受付中,受付中,https://www3.jeed.go.jp/nobeoka/poly/zaishoku/2026/4H204.html
ポリテクセンター沖縄,H1037,施工図作成実践技術,2026-10-24,令和8年10月24日（土）、令和8年10月31日（土）,受付中,受付中,https://www3.jeed.go.jp/okinawa/poly/zaishoku/2026/H1037.html
ポリテクセンター熊本,1M251,生産現場の機械保全技術＜各種要素編＞,2026-10-24,"10/24(土),10/31(土)",受付中,受付中,https://www3.jeed.go.jp/kumamoto/poly/zaishoku/1M251.html
ポリテクセンター石川,5D124,ＰＬＣ制御の回路技術（使用機器：三菱Ｑシリーズ）（２日間コース）,2026-10-24,10/24.25,受付中,受付中,https://www3.jeed.go.jp/ishikawa/poly/zaishoku/2026/5D124.html
ポリテクセンター関東,H2512,実習で学ぶ住宅設備技術（電気設備 住宅躯体との納まりとリニューアル編）,2026-10-24,"10/24,25",受付中,受付中,https://www3.jeed.go.jp/kanagawa/poly/seminar/2026/H2512.html
ポリテクセンター鹿児島,5H130,空調設備機器の保守技術,2026-10-24,10/24(土)、10/25(日),受付中,受付中,https://www3.jeed.go.jp/kagoshima/poly/zaishoku/2026/5H130.html
ポリテクセンター伊勢,7M522,被覆アーク溶接技能クリニック,2026-10-25,"10/25（火）,26（水）",記載なし,（空欄）,https://www3.jeed.go.jp/ise/poly/zaishoku/B202-001-A-2.html
ポリテクセンターいわき,IMAE1,３次元ＣＡＤを活用したアセンブリ技術,2026-10-26,10/26 (月)，10/27 (火),受付中,受付中,https://www3.jeed.go.jp/iwaki/poly/zaishoku/2026/IMAE1.html
ポリテクセンター千葉,M0603,３次元ＣＡＤを活用したアセンブリ技術,2026-10-26,"10/26,27",受付中,受付中,https://www3.jeed.go.jp/chiba/poly/zaishoku/2026/M0603.html
ポリテクセンター埼玉,M011A,フライス盤加工応用技術（あり溝編）,2026-10-26,"10/26,27,28,29,30",─,（空欄）,https://www3.jeed.go.jp/saitama/poly/worker/seminar/2026/m011a.html
ポリテクセンター埼玉,E021A,組込みデータベースシステム開発技術,2026-10-26,"10/26,27",─,（空欄）,https://www3.jeed.go.jp/saitama/poly/worker/seminar/2026/e021a.html
ポリテクセンター宮城,MMZ02,技能継承と生産性向上のためのＯＪＴ指導者育成,2026-10-26,10/26(月)、10/27（火）,受付中,受付中,https://www3.jeed.go.jp/miyagi/poly/zaishoku/2026/MMZ02.html
ポリテクセンター石川,5D501,ＣＡＤによる電気設備の設計技術,2026-10-26,10/26.27.28,受付中,受付中,https://www3.jeed.go.jp/ishikawa/poly/zaishoku/2026/5D501.html
ポリテクセンター釧路,5D007,ＣＡＤによる電気設備の設計技術,2026-10-26,10/26（月），27（火）,記載なし,（空欄）,https://www3.jeed.go.jp/kushiro/poly/zaishoku/2026/5D007.html
ポリテクセンター関東,M1512,設計ツールによるモデリング技術【機器：ＣＡＴＩＡ Ｖ５ ２０２５】,2026-10-26,"10/26,27,28",受付中,受付中,https://www3.jeed.go.jp/kanagawa/poly/seminar/2026/M1512.html
ポリテクセンター関東,M2912,ＮＣ旋盤プログラミング技術（プログラム〜加工編）,2026-10-26,"10/26,27,28,29,30",受付中,受付中,https://www3.jeed.go.jp/kanagawa/poly/seminar/2026/M2912.html
ポリテクセンター中部,M2131,高速加工活用技術,2026-10-27,"10月27日,28日,29日",残りわずか,残りわずか,https://www3.jeed.go.jp/aichi/poly/zaishoku/bango.html
ポリテクセンター中部,E1071,ＤＣ－ＤＣコンバータ回路設計技術,2026-10-27,"10月27日,28日,29日",残りわずか,残りわずか,https://www3.jeed.go.jp/aichi/poly/zaishoku/bango.html
ポリテクセンター京都,P2513,シーケンス制御による電動機制御技術,2026-10-27,10/27(火)～28(水),受付中,受付中,https://www3.jeed.go.jp/kyoto/poly/zaishoku/2026/P2513.html
ポリテクセンター佐賀,4H404,実践建築設計２次元ＣＡＤ技術,2026-10-27,"10/27(火),28(水)",受付中,受付中,https://www3.jeed.go.jp/saga/poly/zaishoku/2026/4H404.html
ポリテクセンター佐賀,4M105,２次元ＣＡＤによる機械製図技術,2026-10-27,"10/27(火),28(水),29(木),30(金)",受付中,受付中,https://www3.jeed.go.jp/saga/poly/zaishoku/2026/4M105.html
ポリテクセンター兵庫,E5012,実践建築設計２次元ＣＡＤ技術＜電気設備図面作成編＞,2026-10-27,"10/27,28",受付中,受付中,https://www3.jeed.go.jp/hyogo/poly/contents/holding/2026/E5012.html
ポリテクセンター兵庫,M016A,工具研削実践技術（ドリル研削編）,2026-10-27,"10/27,28,29",受付中,受付中,https://www3.jeed.go.jp/hyogo/poly/contents/holding/2026/M016A.html
ポリテクセンター加古川,M132,２次元ＣＡＤによる機械製図技術,2026-10-27,"10/27,28,29",受付中,受付中,https://www3.jeed.go.jp/kakogawa/poly/zaishoku/2026/M132.html
ポリテクセンター北海道,1H410,実践建築設計２次元ＣＡＤ技術（ＡｕｔｏＣＡＤ 製図支援編）,2026-10-27,"10月27日(火),28日(水)",受付中,受付中,https://www3.jeed.go.jp/hokkaido/poly/zaishoku/2026/1H410.html
ポリテクセンター和歌山,Z07-1,製造現場における工程管理技法と改善,2026-10-27,10/27(火)、28(水),受付中,受付中,https://www3.jeed.go.jp/wakayama/poly/zaishoku/Z07-1.html
ポリテクセンター埼玉,M041B,２次元CADによる機械製図技術,2026-10-27,"10/27,28,29,30",─,（空欄）,https://www3.jeed.go.jp/saitama/poly/worker/seminar/2026/m041b.html
ポリテクセンター奈良,M401,油圧実践技術,2026-10-27,10/27(火)、28(水)、29(木),受付中,受付中,https://www3.jeed.go.jp/nara/poly/zaishoku/2026/M401.html
ポリテクセンター富山,3M220,三次元測定技術,2026-10-27,"10/27,28",受付中,受付中,https://www3.jeed.go.jp/toyama/poly/zaishoku/2026/3M220.html
ポリテクセンター富山,3D171,製造現場におけるＬＡＮ活用技術（ＴＣＰ／ＩＰ編）,2026-10-27,"10/27,28",受付中,受付中,https://www3.jeed.go.jp/toyama/poly/zaishoku/2026/3D171.html
ポリテクセンター山梨,M11A,ＮＣ旋盤プログラミング技術,2026-10-27,10/27(火)、28(水)、29(木)、30(金),受付中,受付中,https://www3.jeed.go.jp/yamanashi/poly/zaishoku/2026/M11A.html
ポリテクセンター岐阜,X0201,なぜなぜ分析による真の要因追求と現場改善,2026-10-27,"10/27（火）,28（水）",受付中,受付中,https://www3.jeed.go.jp/gifu/poly/zaishoku/X0201.html
ポリテクセンター岐阜,E0501,ＰＬＣ制御の応用技術【数値処理編】 使用機器 三菱ＦＸシリーズ,2026-10-27,"10/27（火）,28（水）",受付中,受付中,https://www3.jeed.go.jp/gifu/poly/zaishoku/E0501.html
ポリテクセンター島根,3D004,製造現場におけるＬＡＮ活用技術,2026-10-27,10/27(火)、28(水),記載なし,（空欄）,https://www3.jeed.go.jp/shimane/poly/zaishoku/2026/3D004.html
ポリテクセンター広島,E1301,実習で学ぶ漏電診断技術,2026-10-27,"10/27,28",受付中,受付中,https://www3.jeed.go.jp/hiroshima/poly/zaishoku/2026/E1301.html
ポリテクセンター延岡,4M207,マシニングセンタプログラミング技術,2026-10-27,"10/27(火),10/28(水),10/29(木),10/30(金)",受付中,受付中,https://www3.jeed.go.jp/nobeoka/poly/zaishoku/2026/4M207.html
ポリテクセンター愛媛,4H171,実践建築設計３次元ＣＡＤ技術,2026-10-27,"10/27(火),28(水)",受付中,受付中,https://www3.jeed.go.jp/ehime/poly/seminar/2026/4H171.html
ポリテクセンター愛媛,4M391,ＮＣ旋盤加工技術,2026-10-27,"10/27(火),28(水),29(木)",受付中,受付中,https://www3.jeed.go.jp/ehime/poly/seminar/2026/4M391.html
ポリテクセンター栃木,136-1,アルミニウム合金のＴＩＧ溶接技能クリニック（板材編）,2026-10-27,"10/27,28",受付中,受付中,https://www3.jeed.go.jp/tochigi/poly/zaishoku/2026/136-1.html
ポリテクセンター沖縄,M1015,ステンレス鋼のＴＩＧ溶接技能クリニック,2026-10-27,令和8年10月27日（火）、令和8年10月28日（水）,受付中,受付中,https://www3.jeed.go.jp/okinawa/poly/zaishoku/2026/M1015.html
ポリテクセンター熊本,1D171,ロボットシステム設計技術＜プログラミング・カメラ編＞,2026-10-27,"10/27(火),28(水)",受付中,受付中,https://www3.jeed.go.jp/kumamoto/poly/zaishoku/1D171.html
ポリテクセンター石川,5M342,フライス盤加工技術,2026-10-27,10/27.28.29.30,受付中,受付中,https://www3.jeed.go.jp/ishikawa/poly/zaishoku/2026/5M342.html
ポリテクセンター福井,7M243,フライス盤加工技術,2026-10-27,10/27(火)・28(水)・29(木),受付中,受付中,https://www3.jeed.go.jp/fukui/poly/zaishoku/2026/7M243.html
ポリテクセンター福岡,1M352,フライス盤加工技術 ★セット受講推奨★,2026-10-27,"10/27(火),28(水),29(木),30(金)",受付中,受付中,https://www3.jeed.go.jp/fukuoka/poly/zaishoku/2026/1M352.html
ポリテクセンター米子,2M004,被覆アーク溶接技能クリニック,2026-10-27,令和8年10月27日(火)、10月28日(水),受付中,受付中,https://www3.jeed.go.jp/yonago/poly/zaishoku/2026/2M004.html
ポリテクセンター茨城,M0013,実践機械製図,2026-10-27,"R8.10/27(火),28(水),29(木)",記載なし,（空欄）,https://www3.jeed.go.jp/ibaraki/poly/zaishoku/2026/M0013.html
ポリテクセンター関西,B2072,センサ回路の設計技術,2026-10-27,"10/27,28,29",受付中,受付中,https://www3.jeed.go.jp/osaka/poly/zaishoku/B2072.html
ポリテクセンター関西,C7002,マーケティング手法を用いた製品創造技法,2026-10-27,"10/27,28",受付中,受付中,https://www3.jeed.go.jp/osaka/poly/zaishoku/C7002.html
ポリテクセンター関西,C0561,３次元ＣＡＤを活用したサーフェスモデリング技術 《使用ソフト：Creo》,2026-10-27,"10/27,28,29",受付中,受付中,https://www3.jeed.go.jp/osaka/poly/zaishoku/C0561.html
ポリテクセンター静岡,3H221,電気設備ＣＡＤを用いた３次元モデリング技術,2026-10-27,10/27(火)、28(水),受付中,受付中,https://www3.jeed.go.jp/shizuoka/poly/zaishoku/2026/3H221.html
ポリテクセンター飯塚,2M151,精密測定技術（実践測定編）,2026-10-27,"10/27(火),28(水)",受付中,受付中,https://www3.jeed.go.jp/iizuka/poly/zaishoku/2026/2M151.html
ポリテクセンター香川,2H112,室内環境測定の実践技術,2026-10-27,10/27(火)28(水),記載なし,（空欄）,https://www3.jeed.go.jp/kagawa/poly/zaishoku/2026/2H112.html
ポリテクセンターいわき,IEC42,自家用電気工作物の施工技術,2026-10-28,10/28 (水)，10/29 (木)，10/30 (金),受付中,受付中,https://www3.jeed.go.jp/iwaki/poly/zaishoku/2026/IEC42.html
ポリテクセンター三重,6D101,ＰＬＣ制御の回路技術,2026-10-28,"10/28,10/29",記載なし,（空欄）,https://www3.jeed.go.jp/mie/poly/zaishoku/2026/6D101.html
ポリテクセンター中部,M1292,実践 公差設計技術,2026-10-28,"10月28日,29日",空きがあります,受付中,https://www3.jeed.go.jp/aichi/poly/zaishoku/bango.html
ポリテクセンター伊勢,7M081,ＮＣ旋盤プログラミング技術,2026-10-28,"10/28(金),10/31(月),11/1(火),11/2(水)",記載なし,（空欄）,https://www3.jeed.go.jp/ise/poly/zaishoku/B102-008-A.html
ポリテクセンター会津,SMB81,【白河市会場】マシニングセンタプログラミング技術（穴加工サイクル編）,2026-10-28,10/28(水)・29(木),受付中,受付中,https://www3.jeed.go.jp/aizu/poly/zaishoku/2026/SMB81.html
ポリテクセンター兵庫,M023B,油圧実践技術,2026-10-28,"10/28,29,30",残りわずか,残りわずか,https://www3.jeed.go.jp/hyogo/poly/contents/holding/2026/M023B.html
ポリテクセンター兵庫,B312B,生産活動における課題解決の進め方,2026-10-28,"10/28,29",受付中,受付中,https://www3.jeed.go.jp/hyogo/poly/contents/holding/2026/B312B.html
ポリテクセンター北海道,1M119,【New】マシニングセンタ加工技術,2026-10-28,"10月28日(水),29日(木)",受付中,受付中,https://www3.jeed.go.jp/hokkaido/poly/zaishoku/2026/1M119.html
ポリテクセンター千葉,E3002,組込みデータベースシステム開発技術,2026-10-28,"10/28,29",受付中,受付中,https://www3.jeed.go.jp/chiba/poly/zaishoku/2026/E3002.html
ポリテクセンター千葉,W0401,金属材料の熱処理技術,2026-10-28,"10/28,29,30",受付中,受付中,https://www3.jeed.go.jp/chiba/poly/zaishoku/2026/W0401.html
ポリテクセンター千葉,M0303,２次元ＣＡＤによる機械製図技術（作図編）,2026-10-28,"10/28,29,30",受付中,受付中,https://www3.jeed.go.jp/chiba/poly/zaishoku/2026/M0303.html
ポリテクセンター千葉,H1501,ＢＩＭを用いた建築生産設計技術（躯体施工図）【使用機器：ＧＬＯＯＢＥＣｏｎｓｔｒｕｃｔｉｏｎ】,2026-10-28,"10/28,29",受付中,受付中,https://www3.jeed.go.jp/chiba/poly/zaishoku/2026/H1501.html
ポリテクセンター埼玉,E003A,電気系保全実践技術,2026-10-28,"10/28,29",─,（空欄）,https://www3.jeed.go.jp/saitama/poly/worker/seminar/2026/e003a.html
ポリテクセンター山形,YMX01,生産現場の機械保全技術（機械要素編）,2026-10-28,令和8年10月28日水曜日、令和8年10月29日木曜日、令和8年10月30日金曜日,申込締切日令和8年10月14日,申込締切日,https://www3.jeed.go.jp/yamagata/poly/zaishoku/2026/2026/X101-001-A.html
ポリテクセンター広島,H1001,実践建築設計３次元ＣＡＤ技術（活用編）,2026-10-28,"10/28,10/29",受付中,受付中,https://www3.jeed.go.jp/hiroshima/poly/zaishoku/2026/H1001.html
ポリテクセンター愛媛,4D153,有接点シーケンス制御の実践技術,2026-10-28,"10/28(水),29(木)",受付中,受付中,https://www3.jeed.go.jp/ehime/poly/seminar/2026/4D153.html
ポリテクセンター旭川,4M061,フライス盤加工技術,2026-10-28,１０/２８(水)、１０/２９(木),受付中,受付中,https://www3.jeed.go.jp/asahikawa/poly/zaisyoku/2026/4M061.html
ポリテクセンター栃木,103-2,設計に活かす３次元ＣＡＤソリッドモデリング技術（Ｓコース）,2026-10-28,"10/28,29,30",受付中,受付中,https://www3.jeed.go.jp/tochigi/poly/zaishoku/2026/103-2.html
ポリテクセンター石川,5M471,油圧システムの保全技術,2026-10-28,10/28.29.30,受付中,受付中,https://www3.jeed.go.jp/ishikawa/poly/zaishoku/2026/5M471.html
ポリテクセンター福岡,1D702,製造現場におけるＬＡＮ活用技術,2026-10-28,"10/28(水),29(木)",受付中,受付中,https://www3.jeed.go.jp/fukuoka/poly/zaishoku/2026/1D702.html
ポリテクセンター福岡,1H082,ＢＩＭを用いた建築設計技術,2026-10-28,10/28(水)、29(木）,受付中,受付中,https://www3.jeed.go.jp/fukuoka/poly/zaishoku/2026/1H082.html
ポリテクセンター群馬,EA022,シーケンス制御による電動機制御技術,2026-10-28,"2026/10/28(水),29(木)",お問い合わせ下さい,お問い合わせ,https://www3.jeed.go.jp/gunma/poly/zaishoku/EA022.html
ポリテクセンター群馬,MA063,実践機械製図（各種投影法の習得）,2026-10-28,"2026/10/28(水),29(木),30(金)",お問い合わせ下さい,お問い合わせ,https://www3.jeed.go.jp/gunma/poly/zaishoku/MA063.html
ポリテクセンター群馬,EA362,ＰＬＣプログラミング技術（キーエンス編）,2026-10-28,"2026/10/28(水),29(木)",お問い合わせ下さい,お問い合わせ,https://www3.jeed.go.jp/gunma/poly/zaishoku/EA362.html
ポリテクセンター茨城,E1301,センサを活用したＩｏＴアプリケーション開発技術（ＥＳＰ３２サーバ・Ａｍｂｉｅｎｔ編）,2026-10-28,"R8.10/28(水),29(木)",記載なし,（空欄）,https://www3.jeed.go.jp/ibaraki/poly/zaishoku/2026/E1301.html
ポリテクセンター関西,C6074,伝動装置の機械保全技術,2026-10-28,"10/28,29,30",残りわずか,残りわずか,https://www3.jeed.go.jp/osaka/poly/zaishoku/C6074.html
ポリテクセンター関西,C2942,実験計画法を活用した生産プロセスと品質の改善,2026-10-28,"10/28,29,30",受付中,受付中,https://www3.jeed.go.jp/osaka/poly/zaishoku/C2942.html
ポリテクセンター青森,PM021,生産現場の機械保全技術,2026-10-28,"10/28,10/29",受付中,受付中,https://www3.jeed.go.jp/aomori/poly/zaishoku/2026/PM021.html
ポリテクセンター鳥取,1M140,設計に活かす３次元ＣＡＤアセンブリ技術,2026-10-28,"10/28(水),29(木),30(金)",受付中,受付中,https://www3.jeed.go.jp/tottori/poly/zaishoku/2026/1M140.html
ポリテクセンター三重,6M074,精密測定技術,2026-10-29,"10/29,10/30",記載なし,（空欄）,https://www3.jeed.go.jp/mie/poly/zaishoku/2026/6M074.html
ポリテクセンター中部,E3861,モデルベース開発によるＤＣサーボモータの制御系実装モデル設計技術,2026-10-29,"10月29日,30日",空きがあります,受付中,https://www3.jeed.go.jp/aichi/poly/zaishoku/bango.html
ポリテクセンター会津,AEX02,実践的ＰＬＣ制御技術,2026-10-29,10/29(木)・30(金),受付中,受付中,https://www3.jeed.go.jp/aizu/poly/zaishoku/2026/AEX02.html
ポリテクセンター佐賀,4D310,ＰＬＣプログラミング技術,2026-10-29,"10/29(木),30(金)",残り僅か,残りわずか,https://www3.jeed.go.jp/saga/poly/zaishoku/2026/4D310.html
ポリテクセンター兵庫,H106A,ＢＩＭを用いた積算実践技術,2026-10-29,"10/29,30",受付中,受付中,https://www3.jeed.go.jp/hyogo/poly/contents/holding/2026/H106A.html
ポリテクセンター北海道,1M508,生産現場に活かす品質管理技法（表計算ソフトによるＱＣ７つ道具活用編）,2026-10-29,"10月29日(木),30日(金)",受付中,受付中,https://www3.jeed.go.jp/hokkaido/poly/zaishoku/2026/1M508.html
ポリテクセンター千葉,H0702,建築設備機器廻りの配管施工・保守技術,2026-10-29,"10/29,30",受付中,受付中,https://www3.jeed.go.jp/chiba/poly/zaishoku/2026/H0702.html
ポリテクセンター埼玉,E009A,マイコン制御システム開発技術（RL78編）,2026-10-29,"10/29,30",─,（空欄）,https://www3.jeed.go.jp/saitama/poly/worker/seminar/2026/e009a.html
ポリテクセンター埼玉,E027A,製造現場におけるLAN活用技術（外部接続実践編）,2026-10-29,"10/29,30",─,（空欄）,https://www3.jeed.go.jp/saitama/poly/worker/seminar/2026/e027a.html
ポリテクセンター宮城,MMD02,精密測定技術,2026-10-29,10/29（木）、10/30（金）,受付中,受付中,https://www3.jeed.go.jp/miyagi/poly/zaishoku/2026/MMD02.html
ポリテクセンター山口,9M204,２次元ＣＡＤによる機械製図技術,2026-10-29,10/29（木）、30（金）,受付中,受付中,https://www3.jeed.go.jp/yamaguchi/poly/zaishoku/2026/9M204.html
ポリテクセンター山形,YMB73,パルスＴＩＧ溶接実践技術,2026-10-29,令和8年10月29日木曜日、令和8年10月30日金曜日,申込締切日令和8年10月15日,申込締切日,https://www3.jeed.go.jp/yamagata/poly/zaishoku/2026/2026/B202-008-A.html
ポリテクセンター岐阜,W0202,半自動アーク溶接技能クリニック,2026-10-29,"10/29（木）,30（金）",受付中,受付中,https://www3.jeed.go.jp/gifu/poly/zaishoku/W0202.html
ポリテクセンター岡山,4H109,地理情報システムの運用技術,2026-10-29,"10/29(木),30(金)",受付中,受付中,https://www3.jeed.go.jp/okayama/poly/zaishoku/2026/4H109.html
ポリテクセンター新潟,1D070,ＰＬＣプログラミング技術（ＰＬＣラダープログラミングの定石）,2026-10-29,"10/29,30",記載なし,（空欄）,https://www3.jeed.go.jp/niigata/poly/zaishoku/2026/1D070.html
ポリテクセンター滋賀,X6052,仕事と人を動かす現場監督者の育成,2026-10-29,"10/29,30",残席僅少,残りわずか,https://www3.jeed.go.jp/shiga/poly/zaishoku/2026/X6052.html
ポリテクセンター熊本,1D181,ディープラーニングによる物体検出技術,2026-10-29,"10/29(木),30(金)",受付中,受付中,https://www3.jeed.go.jp/kumamoto/poly/zaishoku/1D181.html
ポリテクセンター福島,FHA10,実践建築設計２次元ＣＡＤ技術（設備図編）,2026-10-29,10/29（木），10/30（金）,記載なし,（空欄）,https://www3.jeed.go.jp/fukushima/poly/zaishoku/2026/FHA10.html
ポリテクセンター釧路,5M002,生産現場に活かす品質管理技法,2026-10-29,"10/29（木）,30（金） ※6/2（火），3（水）から変更",記載なし,（空欄）,https://www3.jeed.go.jp/kushiro/poly/zaishoku/2026/5M002.html
ポリテクセンター長崎,5H151,ＢＩＭを用いた建築設計技術,2026-10-29,"10/29(木),30(金)",受付中,受付中,https://www3.jeed.go.jp/nagasaki/poly/zaishoku/2026/5H151.html
ポリテクセンター長野,8H012,実践建築設計３次元ＣＡＤ技術<ARCHITREND ZERO申請編>,2026-10-29,"10/29(木),30(金)",受付中,受付中,https://www3.jeed.go.jp/nagano/poly/zaishoku/2026/8H012.html
ポリテクセンター関東,E4411,協働ロボットプログラミング制御技術,2026-10-29,"10/29,30",残りわずか,残りわずか,https://www3.jeed.go.jp/kanagawa/poly/seminar/2026/E4411.html
ポリテクセンター関東,M1612,３次元ＣＡＤを活用したアセンブリ技術【機器：ＣＡＴＩＡ Ｖ５ ２０２５】,2026-10-29,"10/29,30",受付中,受付中,https://www3.jeed.go.jp/kanagawa/poly/seminar/2026/M1612.html
ポリテクセンター佐世保,6D004,自家用電気工作物の施工技術,2026-10-31,"10/31(土),11/7(土),14(土)",受付中,受付中,https://www3.jeed.go.jp/sasebo/poly/zaishoku/2026/6D004.html
ポリテクセンター和歌山,E04-1,ＰＬＣによるタッチパネル活用技術,2026-10-31,10/31(土)、11/1(日),受付中,受付中,https://www3.jeed.go.jp/wakayama/poly/zaishoku/E04-1.html
ポリテクセンター山口,9M105,半自動アーク溶接技能クリニック,2026-10-31,10/31（土）、11/1（日）,受付中,受付中,https://www3.jeed.go.jp/yamaguchi/poly/zaishoku/2026/9M105.html
ポリテクセンター山形,YHA11,実践建築設計２次元ＣＡＤ技術（Auto-CAD編）,2026-10-31,令和8年10月31日土曜日、令和8年11月1日日曜日,申込締切日令和8年10月16日,申込締切日,https://www3.jeed.go.jp/yamagata/poly/zaishoku/2026/2026/A804-004-A-3.html
ポリテクセンター松本,9M541,被覆アーク溶接技能クリニック,2026-10-31,"10/31（土）,11/1（日）",受付中,受付中,https://www3.jeed.go.jp/matsumoto/poly/zaishoku/_2026/9M541.html
ポリテクセンター長崎,5H082,自家用電気工作物の施工技術,2026-10-31,"10/31(土),11/7(土),14(土)",受付中,受付中,https://www3.jeed.go.jp/nagasaki/poly/zaishoku/2026/5H082.html
ポリテクセンター鹿児島,5H120,トラブル事例から学ぶ各種管の加工・接合技術,2026-10-31,10/31(土)、11/1(日),受付中,受付中,https://www3.jeed.go.jp/kagoshima/poly/zaishoku/2026/5H120.html
ポリテクセンター伊勢,7M531,ＴＩＧ溶接技能クリニック,2026-11-01,"11/1（火）,2（水）",記載なし,（空欄）,https://www3.jeed.go.jp/ise/poly/zaishoku/B202-006-A.html
ポリテクセンター中部,E3072,マイコン制御システム開発技術,2026-11-04,"11月4日,5日,6日",空きがあります,受付中,https://www3.jeed.go.jp/aichi/poly/zaishoku/bango.html
ポリテクセンター中部,M4031,油圧回路設計の実践技術,2026-11-04,"11月4日,5日,6日",残りわずか,残りわずか,https://www3.jeed.go.jp/aichi/poly/zaishoku/bango.html
ポリテクセンター中部,E4002,電気・機械技術者のための計測・制御プログラミング,2026-11-04,"11月4日,5日,6日",空きがあります,受付中,https://www3.jeed.go.jp/aichi/poly/zaishoku/bango.html
ポリテクセンター中部,M7161,ＪＩＳＱ９１００対応に向けた品質管理能力の強化,2026-11-04,"11月4日,5日,6日",空きがあります,受付中,https://www3.jeed.go.jp/aichi/poly/zaishoku/bango.html
ポリテクセンター京都,P0082,設計に活かす３次元ＣＡＤアセンブリ技術（構想・組立編）（SolidWorks）,2026-11-04,11/4(水)～6(金),受付中,受付中,https://www3.jeed.go.jp/kyoto/poly/zaishoku/2026/P0082.html
ポリテクセンター京都,P2533,ＰＬＣによる自動化制御技術,2026-11-04,11/4(水)～6(金),受付中,受付中,https://www3.jeed.go.jp/kyoto/poly/zaishoku/2026/P2533.html
ポリテクセンター兵庫,E300G,有接点シーケンス制御の実践技術,2026-11-04,"11/4,5,6",受付中,受付中,https://www3.jeed.go.jp/hyogo/poly/contents/holding/2026/E300G.html
ポリテクセンター兵庫,M0063,２次元ＣＡＤによる機械製図技術,2026-11-04,"11/4,5,6",受付中,受付中,https://www3.jeed.go.jp/hyogo/poly/contents/holding/2026/M0063.html
ポリテクセンター大分,7H208,冷凍空調設備の故障診断と予防保全,2026-11-04,"11月4日(水),12月5日(土)",受付中,受付中,https://www3.jeed.go.jp/oita/poly/zaishoku/2026/7H208.html
ポリテクセンター宮城,MMB65,ＴＩＧ溶接技能クリニック（各種材料施工編）,2026-11-04,11/4（水）、5（木）,受付中,受付中,https://www3.jeed.go.jp/miyagi/poly/zaishoku/2026/MMB65.html
ポリテクセンター富山,3D161,太陽光発電システムのメンテナンス技術,2026-11-04,"11/4,5",受付中,受付中,https://www3.jeed.go.jp/toyama/poly/zaishoku/2026/3D161.html
ポリテクセンター山口,9H406,ＢＩＭを用いた建築設計技術,2026-11-04,11/4（水）、5（木）,受付中,受付中,https://www3.jeed.go.jp/yamaguchi/poly/zaishoku/2026/9H406.html
ポリテクセンター山形,YHB02,木材加工技術における問題解決法と品質の向上,2026-11-04,令和8年11月4日水曜日、令和8年11月5日木曜日、令和8年11月6日金曜日,申込締切日令和8年10月20日,申込締切日,https://www3.jeed.go.jp/yamagata/poly/zaishoku/2026/2026/B401-004-A.html
ポリテクセンター岡山,4M302,半自動アーク溶接技能クリニック,2026-11-04,"11/4(水),5(木)",受付中 (空席:7),受付中,https://www3.jeed.go.jp/okayama/poly/zaishoku/2026/4M302.html
ポリテクセンター広島,H0102,実践建築設計２次元ＣＡＤ技術（一般図編）,2026-11-04,"11/4,11/5",受付中,受付中,https://www3.jeed.go.jp/hiroshima/poly/zaishoku/2026/H0102.html
ポリテクセンター徳島,1M111,ステンレス鋼のＴＩＧ溶接技能クリニック,2026-11-04,11/4(水)、11/5(木),受付中,受付中,https://www3.jeed.go.jp/tokushima/poly/zaishoku/2026/1M111.html
ポリテクセンター愛媛,4M012,精密測定技術（ばらつきの原因と対策）,2026-11-04,"11/4(水),5(木）",受付中,受付中,https://www3.jeed.go.jp/ehime/poly/seminar/2026/4M012.html
ポリテクセンター滋賀,E5085,有接点シーケンス制御の実践技術,2026-11-04,"11/4,5",残席僅少,残りわずか,https://www3.jeed.go.jp/shiga/poly/zaishoku/2026/E5085.html
ポリテクセンター石川,5M112,精密測定技術（計測器管理技術編）,2026-11-04,11/4.5,受付中,受付中,https://www3.jeed.go.jp/ishikawa/poly/zaishoku/2026/5M112.html
ポリテクセンター石川,5D122,ＰＬＣ制御の回路技術（使用機器：三菱Ｑシリーズ）（３日間コース）,2026-11-04,"11/4,5,6",受付中,受付中,https://www3.jeed.go.jp/ishikawa/poly/zaishoku/2026/5D122.html
ポリテクセンター福井,7M342,マシニングセンタプログラミング技術,2026-11-04,11/4(水)・5(木),受付中,受付中,https://www3.jeed.go.jp/fukui/poly/zaishoku/2026/7M342.html
ポリテクセンター福島,FGX12,生産現場における現場改善技法,2026-11-04,11/4(水)、11/5(木),記載なし,（空欄）,https://www3.jeed.go.jp/fukushima/poly/zaishoku/2026/FGX12.html
ポリテクセンター関東,H3511,冷凍空調設備の故障診断と予防保全,2026-11-04,"11/4,9 ＜1日目はオンライン受講、2日目は対面受講です＞",受付中,受付中,https://www3.jeed.go.jp/kanagawa/poly/seminar/2026/H3511.html
ポリテクセンター香川,2H902,冷凍設備の保全技術,2026-11-04,11/4(水)5(木),記載なし,（空欄）,https://www3.jeed.go.jp/kagawa/poly/zaishoku/2026/2H902.html
ポリテクセンターいわき,IEA11,有接点シーケンス制御の実践技術,2026-11-05,11/5 (木)，11/6 (金),受付中,受付中,https://www3.jeed.go.jp/iwaki/poly/zaishoku/2026/IEA11.html
ポリテクセンター三重,6M105,フライス盤加工技術（六面体加工編）,2026-11-05,"11/5,11/6",記載なし,（空欄）,https://www3.jeed.go.jp/mie/poly/zaishoku/2026/copy_of_6M104.html
ポリテクセンター三重,6D082,ＰＬＣ制御の回路技術,2026-11-05,"11/5,11/6",記載なし,（空欄）,https://www3.jeed.go.jp/mie/poly/zaishoku/2026/6D082.html
ポリテクセンター会津,SMB51,【白河市会場】ＮＣ旋盤プログラミング技術（複合固定サイクル編）,2026-11-05,11/5(木)・6(金),受付中,受付中,https://www3.jeed.go.jp/aizu/poly/zaishoku/2026/SMB51.html
ポリテクセンター佐賀,4H410,トラブル事例から学ぶ各種管の加工・接合技術,2026-11-05,"11/5(木),6(金)",受付中,受付中,https://www3.jeed.go.jp/saga/poly/zaishoku/2026/4H410.html
ポリテクセンター佐賀,4D304,有接点シーケンス制御の実践技術,2026-11-05,"11/5(木),6(金)",受付中,受付中,https://www3.jeed.go.jp/saga/poly/zaishoku/2026/4D304.html
ポリテクセンター函館,3M007,ステンレス鋼のＴＩＧ溶接技能クリニック,2026-11-05,"11/5,11/6",受付中,受付中,https://www3.jeed.go.jp/hakodate/poly/zaishoku/2026/8X3M007.html
ポリテクセンター千葉,M0402,２次元ＣＡＤによる機械製図技術（環境設定編）,2026-11-05,"11/5,6",受付中,受付中,https://www3.jeed.go.jp/chiba/poly/zaishoku/2026/M0402.html
ポリテクセンター君津,KG012,仕事と人を動かす現場監督者の育成,2026-11-05,11/5（木）、11/6（金）,受付中,受付中,https://www3.jeed.go.jp/kimitsu/poly/zaishoku/2026/KG012.html
ポリテクセンター埼玉,M001A,旋盤セットコース２ （旋盤加工応用技術＆旋盤加工技術）,2026-11-05,"11/5,6,9,10 11/11,12,13",─,（空欄）,https://www3.jeed.go.jp/saitama/poly/worker/seminar/2026/m001a.html
ポリテクセンター埼玉,E026C,製造現場におけるLAN活用技術（LAN設定編）,2026-11-05,"11/5,6",─,（空欄）,https://www3.jeed.go.jp/saitama/poly/worker/seminar/2026/e026c.html
ポリテクセンター奈良,E310,実践的ＰＬＣ制御技術,2026-11-05,11/5(水)、6(木),受付中,受付中,https://www3.jeed.go.jp/nara/poly/zaishoku/2026/E310.html
ポリテクセンター宮崎,3D011,シーケンス制御による電動機制御技術,2026-11-05,"令和8年11月5日（木）,11月6日（金）",受付中,受付中,https://www3.jeed.go.jp/miyazaki/poly/zaishoku/copy_of_2026_A401-002-A.html
ポリテクセンター山梨,E06A,マイコン制御システム開発技術,2026-11-05,11/5(木)、6(金),受付中,受付中,https://www3.jeed.go.jp/yamanashi/poly/zaishoku/2026/E06A.html
ポリテクセンター広島,P0901,設計に活かす３次元ＣＡＤ活用術（応用編：ＣＡＤ機能による設計の効率化）,2026-11-05,"11/5,6",受付中,受付中,https://www3.jeed.go.jp/hiroshima/poly/zaishoku/2026/P0901.html
ポリテクセンター広島,E3103,ＰＬＣ制御の回路技術（ランプ制御編）,2026-11-05,"11/5,6",受付中,受付中,https://www3.jeed.go.jp/hiroshima/poly/zaishoku/2026/E3103.html
ポリテクセンター松本,9D003,有接点シーケンス制御の実践技術,2026-11-05,11/5（木）、6（金）,受付中,受付中,https://www3.jeed.go.jp/matsumoto/poly/zaishoku/_2026/9D003.html
ポリテクセンター栃木,405-1,製造現場担当者の実践力向上（職場のリーダーを目指そう）,2026-11-05,"11/5,6",受付中,受付中,https://www3.jeed.go.jp/tochigi/poly/zaishoku/2026/405-1.html
ポリテクセンター熊本,1D202,基板製作に係る鉛フリーはんだ付け技術,2026-11-05,"11/5(木),6(金)",受付中,受付中,https://www3.jeed.go.jp/kumamoto/poly/zaishoku/1D202.html
ポリテクセンター福岡,1M143,３次元ＣＡＤを活用したアセンブリ技術 ★セット受講推奨★,2026-11-05,"11/5(木),6(金)",受付中,受付中,https://www3.jeed.go.jp/fukuoka/poly/zaishoku/2026/1M143.html
ポリテクセンター福岡,1H121,ＢＩＭオブジェクト作成と効率的な活用実践技術（ファミリ編） ★セット受講推奨★,2026-11-05,11/5(木)、6(金),受付中,受付中,https://www3.jeed.go.jp/fukuoka/poly/zaishoku/2026/1H121.html
ポリテクセンター秋田,4HK12,実践建築設計２次元ＣＡＤ技術（Jw_cad編）,2026-11-05,"11/5(木),6(金)",受付中,受付中,https://www3.jeed.go.jp/akita/poly/zaishoku/2026/4HK12.html
ポリテクセンター米子,2M501,３Ｄプリンタを用いた製品試作における造形技術,2026-11-05,令和8年11月5日(木)、11月6日(金),受付中,受付中,https://www3.jeed.go.jp/yonago/poly/zaishoku/2026/2M501.html
ポリテクセンター群馬,MD071,三次元測定機による幾何偏差の測定技術,2026-11-05,"2026/11/5(木),6(金)",お問い合わせ下さい,お問い合わせ,https://www3.jeed.go.jp/gunma/poly/zaishoku/MD071.html
ポリテクセンター群馬,EA061,ＰＬＣによるタッチパネル活用技術,2026-11-05,"2026/11/5(木),6(金)",お問い合わせ下さい,お問い合わせ,https://www3.jeed.go.jp/gunma/poly/zaishoku/EA061.html
ポリテクセンター茨城,M0421,機械装置の安全設計のポイント（疑似体験装置実習）,2026-11-05,"R8.11/5(木),6(金)",記載なし,（空欄）,https://www3.jeed.go.jp/ibaraki/poly/zaishoku/2026/M0421.html
ポリテクセンター関東,E0613,ディジタル回路設計技術,2026-11-05,"11/5,6",受付中,受付中,https://www3.jeed.go.jp/kanagawa/poly/seminar/2026/E0613.html
ポリテクセンター関東,E0812,基板製作に係る鉛フリーはんだ付け技術（鉛フリーはんだ付け編）,2026-11-05,"11/5,6",残りわずか,残りわずか,https://www3.jeed.go.jp/kanagawa/poly/seminar/2026/E0812.html
ポリテクセンター関西,B2013,トランジスタ回路の設計・評価技術,2026-11-05,"11/5,6",残りわずか,残りわずか,https://www3.jeed.go.jp/osaka/poly/zaishoku/B2013.html
ポリテクセンター関西,B5051,リアルタイムＯＳによる組込みシステム開発技術《FreeRTOS for ESP32-Arduino編》,2026-11-05,"11/5,6",受付中,受付中,https://www3.jeed.go.jp/osaka/poly/zaishoku/B5051.html
ポリテクセンター関西,C2721,難削材の切削加工技術,2026-11-05,"11/5,6",受付中,受付中,https://www3.jeed.go.jp/osaka/poly/zaishoku/C2721.html
ポリテクセンター関西,B0201,ＰＬＣによるセンサ活用と省配線技術,2026-11-05,"11/5,6",受付中,受付中,https://www3.jeed.go.jp/osaka/poly/zaishoku/B0201.html
ポリテクセンター青森,PM023,３次元ＣＡＤを活用したアセンブリ技術（図面作成）,2026-11-05,"11/5,11/6",受付中,受付中,https://www3.jeed.go.jp/aomori/poly/zaishoku/2026/PM023.html
ポリテクセンター佐賀,4M125,潤滑油剤の機械保全技術（機械保全編）,2026-11-06,"11/6(金),13(金)",受付中,受付中,https://www3.jeed.go.jp/saga/poly/zaishoku/2026/4M125.html
ポリテクセンター三重,6H102,積算実践技術（木造住宅編）,2026-11-07,"11/7,11/14",記載なし,（空欄）,https://www3.jeed.go.jp/mie/poly/zaishoku/2026/6H102.html
ポリテクセンター佐賀,4D322,自家用電気工作物の施工技術,2026-11-07,"11/7(土),8(日)",受付中,受付中,https://www3.jeed.go.jp/saga/poly/zaishoku/2026/4D322.html
ポリテクセンター兵庫,M201D,被覆アーク溶接技能クリニック（各種姿勢編）,2026-11-07,"11/7,14",受付中,受付中,https://www3.jeed.go.jp/hyogo/poly/contents/holding/2026/M201D.html
ポリテクセンター加古川,J102,実践建築設計２次元ＣＡＤ技術＜木造編＞,2026-11-07,"11/7,8",受付中,受付中,https://www3.jeed.go.jp/kakogawa/poly/zaishoku/2026/J102.html
ポリテクセンター奈良,H521,木造住宅の架構設計技術,2026-11-07,11/7(土)、8(日),受付中,受付中,https://www3.jeed.go.jp/nara/poly/zaishoku/2026/H521.html
ポリテクセンター宮崎,3M012,NC旋盤プログラミング技術,2026-11-07,令和8年11月7日（土）、11月8日（日）、11月14日（土）、11月15日（日）,受付中,受付中,https://www3.jeed.go.jp/miyazaki/poly/zaishoku/2026_B102-008-A.html
ポリテクセンター宮崎,3H030,実践建築設計3次元CAD技術＜プレゼンテーション＞,2026-11-07,令和8年11月7日（土）、11月8日（日）,受付中,受付中,https://www3.jeed.go.jp/miyazaki/poly/zaishoku/copy_of_2026_A804-003-A-5.html
ポリテクセンター宮崎,3M013,生産設備診断技術＜機械保全作業編＞,2026-11-07,令和8年11月7日（土）、11月8日（日）、11月14日（土）,受付中,受付中,https://www3.jeed.go.jp/miyazaki/poly/zaishoku/2026_X101-A14-A.html
ポリテクセンター広島,M0502,各種の溶接施工技術（固定管編）,2026-11-07,"11/7,8",受付中,受付中,https://www3.jeed.go.jp/hiroshima/poly/zaishoku/2026/M0502.html
ポリテクセンター広島,M0403,各種の溶接施工技術（板材編）,2026-11-07,"11/7,8",受付中,受付中,https://www3.jeed.go.jp/hiroshima/poly/zaishoku/2026/M0403.html
ポリテクセンター徳島,1H112,実践建築設計２次元ＣＡＤ技術,2026-11-07,11/7(土)、11/8(日),受付中,受付中,https://www3.jeed.go.jp/tokushima/poly/zaishoku/2026/1H112.html
ポリテクセンター新潟,1H020,実践建築設計２次元ＣＡＤ技術（ＪＷ＿ｃａｄ編）,2026-11-07,"11/7,8",記載なし,（空欄）,https://www3.jeed.go.jp/niigata/poly/zaishoku/2026/1H020.html
ポリテクセンター沖縄,E1178,組込みシステム開発におけるプログラミング実践（Ｐｙｔｈｏｎ編）,2026-11-07,令和8年11月7日（土）、令和8年11月14日（土）、令和8年11月21日（土）,受付中,受付中,https://www3.jeed.go.jp/okinawa/poly/zaishoku/2026/E1178.html
ポリテクセンター滋賀,M9121,被覆アーク溶接技能クリニック,2026-11-07,"11/7,8",受付中,受付中,https://www3.jeed.go.jp/shiga/poly/zaishoku/2026/M9121.html
ポリテクセンター熊本,1M261,生産現場の機械保全技術＜実践編＞,2026-11-07,"11/7(土),11/14(土)",受付中,受付中,https://www3.jeed.go.jp/kumamoto/poly/zaishoku/1M261.html
ポリテクセンター石川,5D132,ＰＬＣによる自動化制御技術（使用機器：三菱Ｑシリーズ）,2026-11-07,11/7.8.14.15,受付中,受付中,https://www3.jeed.go.jp/ishikawa/poly/zaishoku/2026/5D132.html
ポリテクセンター秋田,4DD51,自家用電気工作物の施工技術,2026-11-07,"11/7(土),14(土)",受付中,受付中,https://www3.jeed.go.jp/akita/poly/zaishoku/2026/4DD51.html
ポリテクセンター長崎,5H132,実践建築設計３次元ＣＡＤ技術（プレゼンテーション）,2026-11-07,"11/7(土),8(日)",受付中,受付中,https://www3.jeed.go.jp/nagasaki/poly/zaishoku/2026/5H132.html
ポリテクセンター飯塚,2H070,トラブル事例から学ぶ各種管の加工・接合技術,2026-11-07,"11/7(土),14(土)",受付中,受付中,https://www3.jeed.go.jp/iizuka/poly/zaishoku/2026/2H070.html
ポリテクセンター鹿児島,5H113,冷媒配管の施工と空調機器据付け技術,2026-11-07,11/7(土)、11/8(日),受付中,受付中,https://www3.jeed.go.jp/kagoshima/poly/zaishoku/2026/5H113.html
ポリテクセンター伊勢,7M561,ろう付技能クリニック,2026-11-09,"11/9（水）,10（木）",記載なし,（空欄）,https://www3.jeed.go.jp/ise/poly/zaishoku/B202-013-A.html
ポリテクセンター千葉,H0103,冷媒配管の施工と空調機器据付け技術（ルームエアコン編）,2026-11-09,"11/9,10",受付中,受付中,https://www3.jeed.go.jp/chiba/poly/zaishoku/2026/H0103.html
ポリテクセンター埼玉,E026D,製造現場におけるLAN活用技術（LAN設定編）,2026-11-09,"11/9,10",─,（空欄）,https://www3.jeed.go.jp/saitama/poly/worker/seminar/2026/e026d.html
ポリテクセンター宮城,MEC52,ＬＡＮ構築施工・評価技術,2026-11-09,11/9（月）、11/10（火）,受付中,受付中,https://www3.jeed.go.jp/miyagi/poly/zaishoku/2026/MEC52.html
ポリテクセンター富山,3M010,機械装置の安全設計のポイント,2026-11-09,"11/9,10",受付中,受付中,https://www3.jeed.go.jp/toyama/poly/zaishoku/2026/3M010.html
ポリテクセンター富山,3M204,精密測定技術,2026-11-09,"11/9,10",受付中,受付中,https://www3.jeed.go.jp/toyama/poly/zaishoku/2026/3M204.html
ポリテクセンター山梨,M12A,設計に活かす！設計プロセスに沿ったＣＡＥ活用編,2026-11-09,11/9(月)、10(火),受付中,受付中,https://www3.jeed.go.jp/yamanashi/poly/zaishoku/2026/M12A.html
ポリテクセンター島根,3M004,ＴＩＧ溶接技能クリニック,2026-11-09,11/9(月)、10(火),記載なし,（空欄）,https://www3.jeed.go.jp/shimane/poly/zaishoku/2026/3M004.html
ポリテクセンター松本,9M051,３次元ＣＡＤを活用したアセンブリ技術【ＳｏｌｉｄＷｏｒｋｓ】,2026-11-09,11/9（月）、10（火）,受付中,受付中,https://www3.jeed.go.jp/matsumoto/poly/zaishoku/_2026/9M051.html
ポリテクセンター栃木,127-1,マシニングセンタプログラミング技術,2026-11-09,"11/9,10,11,12",受付中,受付中,https://www3.jeed.go.jp/tochigi/poly/zaishoku/2026/127-1.html
ポリテクセンター長崎,5M071,５Ｓによるムダ取り・改善の進め方,2026-11-09,"11/9(月),10(火)",受付中,受付中,https://www3.jeed.go.jp/nagasaki/poly/zaishoku/2026/5M071.html
ポリテクセンター関西,C8033,製造現場におけるヒューマンエラー対策と実践的技法,2026-11-09,"11/9,10",受付中,受付中,https://www3.jeed.go.jp/osaka/poly/zaishoku/C8033.html
ポリテクセンター関西,B2051,高周波・ディジタル変調回路の実践技術,2026-11-09,"11/9,10",受付中,受付中,https://www3.jeed.go.jp/osaka/poly/zaishoku/B2051.html
ポリテクセンター鳥取,1H120,実践建築設計３次元ＣＡＤ技術,2026-11-09,"11/9(月),11(水),13(金),16(月),18(水),20(金)",受付中,受付中,https://www3.jeed.go.jp/tottori/poly/zaishoku/2026/1H120.html
ポリテクセンター三重,6M103,フライス盤加工技術（六面体加工編）,2026-11-10,"11/10,11/11",記載なし,（空欄）,https://www3.jeed.go.jp/mie/poly/zaishoku/2026/6M103.html
ポリテクセンター中部,M2271,ターニングセンタ複合加工技術,2026-11-10,"11月10日,11日,12日",空きがあります,受付中,https://www3.jeed.go.jp/aichi/poly/zaishoku/bango.html
ポリテクセンター中部,E3062,マイコン制御システム開発技術,2026-11-10,"11月10日,11日",空きがあります,受付中,https://www3.jeed.go.jp/aichi/poly/zaishoku/bango.html
ポリテクセンター中部,E6422,ＰＬＣによるタッチパネル活用技術,2026-11-10,"11月10日,11日",空きがあります,受付中,https://www3.jeed.go.jp/aichi/poly/zaishoku/bango.html
ポリテクセンター京都,P0261,マシニングセンタプログラミング技術,2026-11-10,11/10(火)～13(金),受付中,受付中,https://www3.jeed.go.jp/kyoto/poly/zaishoku/2026/P0261.html
ポリテクセンター京都,P0371,工具研削実践技術（ドリル研削編）,2026-11-10,11/10(火)～12(木),受付中,受付中,https://www3.jeed.go.jp/kyoto/poly/zaishoku/2026/P0371.html
ポリテクセンター京都,P0101,ＣＡＥを活用した構造解析技術,2026-11-10,11/10(火)～12(木),受付中,受付中,https://www3.jeed.go.jp/kyoto/poly/zaishoku/2026/P0101.html
ポリテクセンター佐賀,4M106,３次元ＣＡＤを活用したソリッドモデリング技術,2026-11-10,"11/10(火),11(水)",受付中,受付中,https://www3.jeed.go.jp/saga/poly/zaishoku/2026/4M106.html
ポリテクセンター兵庫,M018A,金属材料の加工特性と切削加工現場の生産性,2026-11-10,"11/10,11",残りわずか,残りわずか,https://www3.jeed.go.jp/hyogo/poly/contents/holding/2026/M018A.html
ポリテクセンター加古川,H011,自動火災報知設備工事の施工・保守技術（点検制度の理解と運用編）,2026-11-10,"11/10,11",受付中,受付中,https://www3.jeed.go.jp/kakogawa/poly/zaishoku/2026/H011.html
ポリテクセンター北海道,1M108,油圧実践技術,2026-11-10,"11月10日(火),11日(水)",受付中,受付中,https://www3.jeed.go.jp/hokkaido/poly/zaishoku/2026/1M108.html
ポリテクセンター千葉,M1702,マシニングセンタプログラミング技術,2026-11-10,"11/10,11,12,13",受付中,受付中,https://www3.jeed.go.jp/chiba/poly/zaishoku/2026/M1702.html
ポリテクセンター千葉,S0202,実践生産性改善,2026-11-10,"11/10,11",受付中,受付中,https://www3.jeed.go.jp/chiba/poly/zaishoku/2026/S0202.html
ポリテクセンター埼玉,M031C,実践機械製図,2026-11-10,"11/10,11,12,13",─,（空欄）,https://www3.jeed.go.jp/saitama/poly/worker/seminar/2026/m031c.html
ポリテクセンター奈良,H845,実践建築設計２次元ＣＡＤ技術（利用編 ＴｙｐｅＡ）,2026-11-10,11/10(火)、12(木)、17(火)、19(木),受付中,受付中,https://www3.jeed.go.jp/nara/poly/zaishoku/2026/H845.html
ポリテクセンター宮城,MHC04,トラブル事例から学ぶ各種管の加工・接合技術,2026-11-10,11/10(火)、11(水),受付中,受付中,https://www3.jeed.go.jp/miyagi/poly/zaishoku/2026/MHC04.html
ポリテクセンター山梨,H07A,ＢＩＭを用いた建築設計技術,2026-11-10,11/10(火)、11(水),受付中,受付中,https://www3.jeed.go.jp/yamanashi/poly/zaishoku/2026/H07A.html
ポリテクセンター山梨,D06A,ＰＬＣによる自動化制御技術,2026-11-10,11/10(火)、11(水)、12(木),受付中,受付中,https://www3.jeed.go.jp/yamanashi/poly/zaishoku/2026/D06A.html
ポリテクセンター岐阜,E3002,ＰＬＣ制御の回路技術【ラダー編】 使用機器 三菱Ｑシリーズ,2026-11-10,"11/10（火）,11（水）",残りわずか,残りわずか,https://www3.jeed.go.jp/gifu/poly/zaishoku/E3002.html
ポリテクセンター岡山,4M108,２次元ＣＡＤによる機械製図技術,2026-11-10,"11/10(火),11(水),12(木),13(金)",受付中 (空席:9),受付中,https://www3.jeed.go.jp/okayama/poly/zaishoku/2026/4M108.html
ポリテクセンター島根,3M007,フライス盤加工技術,2026-11-10,11/10(火)、11(水)、12(木),記載なし,（空欄）,https://www3.jeed.go.jp/shimane/poly/zaishoku/2026/3M007.html
ポリテクセンター広島,P5101,現場を動かす論理的思考力（ロジカルシンキング）の育成,2026-11-10,"11/10,11",受付中,受付中,https://www3.jeed.go.jp/hiroshima/poly/zaishoku/2026/P5101.html
ポリテクセンター滋賀,E5241,高圧電気設備の保守点検技術,2026-11-10,"11/10,11",受付中,受付中,https://www3.jeed.go.jp/shiga/poly/zaishoku/2026/E5241.html
ポリテクセンター熊本,1D191,実習で学ぶ画像処理・照明技術,2026-11-10,"11/10(火),11(水)",受付中,受付中,https://www3.jeed.go.jp/kumamoto/poly/zaishoku/1D191.html
ポリテクセンター石川,5M005,実践機械製図,2026-11-10,11/10.11.12.13,受付中,受付中,https://www3.jeed.go.jp/ishikawa/poly/zaishoku/2026/5M005.html
ポリテクセンター石川,5M302,旋盤加工技術,2026-11-10,11/10.11.12.13,受付中,受付中,https://www3.jeed.go.jp/ishikawa/poly/zaishoku/2026/5M302.html
ポリテクセンター福島,FMB11,半自動アーク溶接技能クリニック（３日間）,2026-11-10,11/10(火)、11/11(水)、11/12(木),記載なし,（空欄）,https://www3.jeed.go.jp/fukushima/poly/zaishoku/2026/FMB11.html
ポリテクセンター秋田,4DD91,電気設備における積算技術（オンラインセミナー）,2026-11-10,"11/10(火),11(水),20(金) ※",受付中,受付中,https://www3.jeed.go.jp/akita/poly/zaishoku/2026/4DD91.html
ポリテクセンター米子,2D004,現場のための電気保全技術,2026-11-10,令和8年11月10日(火)、11月11日(水),受付中,受付中,https://www3.jeed.go.jp/yonago/poly/zaishoku/2026/2D004.html
ポリテクセンター群馬,MB031,旋盤加工応用技術（複雑形状加工編）,2026-11-10,"2026/11/10(火),11(水),12(木),13(金)",お問い合わせ下さい,お問い合わせ,https://www3.jeed.go.jp/gunma/poly/zaishoku/MB031.html
ポリテクセンター茨城,M0032,２次元ＣＡＤによる機械製図技術（製図手法編）,2026-11-10,"R8.11/10(火),11(水),12(木),13(金)",記載なし,（空欄）,https://www3.jeed.go.jp/ibaraki/poly/zaishoku/2026/M0032.html
ポリテクセンター茨城,E1311,Ｗｅｂを活用した生産支援システム構築技術（ＥＰＳ３２・ＸＡＭＰＰ編）,2026-11-10,"R8.11/10(火),11(水),12(木)",記載なし,（空欄）,https://www3.jeed.go.jp/ibaraki/poly/zaishoku/2026/E1311.html
ポリテクセンター長野,8M211,２次元ＣＡＤによる機械製図技術<コマンド習得編>,2026-11-10,"11/10(火),11(水),12(木),13(金)",受付中,受付中,https://www3.jeed.go.jp/nagano/poly/zaishoku/2026/8M211.html
ポリテクセンター関東,E3212,ＰＩＤ制御によるサーボ制御技術,2026-11-10,"11/10,11,12",受付中,受付中,https://www3.jeed.go.jp/kanagawa/poly/seminar/2026/E3212.html
ポリテクセンター飯塚,2M081,２次元ＣＡＤによる機械製図技術,2026-11-10,"11/10(火),11(水),12(木)",受付中,受付中,https://www3.jeed.go.jp/iizuka/poly/zaishoku/2026/2M081.html
ポリテクセンター香川,2H601,消火栓・スプリンクラー設備設計実践技術,2026-11-10,11/10(火)11(水),記載なし,（空欄）,https://www3.jeed.go.jp/kagawa/poly/zaishoku/2026/2H601.html
ポリテクセンター鹿児島,5D112,現場のための電気保全技術,2026-11-10,11/10(火)、11/11(水),受付中,受付中,https://www3.jeed.go.jp/kagoshima/poly/zaishoku/2026/5D112.html
ポリテクセンターいわき,IEA21,シーケンス制御による電動機制御技術,2026-11-11,11/11 (水)，11/12 (木),受付中,受付中,https://www3.jeed.go.jp/iwaki/poly/zaishoku/2026/IEA21.html
ポリテクセンターいわき,IMBG1,半自動アーク溶接技能クリニック（３日間コース）,2026-11-11,11/11（水），11/12（木），11/13（金）,受付中,受付中,https://www3.jeed.go.jp/iwaki/poly/zaishoku/2026/IMBG1.html
ポリテクセンターいわき,IEA61,画像処理・認識アルゴリズムの知識とプログラム開発技術,2026-11-11,11/11 (水)，11/12 (木),受付中,受付中,https://www3.jeed.go.jp/iwaki/poly/zaishoku/2026/IEA61.html
ポリテクセンターいわき,IMZ22,製造現場で活用するコーチング手法,2026-11-11,11/11（水），11/12（木），11/13（金）,受付中,受付中,https://www3.jeed.go.jp/iwaki/poly/zaishoku/2026/IMZ22.html
ポリテクセンター三重,6H022,実践建築設計２次元ＣＡＤ技術（活用編）,2026-11-11,"11/11,11/18",記載なし,（空欄）,https://www3.jeed.go.jp/mie/poly/zaishoku/2026/6H022.html
ポリテクセンター三重,6D034,現場のための電気保全技術（電気保全実務編）,2026-11-11,"11/11,11/12",記載なし,（空欄）,https://www3.jeed.go.jp/mie/poly/zaishoku/2026/6D034.html
ポリテクセンター三重,6D111,ＰＬＣ制御の回路技術,2026-11-11,"11/11,11/12",記載なし,（空欄）,https://www3.jeed.go.jp/mie/poly/zaishoku/2026/6D111.html
ポリテクセンター京都,P2072,組込み技術者のためのプログラミング（Ｃ言語・制御構文編）,2026-11-11,11/11(水)～12(木),受付中,受付中,https://www3.jeed.go.jp/kyoto/poly/zaishoku/2026/P2072.html
ポリテクセンター佐世保,6H002,実践建築設計３次元ＣＡＤ技術,2026-11-11,"11/11(水),12(木)",受付中,受付中,https://www3.jeed.go.jp/sasebo/poly/zaishoku/2026/6H002.html
ポリテクセンター佐賀,4H405,実践建築設計３次元ＣＡＤ技術,2026-11-11,"11/11(水),12(木)",受付中,受付中,https://www3.jeed.go.jp/saga/poly/zaishoku/2026/4H405.html
ポリテクセンター兵庫,E301D,シーケンス制御による電動機制御技術,2026-11-11,"11/11,12,13",受付中,受付中,https://www3.jeed.go.jp/hyogo/poly/contents/holding/2026/E301D.html
ポリテクセンター兵庫,E2301,組込みシステム開発におけるプログラミング実践＜Ｉ／Ｏ・割込み制御編＞,2026-11-11,"11/11,12,13",残りわずか,残りわずか,https://www3.jeed.go.jp/hyogo/poly/contents/holding/2026/E2301.html
ポリテクセンター加古川,M233,ステンレス鋼のＴＩＧ溶接技能クリニック（板材編）,2026-11-11,"11/11,12",受付中,受付中,https://www3.jeed.go.jp/kakogawa/poly/zaishoku/2026/M233.html
ポリテクセンター加古川,M012,構造強度設計のための材料力学,2026-11-11,"11/11,12,13",受付中,受付中,https://www3.jeed.go.jp/kakogawa/poly/zaishoku/2026/M012.html
ポリテクセンター千葉,H0803,実践建築設計２次元ＣＡＤ技術（使用機器：Ｊｗ＿ｃａｄ）,2026-11-11,"11/11,12",受付中,受付中,https://www3.jeed.go.jp/chiba/poly/zaishoku/2026/H0803.html
ポリテクセンター千葉,E1103,ＰＬＣ制御の回路技術（三菱Ｑ編）,2026-11-11,"11/11,12",受付中,受付中,https://www3.jeed.go.jp/chiba/poly/zaishoku/2026/E1103.html
ポリテクセンター君津,KW012,被覆アーク溶接技能クリニック＜板材溶接編／学科１日＋実技２日コース＞,2026-11-11,11/11（水）、11/12（木）、11/13（金）,受付中,受付中,https://www3.jeed.go.jp/kimitsu/poly/zaishoku/2026/KW012.html
ポリテクセンター埼玉,E015B,組込みシステム開発におけるプログラミング実践（ポインタマスター編）,2026-11-11,"11/11,12,13",─,（空欄）,https://www3.jeed.go.jp/saitama/poly/worker/seminar/2026/e015b.html
ポリテクセンター奈良,M520,生産現場の機械保全技術,2026-11-11,11/11(水)、12(木),受付中,受付中,https://www3.jeed.go.jp/nara/poly/zaishoku/2026/M520.html
ポリテクセンター富山,3M230,ＣＡＴを活用した三次元測定技術,2026-11-11,"11/11,12",受付中,受付中,https://www3.jeed.go.jp/toyama/poly/zaishoku/2026/3M230.html
ポリテクセンター山口,9H412,木造住宅における耐震診断技術,2026-11-11,11/11（水）、12（木）,受付中,受付中,https://www3.jeed.go.jp/yamaguchi/poly/zaishoku/2026/9H412.html
ポリテクセンター岐阜,M0502,旋盤加工技術,2026-11-11,"11/11（水）,12（木）,13（金）",受付中,受付中,https://www3.jeed.go.jp/gifu/poly/zaishoku/M0502.html
ポリテクセンター岡山,4D113,電気系保全実践技術（有接点編）,2026-11-11,"11/11(水),12(木)",受付中 (空席:3),受付中,https://www3.jeed.go.jp/okayama/poly/zaishoku/2026/4D113.html
ポリテクセンター岩手,3H511,冷媒配管の加工・接合技術,2026-11-11,"11/11(水), 12(木)",受付中,受付中,https://www3.jeed.go.jp/iwate/poly/zaishoku/2026/3H511.html
ポリテクセンター広島,M0302,半自動アーク溶接技能クリニック,2026-11-11,"11/11,12",受付中,受付中,https://www3.jeed.go.jp/hiroshima/poly/zaishoku/2026/M0302.html
ポリテクセンター広島,P3501,ＣＡＭ技術,2026-11-11,"11/11,12,13",受付中,受付中,https://www3.jeed.go.jp/hiroshima/poly/zaishoku/2026/P3501.html
ポリテクセンター新潟,1S090,生産現場改善手法,2026-11-11,"11/11,12",記載なし,（空欄）,https://www3.jeed.go.jp/niigata/poly/zaishoku/2026/1S090.html
ポリテクセンター滋賀,M9012,２次元ＣＡＤによる機械製図技術,2026-11-11,"11/11,12,13",残席僅少,残りわずか,https://www3.jeed.go.jp/shiga/poly/zaishoku/2026/M9012.html
ポリテクセンター石川,5Y102,ステンレス鋼のＴＩＧ溶接技能クリニック,2026-11-11,"11/11,12",受付中,受付中,https://www3.jeed.go.jp/ishikawa/poly/zaishoku/2026/5Y102.html
ポリテクセンター福井,7M352,マシニングセンタ加工技術,2026-11-11,11/11(水)・12(木),受付中,受付中,https://www3.jeed.go.jp/fukui/poly/zaishoku/2026/7M352.html
ポリテクセンター福岡,1D611,オープンソースプラットフォーム活用技術 ★セット受講推奨★,2026-11-11,"11/11(水),12(木)",受付中,受付中,https://www3.jeed.go.jp/fukuoka/poly/zaishoku/2026/1D611.html
ポリテクセンター福岡,1H071,在来木造住宅設計実践技術（構造・省エネ編）,2026-11-11,11/11(水)、12(木),受付中,受付中,https://www3.jeed.go.jp/fukuoka/poly/zaishoku/2026/1H071.html
ポリテクセンター福岡,1M061,構造強度設計のための材料力学 ★セット受講推奨★,2026-11-11,"11/11(水),12(木),13(金)",残りわずか,残りわずか,https://www3.jeed.go.jp/fukuoka/poly/zaishoku/2026/1M061.html
ポリテクセンター秋田,4HK61,コンクリート型枠施工の実践技術,2026-11-11,"11/11(水),12(木)",受付中,受付中,https://www3.jeed.go.jp/akita/poly/zaishoku/2026/4HK61.html
ポリテクセンター群馬,EB022,基板製作に係る鉛フリーはんだ付け技術（挿入実装、端子・コネクタ編）,2026-11-11,"2026/11/11(水),12(木)",お問い合わせ下さい,お問い合わせ,https://www3.jeed.go.jp/gunma/poly/zaishoku/EB022.html
ポリテクセンター群馬,MA022,機械設計のための総合力学（機械要素編）,2026-11-11,"2026/11/11(水),12(木),13(金)",お問い合わせ下さい,お問い合わせ,https://www3.jeed.go.jp/gunma/poly/zaishoku/MA022.html
ポリテクセンター群馬,EA285,ＰＬＣプログラミング技術（ビルディングタイプ編）,2026-11-11,"2026/11/11(水),12(木)",お問い合わせ下さい,お問い合わせ,https://www3.jeed.go.jp/gunma/poly/zaishoku/EA285.html
ポリテクセンター釧路,5H003,自動火災報知設備工事の施工・保守技術,2026-11-11,11/11（水），12（木）,記載なし,（空欄）,https://www3.jeed.go.jp/kushiro/poly/zaishoku/2026/5H003.html
ポリテクセンター関東,H1011,住空間リフォーム設計（コミュニケーションパース編）,2026-11-11,"11/11,12",受付中,受付中,https://www3.jeed.go.jp/kanagawa/poly/seminar/2026/H1011.html
ポリテクセンター関西,C0382,実践 公差設計技術,2026-11-11,"11/11,12",受付中,受付中,https://www3.jeed.go.jp/osaka/poly/zaishoku/C0382.html
ポリテクセンター関西,C0532,設計ツールによるモデリング技術 《使用ソフト：CATIA V5》,2026-11-11,"11/11,12,13",受付中,受付中,https://www3.jeed.go.jp/osaka/poly/zaishoku/C0532.html
ポリテクセンター関西,B7003,電気・機械技術者のための計測・制御実践技術(基本設計編) 《使用言語：Python》,2026-11-11,"11/11,12,13",受付中,受付中,https://www3.jeed.go.jp/osaka/poly/zaishoku/B7003.html
ポリテクセンター関西,B010B,ＰＬＣによる自動化制御技術《使用ＰＬＣ：三菱Ｑ》,2026-11-11,"11/11,12,13",残りわずか,残りわずか,https://www3.jeed.go.jp/osaka/poly/zaishoku/B010B.html
ポリテクセンター青森,PM067,成功事例から学ぶ品質の維持と向上,2026-11-11,"11/11,11/12",受付中,受付中,https://www3.jeed.go.jp/aomori/poly/zaishoku/2026/PM067.html
ポリテクセンター高知,5M014,設計に活かす３次元ＣＡＤソリッドモデリング技術,2026-11-11,11/11（水）、12（木）、13（金）,受付中,受付中,https://www3.jeed.go.jp/kochi/poly/zaishoku/2026/5M014.html
ポリテクセンター鹿児島,5M115,３次元ＣＡＤを活用したソリッドモデリング技術,2026-11-11,11/11(水)、11/12(木),受付中,受付中,https://www3.jeed.go.jp/kagoshima/poly/zaishoku/2026/5M115.html
ポリテクセンター三重,6M113,フライス盤加工技術（エンドミル加工編）,2026-11-12,"11/12,11/13",記載なし,（空欄）,https://www3.jeed.go.jp/mie/poly/zaishoku/2026/6M113.html
ポリテクセンター中部,E3661,モデルベース開発による組込みソフトウェアの開発,2026-11-12,"11月12日,13日",空きがあります,受付中,https://www3.jeed.go.jp/aichi/poly/zaishoku/bango.html
ポリテクセンター中部,M1381,公差設計・解析技術（３次元図面を活用した公差設計編）,2026-11-12,"11月12日,13日",空きがあります,受付中,https://www3.jeed.go.jp/aichi/poly/zaishoku/bango.html
ポリテクセンター中部,M7042,標準時間の設定と活用,2026-11-12,"11月12日,13日",残りわずか,残りわずか,https://www3.jeed.go.jp/aichi/poly/zaishoku/bango.html
ポリテクセンター中部,M7192,生産性向上のための時間管理技術,2026-11-12,"11月12日,13日",残りわずか,残りわずか,https://www3.jeed.go.jp/aichi/poly/zaishoku/bango.html
ポリテクセンター中部,E601A,ＰＬＣ制御の回路技術,2026-11-12,"11月12日,13日",残りわずか,残りわずか,https://www3.jeed.go.jp/aichi/poly/zaishoku/bango.html
ポリテクセンター京都,P0453,５Ｓによるムダ取り・改善の進め方,2026-11-12,11/12(木)～13(金),受付中,受付中,https://www3.jeed.go.jp/kyoto/poly/zaishoku/2026/P0453.html
ポリテクセンター会津,AHA08,木造住宅における許容応力度設計技術,2026-11-12,11/12(木)・13(金),受付中,受付中,https://www3.jeed.go.jp/aizu/poly/zaishoku/2026/AHA08.html
ポリテクセンター佐賀,4M107,３次元ＣＡＤを活用したアセンブリ技術,2026-11-12,"11/12(木),13(金)",受付中,受付中,https://www3.jeed.go.jp/saga/poly/zaishoku/2026/4M107.html
ポリテクセンター兵庫,M2206,ステンレス鋼のＴＩＧ溶接技能クリニック＜板材編＞,2026-11-12,"11/12,13",受付中,受付中,https://www3.jeed.go.jp/hyogo/poly/contents/holding/2026/M2206.html
ポリテクセンター兵庫,B310A,製造業におけるコストダウン実践法,2026-11-12,"11/12,13",受付中,受付中,https://www3.jeed.go.jp/hyogo/poly/contents/holding/2026/B310A.html
ポリテクセンター兵庫,E326A,ＰＬＣによる位置決め制御技術,2026-11-12,"11/12,13",残りわずか,残りわずか,https://www3.jeed.go.jp/hyogo/poly/contents/holding/2026/E326A.html
ポリテクセンター北海道,1D313,組込みデータベースシステム開発技術,2026-11-12,"11月12日(木),13日(金)",受付中,受付中,https://www3.jeed.go.jp/hokkaido/poly/zaishoku/2026/1D313.html
ポリテクセンター君津,KW023,被覆アーク溶接技能クリニック＜板材溶接編／実技のみ２日コース＞,2026-11-12,11/12（木）、11/13（金）,受付中,受付中,https://www3.jeed.go.jp/kimitsu/poly/zaishoku/2026/KW023.html
ポリテクセンター富山,3D100,ＦＡセンサ活用技術,2026-11-12,"11/12,13",残りわずか,残りわずか,https://www3.jeed.go.jp/toyama/poly/zaishoku/2026/3D100.html
ポリテクセンター岐阜,W0501,抵抗スポット溶接実践技術,2026-11-12,"11/12（木）,13（金）",受付中,受付中,https://www3.jeed.go.jp/gifu/poly/zaishoku/W0501.html
ポリテクセンター岡山,4H108,ＢＩＭを用いた建築生産設計技術,2026-11-12,"11/12(木),13(金)",受付中 (空席:10),受付中,https://www3.jeed.go.jp/okayama/poly/zaishoku/2026/4H108.html
ポリテクセンター岡山,4D123,ＰＬＣによる通信システム構築技術（ＥｘｃｅｌＶＢＡ、ＭＸ Ｃｏｍｐｏｎｅｎｔ編）,2026-11-12,"11/12(木),13(金)",受付中 (空席:9),受付中,https://www3.jeed.go.jp/okayama/poly/zaishoku/2026/4D123.html
ポリテクセンター岩手,3M311,ＮＣ旋盤プログラミング技術,2026-11-12,"11/12(木), 13(金)",受付中,受付中,https://www3.jeed.go.jp/iwate/poly/zaishoku/2026/3M311.html
ポリテクセンター島根,3M005,半自動アーク溶接技能クリニック・溶接可視化システム活用編,2026-11-12,11/12(木)、13(金),記載なし,（空欄）,https://www3.jeed.go.jp/shimane/poly/zaishoku/2026/3M005.html
ポリテクセンター島根,3D009,有接点シーケンス制御の実践技術（ＩｏＴ機器編）,2026-11-12,11/12(木)、13(金),記載なし,（空欄）,https://www3.jeed.go.jp/shimane/poly/zaishoku/2026/3D009.html
ポリテクセンター広島,E2106,有接点シーケンス制御の実践技術,2026-11-12,"11/12,13",残りわずか,残りわずか,https://www3.jeed.go.jp/hiroshima/poly/zaishoku/2026/E2106.html
ポリテクセンター旭川,4M081,マシニングセンタプログラミング技術,2026-11-12,１１/１２(木)、１１/１３(金),受付中,受付中,https://www3.jeed.go.jp/asahikawa/poly/zaisyoku/2026/4M081.html
ポリテクセンター滋賀,E5191,マイコン制御システム開発技術<Arduino Uno編>,2026-11-12,"11/12,13",受付中,受付中,https://www3.jeed.go.jp/shiga/poly/zaishoku/2026/E5191.html
ポリテクセンター熊本,1D211,問題解決手法を活用した製造現場の業務分析と現場改善＜ロボット・ＡＩ活用編＞,2026-11-12,"11/12(木),13(金)",受付中,受付中,https://www3.jeed.go.jp/kumamoto/poly/zaishoku/1D211.html
ポリテクセンター福井,7D082,有接点シーケンス制御の実践技術,2026-11-12,11/12(木)・13(金),受付中,受付中,https://www3.jeed.go.jp/fukui/poly/zaishoku/2026/7D082.html
ポリテクセンター福島,FEX10,保護継電器の評価と保護協調,2026-11-12,11/12（木）、11/13（金）,記載なし,（空欄）,https://www3.jeed.go.jp/fukushima/poly/zaishoku/2026/FEX10.html
ポリテクセンター秋田,4MY41,ＴＩＧ溶接技能クリニック,2026-11-12,"11/12(木),13(金)",受付中,受付中,https://www3.jeed.go.jp/akita/poly/zaishoku/2026/4MY41.html
ポリテクセンター米子,2M502,精密測定技術,2026-11-12,令和8年11月12日(木)、11月13日(金),受付中,受付中,https://www3.jeed.go.jp/yonago/poly/zaishoku/2026/2M502.html
ポリテクセンター荒尾,2M015,旋盤加工技術,2026-11-12,"11/12(木),11/13(金)",受付中,受付中,https://www3.jeed.go.jp/arao/poly/zaishoku/2026/2M015.html
ポリテクセンター長崎,5H141,在来木造住宅設計実践技術（構造・省エネ・確認申請 ）,2026-11-12,"11/12(木),13(金)",受付中,受付中,https://www3.jeed.go.jp/nagasaki/poly/zaishoku/2026/5H141.html
ポリテクセンター長野,8M121,最大実体公差方式の解釈と活用演習＜幾何公差のより深い理解のために＞,2026-11-12,"11/12(木),13(金)",受付中,受付中,https://www3.jeed.go.jp/nagano/poly/zaishoku/2026/8M121.html
ポリテクセンター長野,8H081,ＢＩＭを用いた照明設計シミュレーション実践技術,2026-11-12,"11/12(木),13(金)",受付中,受付中,https://www3.jeed.go.jp/nagano/poly/zaishoku/2026/8H081.html
ポリテクセンター関西,B0412,自動化設備における画像処理技術(外観検査編)《使用画像処理装置：キーエンス》,2026-11-12,"11/12,13",残りわずか,残りわずか,https://www3.jeed.go.jp/osaka/poly/zaishoku/B0412.html
ポリテクセンター静岡,3H062,実践建築設計２次元ＣＡＤ技術＜AutoCAD編＞,2026-11-12,11/12(木)、13(金),受付中,受付中,https://www3.jeed.go.jp/shizuoka/poly/zaishoku/2026/3H062.html
ポリテクセンター高知,5H006,実践建築設計２次元ＣＡＤ技術,2026-11-12,11/12（木）、13（金）,受付中,受付中,https://www3.jeed.go.jp/kochi/poly/zaishoku/2026/5H006.html
ポリテクセンター佐賀,4D323,自家用電気工作物の施工技術,2026-11-14,"11/14(土),15(日)",受付中,受付中,https://www3.jeed.go.jp/saga/poly/zaishoku/2026/4D323.html
ポリテクセンター兵庫,M5002,超音波探傷技術による欠陥評価,2026-11-14,"11/14,15",受付中,受付中,https://www3.jeed.go.jp/hyogo/poly/contents/holding/2026/M5002.html
ポリテクセンター兵庫,E3272,ＰＬＣプログラミング技術＜ベルトコンベア制御編＞,2026-11-14,"11/14,15",受付中,受付中,https://www3.jeed.go.jp/hyogo/poly/contents/holding/2026/E3272.html
ポリテクセンター奈良,M942,ステンレス鋼のＴＩＧ溶接技能クリニック,2026-11-14,11/14(土)、15(日),受付中,受付中,https://www3.jeed.go.jp/nara/poly/zaishoku/2026/M942.html
ポリテクセンター広島,H0202,実践建築設計２次元ＣＡＤ技術（建築図編）,2026-11-14,"11/14,15",受付中,受付中,https://www3.jeed.go.jp/hiroshima/poly/zaishoku/2026/H0202.html
ポリテクセンター新潟,1M201,ステンレス鋼のＴＩＧ溶接技能クリニック,2026-11-14,"11/14,21",記載なし,（空欄）,https://www3.jeed.go.jp/niigata/poly/zaishoku/2026/1M201.html
ポリテクセンター沖縄,H1139,仕上施工図作成実践技術,2026-11-14,令和8年11月14日（土）、令和8年11月21日（土）,受付中,受付中,https://www3.jeed.go.jp/okinawa/poly/zaishoku/2026/H1139.html
ポリテクセンター熊本,1H171,トラブル事例から学ぶ各種管の加工・接合技術＜建築配管作業編＞,2026-11-14,"11/14(土),11/21(土),11/28(土)",受付中,受付中,https://www3.jeed.go.jp/kumamoto/poly/zaishoku/1H171.html
ポリテクセンター関東,H3011,住宅の維持管理・更新と点検技術,2026-11-14,"11/14,15",受付中,受付中,https://www3.jeed.go.jp/kanagawa/poly/seminar/2026/H3011.html
ポリテクセンター静岡,3H151,住宅インテリアパース作成実践技術（着彩編）,2026-11-14,11/14(土)、15(日),受付中,受付中,https://www3.jeed.go.jp/shizuoka/poly/zaishoku/2026/3H151.html
ポリテクセンターいわき,IMZ11,ヒューマンエラー対策実践,2026-11-16,"11/16（月）,11/17（火）",受付中,受付中,https://www3.jeed.go.jp/iwaki/poly/zaishoku/2026/IMZ11.html
ポリテクセンター伊勢,7E012,基板製作に係る鉛フリーはんだ付け技術,2026-11-16,"11/16（水）,17（木）",記載なし,（空欄）,https://www3.jeed.go.jp/ise/poly/zaishoku/B302-001-A-2.html
ポリテクセンター兵庫,B306A,なぜなぜ分析による真の要因追求と現場改善,2026-11-16,"11/16,17",残りわずか,残りわずか,https://www3.jeed.go.jp/hyogo/poly/contents/holding/2026/B306A.html
ポリテクセンター兵庫,M0131,ＮＣ旋盤プログラミング技術,2026-11-16,"11/16,17,18,19,20",受付中,受付中,https://www3.jeed.go.jp/hyogo/poly/contents/holding/2026/M0131.html
ポリテクセンター加古川,H021,自動火災報知設備工事の施工・保守技術,2026-11-16,"11/16,17",受付中,受付中,https://www3.jeed.go.jp/kakogawa/poly/zaishoku/2026/H021.html
ポリテクセンター宮城,MEX73,生産活動における課題解決の進め方,2026-11-16,11/16（月）、11/17（火）,受付中,受付中,https://www3.jeed.go.jp/miyagi/poly/zaishoku/2026/MEX73.html
ポリテクセンター新潟,1D100,ＶＬＡＮ間ルーティング技術,2026-11-16,"11/16,17",記載なし,（空欄）,https://www3.jeed.go.jp/niigata/poly/zaishoku/2026/1D100.html
ポリテクセンター長崎,5M233,ＴＩＧ溶接技能クリニック,2026-11-16,"11/16(月),17(火)",受付中,受付中,https://www3.jeed.go.jp/nagasaki/poly/zaishoku/2026/5M233.html
ポリテクセンター関東,E5612,現場の問題解決実践（５Ｓの実践と定着）,2026-11-16,"11/16,17",受付中,受付中,https://www3.jeed.go.jp/kanagawa/poly/seminar/2026/E5612.html
ポリテクセンター飯塚,2M220,マシニングセンタ加工技術,2026-11-16,"11/16(月),17(火),18(水)",受付中,受付中,https://www3.jeed.go.jp/iizuka/poly/zaishoku/2026/2M220.html
ポリテクセンター香川,2H412,トラブル事例から学ぶ各種管の加工・接合技術（手動工具編）新規コース,2026-11-16,11/16(月)17(火),記載なし,（空欄）,https://www3.jeed.go.jp/kagawa/poly/zaishoku/2026/2H412.html
ポリテクセンター鹿児島,5H106,実践建築設計３次元ＣＡＤ技術（プレゼンテーション）,2026-11-16,11/16(月)、11/17(火),受付中,受付中,https://www3.jeed.go.jp/kagoshima/poly/zaishoku/2026/5H106.html
ポリテクセンター三重,6M142,マシニングセンタプログラミング技術,2026-11-17,"11/17,11/18",記載なし,（空欄）,https://www3.jeed.go.jp/mie/poly/zaishoku/2026/6M142.html
ポリテクセンター中部,E4501,オープンソースによる画像処理・認識プログラム開発,2026-11-17,"11月17日,18日",空きがあります,受付中,https://www3.jeed.go.jp/aichi/poly/zaishoku/bango.html
ポリテクセンター中部,H0132,生産現場における現場改善技法,2026-11-17,"11月17日,24日",残りわずか,残りわずか,https://www3.jeed.go.jp/aichi/poly/zaishoku/bango.html
ポリテクセンター中部,E1221,電力用インバータ回路の設計と応用技術,2026-11-17,"11月17日,18日,19日",空きがあります,受付中,https://www3.jeed.go.jp/aichi/poly/zaishoku/bango.html
ポリテクセンター中部,E6432,ＰＬＣによる位置決め制御技術（直線／円弧補間制御編）,2026-11-17,"11月17日,18日",空きがあります,受付中,https://www3.jeed.go.jp/aichi/poly/zaishoku/bango.html
ポリテクセンター中部,E4221,Ｗｅｂを活用した生産支援システム構築技術,2026-11-17,"11月17日,18日",残りわずか,残りわずか,https://www3.jeed.go.jp/aichi/poly/zaishoku/bango.html
ポリテクセンター兵庫,M004C,実践的配管設計技術,2026-11-17,"11/17,18",受付中,受付中,https://www3.jeed.go.jp/hyogo/poly/contents/holding/2026/M004C.html
ポリテクセンター加古川,M123,実践機械製図（スケッチ製図と寸法・公差の入れ方）,2026-11-17,"11/17,18,19",受付中,受付中,https://www3.jeed.go.jp/kakogawa/poly/zaishoku/2026/M123.html
ポリテクセンター千葉,H0602,自動火災報知設備工事の施工・保守技術（使用機器：Ｐ型２級受信機）,2026-11-17,"11/17,18",受付中,受付中,https://www3.jeed.go.jp/chiba/poly/zaishoku/2026/H0602.html
ポリテクセンター和歌山,Z03-1,技能伝承のための部下・後輩指導育成,2026-11-17,11/17(火)、18(水),受付中,受付中,https://www3.jeed.go.jp/wakayama/poly/zaishoku/Z03-1.html
ポリテクセンター埼玉,M060A,油圧システムの保全技術,2026-11-17,"11/17,18,19",─,（空欄）,https://www3.jeed.go.jp/saitama/poly/worker/seminar/2026/m060a.html
ポリテクセンター奈良,E501,組込み技術者のためのプログラミング（配列・関数編）,2026-11-17,11/17(火)、18(水),受付中,受付中,https://www3.jeed.go.jp/nara/poly/zaishoku/2026/E501.html
ポリテクセンター富山,3D013,有接点シーケンス制御の実践技術,2026-11-17,"11/17,18",受付中,受付中,https://www3.jeed.go.jp/toyama/poly/zaishoku/2026/3D013.html
ポリテクセンター山形,YMB65,半自動アーク溶接技能クリニック,2026-11-17,令和8年11月17日火曜日、令和8年11月18日水曜日,申込締切日令和8年11月2日,申込締切日,https://www3.jeed.go.jp/yamagata/poly/zaishoku/2026/2026/B202-003-A-3.html
ポリテクセンター山梨,M02B,精密測定技術,2026-11-17,11/17(火)、18(水),受付中,受付中,https://www3.jeed.go.jp/yamanashi/poly/zaishoku/2026/M02B.html
ポリテクセンター山梨,D07A,ＰＬＣ制御の応用技術,2026-11-17,11/17(火)、18(水),受付中,受付中,https://www3.jeed.go.jp/yamanashi/poly/zaishoku/2026/D07A.html
ポリテクセンター岡山,4M301,設計に活かす３次元ＣＡＤソリッドモデリング技術,2026-11-17,"11/17(火),18(水),19(木)",受付中,受付中,https://www3.jeed.go.jp/okayama/poly/zaishoku/2026/4M301.html
ポリテクセンター島根,3D012,自家用電気工作物の施工技術,2026-11-17,11/17(火)、18(水),記載なし,（空欄）,https://www3.jeed.go.jp/shimane/poly/zaishoku/2026/3D012.html
ポリテクセンター広島,M2201,プラスチック射出成形品の設計,2026-11-17,"11/17,18,19",受付中,受付中,https://www3.jeed.go.jp/hiroshima/poly/zaishoku/2026/M2201.html
ポリテクセンター広島,P0602,３次元ＣＡＤを活用したソリッドモデリング技術,2026-11-17,"11/17,18,19",残りわずか,残りわずか,https://www3.jeed.go.jp/hiroshima/poly/zaishoku/2026/P0602.html
ポリテクセンター徳島,1H113,在来木造住宅設計実践技術,2026-11-17,11/17(火)、11/18(水),受付中,受付中,https://www3.jeed.go.jp/tokushima/poly/zaishoku/2026/1H113.html
ポリテクセンター新潟,1M180,マシニングセンタプログラミング技術,2026-11-17,"11/17,18,19,20",記載なし,（空欄）,https://www3.jeed.go.jp/niigata/poly/zaishoku/2026/1M180.html
ポリテクセンター沖縄,E1164,シーケンス制御による電動機制御技術（有接点編）,2026-11-17,令和8年11月17日（火）、令和8年11月18日（水）,受付中,受付中,https://www3.jeed.go.jp/okinawa/poly/zaishoku/2026/E1164.html
ポリテクセンター沖縄,M1113,半自動アーク溶接技能クリニック,2026-11-17,令和8年11月17日（火）、令和8年11月18日（水）,受付中,受付中,https://www3.jeed.go.jp/okinawa/poly/zaishoku/2026/M1113.html
ポリテクセンター滋賀,M9241,精密測定技術＜検査・校正を含む３日間コース＞,2026-11-17,"11/17,18,19",受付中,受付中,https://www3.jeed.go.jp/shiga/poly/zaishoku/2026/M9241.html
ポリテクセンター滋賀,M9023,設計に活かす３次元ＣＡＤソリッドモデリング技術,2026-11-17,"11/17,18,19,20",受付中,受付中,https://www3.jeed.go.jp/shiga/poly/zaishoku/2026/M9023.html
ポリテクセンター福井,7H012,実践建築設計２次元ＣＡＤ技術（製図支援・作図効率向上・平面図作成編）,2026-11-17,11/17(火)・18(水),受付中,受付中,https://www3.jeed.go.jp/fukui/poly/zaishoku/2026/7H012.html
ポリテクセンター福岡,1H291,ビルにおける防災設備と管理のポイント,2026-11-17,"11/17(火),11/18(水)",受付中,受付中,https://www3.jeed.go.jp/fukuoka/poly/zaishoku/2026/1H291.html
ポリテクセンター福岡,1M112,２次元ＣＡＤによる機械設計技術,2026-11-17,"11/17(火),18(水),19(木)",受付中,受付中,https://www3.jeed.go.jp/fukuoka/poly/zaishoku/2026/1M112.html
ポリテクセンター群馬,MA201,プラスチック射出成形金型設計技術（設計知識習得編）,2026-11-17,"2026/11/17(火),18(水),19(木),20(金)",お問い合わせ下さい,お問い合わせ,https://www3.jeed.go.jp/gunma/poly/zaishoku/MA201.html
ポリテクセンター茨城,M0411,有限要素法理論理解のための材料力学から有限要素法への展開（材力計算と解析による結果との比較・評価）,2026-11-17,"R8.11/17(火),18(水)",記載なし,（空欄）,https://www3.jeed.go.jp/ibaraki/poly/zaishoku/2026/M0411.html
ポリテクセンター茨城,M0061,３次元ＣＡＤを活用したソリッドモデリング技術 使用機器 ＣＡＴＩＡ,2026-11-17,"R8.11/17(火),18(水),19(木)",記載なし,（空欄）,https://www3.jeed.go.jp/ibaraki/poly/zaishoku/2026/M0061.html
ポリテクセンター関西,B0252,実践的ＰＬＣ制御技術《使用ＰＬＣ：三菱ｉＱ－Ｒ》,2026-11-17,"11/17,18",残りわずか,残りわずか,https://www3.jeed.go.jp/osaka/poly/zaishoku/B0252.html
ポリテクセンター静岡,3M203,フライス盤加工技術（平面加工編）/フライス盤加工技術（溝入れ・段付け加工編）,2026-11-17,11/17(火)、18(水)、19(木)、20(金),残りわずか,残りわずか,https://www3.jeed.go.jp/shizuoka/poly/zaishoku/2026/3M203/3M213.html
ポリテクセンター静岡,3H042,木造住宅における許容応力度設計技術＜軸組編＞,2026-11-17,11/17(火)、24(火),残りわずか,残りわずか,https://www3.jeed.go.jp/shizuoka/poly/zaishoku/2026/3H042.html
ポリテクセンターいわき,IMBF1,半自動アーク溶接技能クリニック（２日間コース）,2026-11-18,11/18（水），11/19（木）,受付中,受付中,https://www3.jeed.go.jp/iwaki/poly/zaishoku/2026/IMBF1.html
ポリテクセンターいわき,IEA32,ＰＬＣプログラミング技術,2026-11-18,11/18 (水)，11/19 (木),受付中,受付中,https://www3.jeed.go.jp/iwaki/poly/zaishoku/2026/IEA32.html
ポリテクセンター三重,6D044,有接点シーケンス制御の実践技術,2026-11-18,"11/18,11/19",記載なし,（空欄）,https://www3.jeed.go.jp/mie/poly/zaishoku/2026/6D044.html
ポリテクセンター京都,P0271,マシニングセンタ加工技術,2026-11-18,11/18(水)～20(金),受付中,受付中,https://www3.jeed.go.jp/kyoto/poly/zaishoku/2026/P0271.html
ポリテクセンター兵庫,E2311,組込みシステム開発におけるプログラミング実践＜Ａ／Ｄ変換・通信編＞,2026-11-18,"11/18,19,20",受付中,受付中,https://www3.jeed.go.jp/hyogo/poly/contents/holding/2026/E2311.html
ポリテクセンター千葉,E2901,マイコン制御システム開発技術（Ｒａｓｐｂｅｒｒｙ Ｐｉ ＯＳ編）,2026-11-18,"11/18,19",受付中,受付中,https://www3.jeed.go.jp/chiba/poly/zaishoku/2026/E2901.html
ポリテクセンター千葉,E1202,ＰＬＣ制御の応用技術（三菱Ｑ応用編・数値処理）,2026-11-18,"11/18,19",受付中,受付中,https://www3.jeed.go.jp/chiba/poly/zaishoku/2026/E1202.html
ポリテクセンター和歌山,F01-2,自動火災報知設備工事の施工・保守技術,2026-11-18,11/18(水)、19(木),受付中,受付中,https://www3.jeed.go.jp/wakayama/poly/zaishoku/F01-2.html
ポリテクセンター埼玉,E022A,Webを活用した生産支援システム構築技術,2026-11-18,"11/18,19,20",─,（空欄）,https://www3.jeed.go.jp/saitama/poly/worker/seminar/2026/e022a.html
ポリテクセンター埼玉,S024A,生産性向上のための現場管理者の作業指示技法,2026-11-18,"11/18,19,20",─,（空欄）,https://www3.jeed.go.jp/saitama/poly/worker/seminar/2026/s024a.html
ポリテクセンター宮城,MEX76,新ＱＣ７つ道具活用による製造現場における品質改善・品質保証,2026-11-18,11/18（水）、11/19（木）,受付中,受付中,https://www3.jeed.go.jp/miyagi/poly/zaishoku/2026/MEX76.html
ポリテクセンター山口,9H410,ＢＩＭを用いた建築生産設計技術,2026-11-18,11/18（水）、19（木）,受付中,受付中,https://www3.jeed.go.jp/yamaguchi/poly/zaishoku/2026/9H410.html
ポリテクセンター岡山,4M111,３次元ＣＡＤを活用したソリッドモデリング技術,2026-11-18,"11/18(水),19(木),20(金)",受付中 (空席:11),受付中,https://www3.jeed.go.jp/okayama/poly/zaishoku/2026/4M111.html
ポリテクセンター広島,M1701,溶接・品質管理技術に活かす非破壊検査技術,2026-11-18,"11/18,19,20",受付中,受付中,https://www3.jeed.go.jp/hiroshima/poly/zaishoku/2026/M1701.html
ポリテクセンター徳島,1M114,半自動アーク溶接技能クリニック,2026-11-18,11/18(水)、11/19(木),受付中,受付中,https://www3.jeed.go.jp/tokushima/poly/zaishoku/2026/1M114.html
ポリテクセンター松本,9M061,設計に活かす３次元ＣＡＤソリッドモデリング技術,2026-11-18,"11/18（水）,19（木）,20（金）",受付中,受付中,https://www3.jeed.go.jp/matsumoto/poly/zaishoku/_2026/9M061.html
ポリテクセンター栃木,133-3,ステンレス鋼のＴＩＧ溶接技能クリニック（板材編）,2026-11-18,"11/18,19",受付中,受付中,https://www3.jeed.go.jp/tochigi/poly/zaishoku/2026/133-3.html
ポリテクセンター栃木,202-2,ＰＬＣプログラミング技術（ビット命令編）,2026-11-18,"11/18,19,20",受付中,受付中,https://www3.jeed.go.jp/tochigi/poly/zaishoku/2026/202-2.html
ポリテクセンター滋賀,E5031,オペアンプ回路の設計・評価技術,2026-11-18,"11/18,19",受付中,受付中,https://www3.jeed.go.jp/shiga/poly/zaishoku/2026/E5031.html
ポリテクセンター滋賀,M9172,鉄鋼材料の熱処理技術,2026-11-18,"11/18,19",受付中,受付中,https://www3.jeed.go.jp/shiga/poly/zaishoku/2026/M9172.html
ポリテクセンター石川,5M131,三次元測定技術,2026-11-18,11/18.19,受付中,受付中,https://www3.jeed.go.jp/ishikawa/poly/zaishoku/2026/5M131.html
ポリテクセンター福岡,1D021,制御盤製作技術,2026-11-18,"11/18(水),11/19(木)",受付中,受付中,https://www3.jeed.go.jp/fukuoka/poly/zaishoku/2026/1D021.html
ポリテクセンター福岡,1M622,半自動アーク溶接技能クリニック,2026-11-18,"11/18(水),19(木)",受付中,受付中,https://www3.jeed.go.jp/fukuoka/poly/zaishoku/2026/1M622.html
ポリテクセンター福岡,1H142,木造住宅における壁量計算技術,2026-11-18,11/18(水)、19(木),受付中,受付中,https://www3.jeed.go.jp/fukuoka/poly/zaishoku/2026/1H142.html
ポリテクセンター福岡,1H261,電動機制御のための有接点シーケンス制御,2026-11-18,"11/18(水),11/19(木),11/20(金)",残りわずか,残りわずか,https://www3.jeed.go.jp/fukuoka/poly/zaishoku/2026/1H261.html
ポリテクセンター福島,FGZ03,仕事と人を動かす現場監督者の育成（生産現場のリーダ・管理者の育成）,2026-11-18,11/18(水)、11/19(木),記載なし,（空欄）,https://www3.jeed.go.jp/fukushima/poly/zaishoku/2026/FGZ03.html
ポリテクセンター福島,FMX03,空気圧機器の保全技術,2026-11-18,11/18(水)、11/19(木),記載なし,（空欄）,https://www3.jeed.go.jp/fukushima/poly/zaishoku/2026/FMX03.html
ポリテクセンター群馬,SZ013,製造現場で活用するコーチング手法,2026-11-18,"2026/11/18(水),19(木)",お問い合わせ下さい,お問い合わせ,https://www3.jeed.go.jp/gunma/poly/zaishoku/SZ013.html
ポリテクセンター群馬,MA231,設計者ＣＡＥを活用した機構解析＜SWMotion編＞,2026-11-18,"2026/11/18(水),19(木)",お問い合わせ下さい,お問い合わせ,https://www3.jeed.go.jp/gunma/poly/zaishoku/MA231.html
ポリテクセンター群馬,MA141,３次元ＣＡＤを活用したサーフェスモデリング技術＜CATIA編＞,2026-11-18,"2026/11/18(水),19(木),20(金)",お問い合わせ下さい,お問い合わせ,https://www3.jeed.go.jp/gunma/poly/zaishoku/MA141.html
ポリテクセンター群馬,EA141,ＰＬＣによるインバータ制御技術,2026-11-18,"2026/11/18(水),19(木)",お問い合わせ下さい,お問い合わせ,https://www3.jeed.go.jp/gunma/poly/zaishoku/EA141.html
ポリテクセンター茨城,E0053,ＰＬＣプログラミング技術（汎用命令編） 使用機器 三菱ＰＬＣ,2026-11-18,"R8.11/18(水),19(木)",記載なし,（空欄）,https://www3.jeed.go.jp/ibaraki/poly/zaishoku/2026/E0053.html
ポリテクセンター三重,6M152,マシニングセンタ加工技術,2026-11-19,"11/19,11/20",記載なし,（空欄）,https://www3.jeed.go.jp/mie/poly/zaishoku/2026/6M152.html
ポリテクセンター中部,E3831,現代制御の設計と実装手法,2026-11-19,"11月19日,20日",空きがあります,受付中,https://www3.jeed.go.jp/aichi/poly/zaishoku/bango.html
ポリテクセンター中部,E6442,ＰＬＣによる位置決め制御技術（同期制御編）,2026-11-19,"11月19日,20日",空きがあります,受付中,https://www3.jeed.go.jp/aichi/poly/zaishoku/bango.html
ポリテクセンター京都,P0463,製造現場におけるヒューマンエラー対策と実践的技法,2026-11-19,11/19(木)～20(金),受付中,受付中,https://www3.jeed.go.jp/kyoto/poly/zaishoku/2026/P0463.html
ポリテクセンター佐賀,4D311,ＰＬＣプログラミング技術,2026-11-19,"11/19(木),20(金)",残り僅か,残りわずか,https://www3.jeed.go.jp/saga/poly/zaishoku/2026/4D311.html
ポリテクセンター兵庫,B3001,生産現場に活かす品質管理技法,2026-11-19,"11/19,20",受付中,受付中,https://www3.jeed.go.jp/hyogo/poly/contents/holding/2026/B3001.html
ポリテクセンター加古川,M031,空気圧機器の保全管理とトラブル対策,2026-11-19,"11/19,20",受付中,受付中,https://www3.jeed.go.jp/kakogawa/poly/zaishoku/2026/M031.html
ポリテクセンター加古川,M0E2,製造現場におけるヒューマンエラー対策と実践的技法,2026-11-19,"11/19,20",受付中,受付中,https://www3.jeed.go.jp/kakogawa/poly/zaishoku/2026/M0E2.html
ポリテクセンター千葉,S0603,生産現場に活かす品質管理ツール（ＱＣ７つ道具を中心にして）,2026-11-19,"11/19,20",受付中,受付中,https://www3.jeed.go.jp/chiba/poly/zaishoku/2026/S0603.html
ポリテクセンター奈良,E505,組込み技術者のためのプログラミング（ポインタ・構造体編）,2026-11-19,11/19(木)、20(金),受付中,受付中,https://www3.jeed.go.jp/nara/poly/zaishoku/2026/E505.html
ポリテクセンター宮城,MMX04,制約条件を考慮した製造現場のコストダウンと生産性向上方法,2026-11-19,11/19（木）、11/20（金）,受付中,受付中,https://www3.jeed.go.jp/miyagi/poly/zaishoku/2026/MMX04.html
ポリテクセンター宮城,MEA17,機械学習による欠陥検査・物体認識の高度化技術,2026-11-19,11/19(木)、20(金),受付中,受付中,https://www3.jeed.go.jp/miyagi/poly/zaishoku/2026/MEA17.html
ポリテクセンター富山,3D021,シーケンス制御による電動機制御技術,2026-11-19,"11/19,20",受付中,受付中,https://www3.jeed.go.jp/toyama/poly/zaishoku/2026/3D021.html
ポリテクセンター岐阜,M1102,精密測定技術,2026-11-19,"11/19（木）,20（金）",残りわずか,残りわずか,https://www3.jeed.go.jp/gifu/poly/zaishoku/M1102.html
ポリテクセンター岡山,4M502,製造業におけるコストダウン実践法,2026-11-19,"11/19(木),20(金)",受付中 (空席:13),受付中,https://www3.jeed.go.jp/okayama/poly/zaishoku/2026/4M502.html
ポリテクセンター岩手,3M411,マシニングセンタプログラミング技術,2026-11-19,"11/19(木), 20(金)",受付中,受付中,https://www3.jeed.go.jp/iwate/poly/zaishoku/2026/3M411.html
ポリテクセンター島根,3D013,高圧電気設備の保守点検技術,2026-11-19,11/19(木)、20(金),記載なし,（空欄）,https://www3.jeed.go.jp/shimane/poly/zaishoku/2026/3D013.html
ポリテクセンター愛媛,4D262,製造現場におけるＬＡＮ活用技術,2026-11-19,"11/19(木),20(金)",受付中,受付中,https://www3.jeed.go.jp/ehime/poly/seminar/2026/4D262.html
ポリテクセンター新潟,1S011,５Ｓによるムダ取り・改善の進め方,2026-11-19,"11/19,20",記載なし,（空欄）,https://www3.jeed.go.jp/niigata/poly/zaishoku/2026/1S011.html
ポリテクセンター旭川,4D041,ＰＬＣ制御の応用技術,2026-11-19,１１/１９(木)、１１/２０(金),受付中,受付中,https://www3.jeed.go.jp/asahikawa/poly/zaisyoku/2026/4D041.html
ポリテクセンター石川,5D171,ＰＬＣによるタッチパネル活用技術（使用機器：三菱ＧＯＴ）,2026-11-19,11/19.20,受付中,受付中,https://www3.jeed.go.jp/ishikawa/poly/zaishoku/2026/5D171.html
ポリテクセンター福井,7D012,シーケンス制御による電動機制御技術,2026-11-19,11/19(木)・20(金),受付中,受付中,https://www3.jeed.go.jp/fukui/poly/zaishoku/2026/7D012.html
ポリテクセンター福井,7H021,実践建築設計２次元ＣＡＤ技術（電気・空調・給排水設備図面作成編）,2026-11-19,11/19(木)・20(金),受付中,受付中,https://www3.jeed.go.jp/fukui/poly/zaishoku/2026/7H021.html
ポリテクセンター茨城,M0272,生産活動における課題解決の進め方,2026-11-19,"R8.11/19(木),20(金)",記載なし,（空欄）,https://www3.jeed.go.jp/ibaraki/poly/zaishoku/2026/M0272.html
ポリテクセンター荒尾,2M016,マシニングセンタプログラミング技術,2026-11-19,"11/19(木),11/20(金)",受付中,受付中,https://www3.jeed.go.jp/arao/poly/zaishoku/2026/2M016.html
ポリテクセンター関東,M3211,切削工具の使い方・選び方によるトラブル回避法（マシニングセンタ編）,2026-11-19,"11/19,20",受付中,受付中,https://www3.jeed.go.jp/kanagawa/poly/seminar/2026/M3211.html
ポリテクセンター関東,E0312,ＦＥＴ回路の設計・評価技術（アナログ回路 ＦＥＴ編）,2026-11-19,"11/19,20",受付中,受付中,https://www3.jeed.go.jp/kanagawa/poly/seminar/2026/E0312.html
ポリテクセンター関西,B0262,ＰＬＣ制御の回路技術《使用ＰＬＣ：三菱ｉＱ－Ｒ》,2026-11-19,"11/19,20",受付中,受付中,https://www3.jeed.go.jp/osaka/poly/zaishoku/B0262.html
ポリテクセンター関西,B0322,ＰＬＣ制御の応用技術《使用ＰＬＣ：キーエンスＫＶ》,2026-11-19,"11/19,20",受付中,受付中,https://www3.jeed.go.jp/osaka/poly/zaishoku/B0322.html
ポリテクセンター飯塚,2M261,半自動アーク溶接技能クリニック,2026-11-19,"11/19(木),20(金)",受付中,受付中,https://www3.jeed.go.jp/iizuka/poly/zaishoku/2026/2M261.html
ポリテクセンター香川,2H414,トラブル事例から学ぶ各種管の加工・接合技術（応用課題編）新規コース,2026-11-19,11/19(木)20(金),記載なし,（空欄）,https://www3.jeed.go.jp/kagawa/poly/zaishoku/2026/2H414.html
ポリテクセンター高知,5M015,３次元ＣＡＤを活用したアセンブリ技術,2026-11-19,11/19（木）、20（金）,受付中,受付中,https://www3.jeed.go.jp/kochi/poly/zaishoku/2026/5M015.html
ポリテクセンター佐賀,4M124,軸受部品の機械保全技術（機械保全応用編）,2026-11-20,"11/20(金),27(金)",受付中,受付中,https://www3.jeed.go.jp/saga/poly/zaishoku/2026/4M124.html
ポリテクセンター奈良,H331,継手・仕口の製作実践技術,2026-11-21,11/21(土)、22(日)、23(月),受付中,受付中,https://www3.jeed.go.jp/nara/poly/zaishoku/2026/H331.html
ポリテクセンター山形,YHA12,実践建築設計３次元ＣＡＤ技術,2026-11-21,令和8年11月21日土曜日、令和8年11月22日日曜日,申込締切日令和8年11月6日,申込締切日,https://www3.jeed.go.jp/yamagata/poly/zaishoku/2026/2026/A804-003-A-4.html
ポリテクセンター秋田,4DD43,一般用電気工作物の施工技術,2026-11-21,"11/21(土),28(土),12/5(土)",受付中,受付中,https://www3.jeed.go.jp/akita/poly/zaishoku/2026/4DD43.html
ポリテクセンター長崎,5H062,一般用電気工作物の施工技術,2026-11-21,"11/21(土),22(日),28(土),29(日)",受付中,受付中,https://www3.jeed.go.jp/nagasaki/poly/zaishoku/2026/5H062.html
ポリテクセンター飯塚,2D021,一般用電気工作物の施工技術（施工編）,2026-11-21,"11/21(土),28(土),12/5(土)",受付中,受付中,https://www3.jeed.go.jp/iizuka/poly/zaishoku/2026/2D021.html
ポリテクセンター鹿児島,5H114,冷媒配管の施工と空調機器据付け技術,2026-11-21,11/21(土)、11/22(日),受付中,受付中,https://www3.jeed.go.jp/kagoshima/poly/zaishoku/2026/5H114.html
ポリテクセンター飯塚,2H100,木造住宅における壁量計算技術,2026-11-22,"11/22(日),29(日)",受付中,受付中,https://www3.jeed.go.jp/iizuka/poly/zaishoku/2026/2H100.html
ポリテクセンター三重,6H131,木造住宅における許容応力度設計技術,2026-11-24,"11/24,11/25",記載なし,（空欄）,https://www3.jeed.go.jp/mie/poly/zaishoku/2026/6H131.html
ポリテクセンター中部,M2107,マシニングセンタプログラミング技術,2026-11-24,"11月24日,25日,26日,27日",残りわずか,残りわずか,https://www3.jeed.go.jp/aichi/poly/zaishoku/bango.html
ポリテクセンター函館,3D003,一般用電気工作物の施工技術,2026-11-24,"11/24,11/25,11/26",受付中,受付中,https://www3.jeed.go.jp/hakodate/poly/zaishoku/2026/8X3D003.html
ポリテクセンター加古川,M0J1,生産機械設備の自動化技術,2026-11-24,"11/24,25,26,27",受付中,受付中,https://www3.jeed.go.jp/kakogawa/poly/zaishoku/2026/M0J1.html
ポリテクセンター埼玉,M041C,２次元CADによる機械製図技術,2026-11-24,"11/24,25,26,27",─,（空欄）,https://www3.jeed.go.jp/saitama/poly/worker/seminar/2026/m041c.html
ポリテクセンター山梨,M13A,マシニングセンタプログラミング技術,2026-11-24,11/24(火)、25(水)、26(木)、27(金),受付中,受付中,https://www3.jeed.go.jp/yamanashi/poly/zaishoku/2026/M13A.html
ポリテクセンター岐阜,X0401,仕事と人を動かす現場監督者の育成,2026-11-24,"11/24（火）, 25（水）",受付中,受付中,https://www3.jeed.go.jp/gifu/poly/zaishoku/X0401.html
ポリテクセンター島根,3H002,実践建築設計３次元ＣＡＤ技術,2026-11-24,11/24(火)、25(水),記載なし,（空欄）,https://www3.jeed.go.jp/shimane/poly/zaishoku/2026/3H002.html
ポリテクセンター徳島,1H115,実践建築設計３次元ＣＡＤ技術,2026-11-24,11/24(火)、11/25(水),受付中,受付中,https://www3.jeed.go.jp/tokushima/poly/zaishoku/2026/1H115.html
ポリテクセンター熊本,1D141,空気圧機器の保全,2026-11-24,"11/24(火),25(水),26(木)",受付中,受付中,https://www3.jeed.go.jp/kumamoto/poly/zaishoku/1D141.html
ポリテクセンター熊本,1D012,組込みシステムにおけるプログラム開発技術＜Ｃ言語 配列・関数編＞,2026-11-24,"11/24(火),25(水)",受付中,受付中,https://www3.jeed.go.jp/kumamoto/poly/zaishoku/1D012.html
ポリテクセンター関西,C0445,２次元ＣＡＤによる機械製図技術 《使用ソフト：AutoCAD》,2026-11-24,"11/24,25,26",受付中,受付中,https://www3.jeed.go.jp/osaka/poly/zaishoku/C0445.html
ポリテクセンターいわき,IEA42,ＰＬＣによるタッチパネル活用技術,2026-11-25,11/25 (水)，11/26 (木),受付中,受付中,https://www3.jeed.go.jp/iwaki/poly/zaishoku/2026/IEA42.html
ポリテクセンター三重,6D161,電気系保全実践技術,2026-11-25,"11/25,11/26",記載なし,（空欄）,https://www3.jeed.go.jp/mie/poly/zaishoku/2026/6D161.html
ポリテクセンター中部,M5032,三次元測定技術,2026-11-25,"11月25日,26日,27日",空きがあります,受付中,https://www3.jeed.go.jp/aichi/poly/zaishoku/bango.html
ポリテクセンター中部,M4093,空気圧設備の省エネルギー技術,2026-11-25,"11月25日,26日",空きがあります,受付中,https://www3.jeed.go.jp/aichi/poly/zaishoku/bango.html
ポリテクセンター中部,E3043,組込み技術者のためのプログラミング（活用編）,2026-11-25,"11月25日,26日",空きがあります,受付中,https://www3.jeed.go.jp/aichi/poly/zaishoku/bango.html
ポリテクセンター京都,P2561,協働ロボットを活用した自動化システム構築技術,2026-11-25,11/25(水)～26(木),受付中,受付中,https://www3.jeed.go.jp/kyoto/poly/zaishoku/2026/P2561.html
ポリテクセンター京都,P0062,２次元ＣＡＤによる機械製図技術（ＡｕｔｏＣＡＤ）,2026-11-25,11/25(水)～27(金),受付中,受付中,https://www3.jeed.go.jp/kyoto/poly/zaishoku/2026/P0062.html
ポリテクセンター兵庫,B303B,ヒューマンエラー防止実践手法,2026-11-25,"11/25,26",残りわずか,残りわずか,https://www3.jeed.go.jp/hyogo/poly/contents/holding/2026/B303B.html
ポリテクセンター兵庫,M020B,鉄鋼材料の熱処理技術,2026-11-25,"11/25,26,27",残りわずか,残りわずか,https://www3.jeed.go.jp/hyogo/poly/contents/holding/2026/M020B.html
ポリテクセンター兵庫,E310A,電気系保全実践技術,2026-11-25,"11/25,26,27",残りわずか,残りわずか,https://www3.jeed.go.jp/hyogo/poly/contents/holding/2026/E310A.html
ポリテクセンター加古川,M242,アルミニウム合金のＴＩＧ溶接技能クリニック（板材編）,2026-11-25,"11/25,26",受付中,受付中,https://www3.jeed.go.jp/kakogawa/poly/zaishoku/2026/M242.html
ポリテクセンター千葉,E1801,オペアンプ回路の設計・評価技術,2026-11-25,"11/25,26",受付中,受付中,https://www3.jeed.go.jp/chiba/poly/zaishoku/2026/E1801.html
ポリテクセンター千葉,E0804,シーケンス制御による電動機制御技術,2026-11-25,"11/25,26",受付中,受付中,https://www3.jeed.go.jp/chiba/poly/zaishoku/2026/copy_of_copy_of_copy_of_E0801.html
ポリテクセンター千葉,M1003,旋盤加工技術,2026-11-25,"11/25,26,27",受付中,受付中,https://www3.jeed.go.jp/chiba/poly/zaishoku/2026/M1003.html
ポリテクセンター千葉,E1502,ＰＬＣによるタッチパネル活用技術,2026-11-25,"11/25,26",受付中,受付中,https://www3.jeed.go.jp/chiba/poly/zaishoku/2026/E1502.html
ポリテクセンター宮城,MHA07,ＶＲソリューションを活用した実践建築設計３次元ＣＡＤ技術,2026-11-25,11/25（水）、11/26（木）,受付中,受付中,https://www3.jeed.go.jp/miyagi/poly/zaishoku/2026/MHA07.html
ポリテクセンター富山,3D014,有接点シーケンス制御の実践技術,2026-11-25,"11/25,26",受付中,受付中,https://www3.jeed.go.jp/toyama/poly/zaishoku/2026/3D014.html
ポリテクセンター山口,9H413,寄棟屋根の製作実践技術,2026-11-25,11/25（水）、26（木）,受付中,受付中,https://www3.jeed.go.jp/yamaguchi/poly/zaishoku/2026/9H413.html
ポリテクセンター山梨,M05B,精密平面研削加工技術,2026-11-25,11/25(水)、26(木)、27(金),受付中,受付中,https://www3.jeed.go.jp/yamanashi/poly/zaishoku/2026/M05B.html
ポリテクセンター岐阜,M0802,フライス盤加工技術,2026-11-25,"11/25（水）,26（木）,27（金）",残りわずか,残りわずか,https://www3.jeed.go.jp/gifu/poly/zaishoku/M0802.html
ポリテクセンター岐阜,E3102,ＰＬＣ制御の応用技術【数値処理編】 使用機器 三菱Ｑシリーズ,2026-11-25,"11/25（水）,26（木）",受付中,受付中,https://www3.jeed.go.jp/gifu/poly/zaishoku/E3102.html
ポリテクセンター岡山,4D114,電気系保全実践技術（ＰＬＣ編）,2026-11-25,"11/25(水),26(木)",受付中,受付中,https://www3.jeed.go.jp/okayama/poly/zaishoku/2026/4D114.html
ポリテクセンター岩手,3D261,電動アクチュエータの実践的活用技術,2026-11-25,"11/25(水), 26(木), 27(金)",受付中,受付中,https://www3.jeed.go.jp/iwate/poly/zaishoku/2026/3D261.html
ポリテクセンター島根,3M006,旋盤加工技術,2026-11-25,11/25(水)、26(木)、27(金),記載なし,（空欄）,https://www3.jeed.go.jp/shimane/poly/zaishoku/2026/3M006.html
ポリテクセンター広島,E3801,ＰＬＣ制御の回路技術（コンベア制御・数値処理編）,2026-11-25,"11/25,26",受付中,受付中,https://www3.jeed.go.jp/hiroshima/poly/zaishoku/2026/E3801.html
ポリテクセンター新潟,1M040,設計に活かす３次元ＣＡＤソリッドモデリング技術,2026-11-25,"11/25,26,27",記載なし,（空欄）,https://www3.jeed.go.jp/niigata/poly/zaishoku/2026/1M040.html
ポリテクセンター滋賀,M9231,伝動装置の機械保全技術＜分解組立調整＞,2026-11-25,"11/25,26,27",残席僅少,残りわずか,https://www3.jeed.go.jp/shiga/poly/zaishoku/2026/M9231.html
ポリテクセンター滋賀,E5233,電気系保全実践技術,2026-11-25,"11/25,26",残席僅少,残りわずか,https://www3.jeed.go.jp/shiga/poly/zaishoku/2026/E5233.html
ポリテクセンター滋賀,M9041,ＣＡＥを活用した構造解析技術,2026-11-25,"11/25,26,27",受付中,受付中,https://www3.jeed.go.jp/shiga/poly/zaishoku/2026/M9041.html
ポリテクセンター福島,FMX02,生産現場の機械保全技術,2026-11-25,11/25（水）、11/26（木）,記載なし,（空欄）,https://www3.jeed.go.jp/fukushima/poly/zaishoku/2026/FMX02.html
ポリテクセンター秋田,4DD44,一般用電気工作物の施工技術,2026-11-25,"11/25(水),26(木),27(金)",受付中,受付中,https://www3.jeed.go.jp/akita/poly/zaishoku/2026/4DD44.html
ポリテクセンター秋田,4HK22,実践建築設計２次元ＣＡＤ技術（AutoCAD2025編）,2026-11-25,"11/25(水),26(木)",受付中,受付中,https://www3.jeed.go.jp/akita/poly/zaishoku/2026/4HK22.html
ポリテクセンター群馬,MB101,マシニングセンタ加工技術,2026-11-25,"2026/11/25(水),26(木),27(金)",お問い合わせ下さい,お問い合わせ,https://www3.jeed.go.jp/gunma/poly/zaishoku/MB101.html
ポリテクセンター群馬,C128A,公差設計・解析技術（応用編：ガタ・レバー比の考え方）,2026-11-25,"2026/11/25(水),26(木)",お問い合わせ下さい,お問い合わせ,https://www3.jeed.go.jp/gunma/poly/zaishoku/C128A.html
ポリテクセンター群馬,EA041,ＰＬＣによる自動化制御技術（ＰＬＣ回路構築手法編）,2026-11-25,"2026/11/25(水),26(木)",お問い合わせ下さい,お問い合わせ,https://www3.jeed.go.jp/gunma/poly/zaishoku/EA041.html
ポリテクセンター茨城,M0331,生産現場に活かす品質管理技法,2026-11-25,"R8.11/25(水),26(木)",記載なし,（空欄）,https://www3.jeed.go.jp/ibaraki/poly/zaishoku/2026/M0331.html
ポリテクセンター茨城,M0042,２次元ＣＡＤによる機械製図技術（図面構築編）,2026-11-25,"R8.11/25(水),26(木),27(金)",記載なし,（空欄）,https://www3.jeed.go.jp/ibaraki/poly/zaishoku/2026/M0042.html
ポリテクセンター茨城,E0072,ＰＬＣ制御の応用技術（数値命令編） 使用機器 三菱ＰＬＣ,2026-11-25,"R8.11/25(水),26(木)",記載なし,（空欄）,https://www3.jeed.go.jp/ibaraki/poly/zaishoku/2026/E0072.html
ポリテクセンター長野,8M251,機械設計のための総合力学,2026-11-25,"11/25(水),26(木),27(金)",受付中,受付中,https://www3.jeed.go.jp/nagano/poly/zaishoku/2026/8M251.html
ポリテクセンター関東,E1212,アナログ・ディジタル混在回路におけるノイズ対策技術,2026-11-25,"11/25,26,27",受付中,受付中,https://www3.jeed.go.jp/kanagawa/poly/seminar/2026/E1212.html
ポリテクセンター関東,E3713,シーケンス制御による電動機制御技術,2026-11-25,"11/25,26",受付中,受付中,https://www3.jeed.go.jp/kanagawa/poly/seminar/2026/E3713.html
ポリテクセンター関東,E0712,ＨＤＬによる回路設計技術（ディジタル回路設計 ＶＨＤＬ編）,2026-11-25,"11/25,26,27",受付中,受付中,https://www3.jeed.go.jp/kanagawa/poly/seminar/2026/E0712.html
ポリテクセンター関西,C2032,フライス盤加工技術（エンドミル加工編）,2026-11-25,"11/25,26",受付中,受付中,https://www3.jeed.go.jp/osaka/poly/zaishoku/C2032.html
ポリテクセンター関西,C9404,実践機械製図（公差・はめあい・粗さ編）,2026-11-25,"11/25,26",受付中,受付中,https://www3.jeed.go.jp/osaka/poly/zaishoku/C9404.html
ポリテクセンター関西,B7021,電気・機械技術者のための計測・制御実践技術（GUI開発編）《使用言語： C#》,2026-11-25,"11/25,26,27",残りわずか,残りわずか,https://www3.jeed.go.jp/osaka/poly/zaishoku/B7021.html
ポリテクセンター関西,B2023,ＦＥＴ回路の設計・評価技術,2026-11-25,"11/25,26",受付中,受付中,https://www3.jeed.go.jp/osaka/poly/zaishoku/B2023.html
ポリテクセンター静岡,3M082,機械設備設計のための総合力学,2026-11-25,11/25(水)、26(木)、27(金),残りわずか,残りわずか,https://www3.jeed.go.jp/shizuoka/poly/zaishoku/2026/3M082.html
ポリテクセンター静岡,3M132,油圧実践技術,2026-11-25,11/25(水)、26(木)、27(金),残りわずか,残りわずか,https://www3.jeed.go.jp/shizuoka/poly/zaishoku/2026/3M132.html
ポリテクセンター高知,5M016,旋盤加工技術,2026-11-25,11/25（水）、26（木）、27（金）,受付中,受付中,https://www3.jeed.go.jp/kochi/poly/zaishoku/2026/5M016.html
ポリテクセンター鹿児島,5H115,冷媒配管の施工と空調機器据付け技術,2026-11-25,11/25(水)、11/26(木),受付中,受付中,https://www3.jeed.go.jp/kagoshima/poly/zaishoku/2026/5H115.html
ポリテクセンター鹿児島,5M116,３次元ＣＡＤを活用したアセンブリ技術,2026-11-25,11/25(水)、11/26(木),受付中,受付中,https://www3.jeed.go.jp/kagoshima/poly/zaishoku/2026/5M116.html
ポリテクセンターいわき,IMX52,品質マネジメントシステムのための内部監査技術（ＩＳＯＯ９００１）,2026-11-26,11/26 (木)，11/27 (金),受付中,受付中,https://www3.jeed.go.jp/iwaki/poly/zaishoku/2026/IMX52.html
ポリテクセンター中部,E3841,ＭＢＤによる実験データを用いたプラントモデル設計技術,2026-11-26,"11月26日,27日",空きがあります,受付中,https://www3.jeed.go.jp/aichi/poly/zaishoku/bango.html
ポリテクセンター中部,E601B,ＰＬＣ制御の回路技術,2026-11-26,"11月26日,27日",残りわずか,残りわずか,https://www3.jeed.go.jp/aichi/poly/zaishoku/bango.html
ポリテクセンター兵庫,M003B,治具設計の勘どころ,2026-11-26,"11/26,27",受付中,受付中,https://www3.jeed.go.jp/hyogo/poly/contents/holding/2026/M003B.html
ポリテクセンター函館,3M008,各種の溶接施工技術,2026-11-26,"11/26,11/27",受付中,受付中,https://www3.jeed.go.jp/hakodate/poly/zaishoku/2026/8x3M008.html
ポリテクセンター北海道,1D316,タブレット型端末を利用した通信システム構築,2026-11-26,"11月26日(木),27日(金)",受付中,受付中,https://www3.jeed.go.jp/hokkaido/poly/zaishoku/2026/1D316.html
ポリテクセンター千葉,S0503,安全確保のための現場改善手法,2026-11-26,"11/26,27",受付中,受付中,https://www3.jeed.go.jp/chiba/poly/zaishoku/2026/S0503.html
ポリテクセンター宮崎,3D010,ＰＬＣプログラミング技術＜ラダー編＞,2026-11-26,令和8年11月26日（木）、11月27日（金）,受付中,受付中,https://www3.jeed.go.jp/miyazaki/poly/zaishoku/copy_of_2026_A401-005-A_2.html
ポリテクセンター山形,YMD04,幾何公差の解釈と測定技術,2026-11-26,令和8年11月26日木曜日、令和8年11月27日金曜日,申込締切日令和8年11月12日,申込締切日,https://www3.jeed.go.jp/yamagata/poly/zaishoku/2026/2026/D101-007-A.html
ポリテクセンター山梨,E07A,センサを活用したＩｏＴアプリケーション開発技術,2026-11-26,11/26(木)、27(金),受付中,受付中,https://www3.jeed.go.jp/yamanashi/poly/zaishoku/2026/E07A.html
ポリテクセンター岡山,4M125,マシニングセンタプログラミング技術,2026-11-26,"11/26(木),27(金),30(月),12/1(火)",受付中 (空席:8),受付中,https://www3.jeed.go.jp/okayama/poly/zaishoku/2026/4M125.html
ポリテクセンター広島,P1701,設計者ＣＡＥを活用した機構解析,2026-11-26,"11/26,27",残りわずか,残りわずか,https://www3.jeed.go.jp/hiroshima/poly/zaishoku/2026/P1701.html
ポリテクセンター栃木,224-1,マイコン制御システム開発技術（ＲＸマイコン編）,2026-11-26,"11/26,27",受付中,受付中,https://www3.jeed.go.jp/tochigi/poly/zaishoku/2026/224-1.html
ポリテクセンター滋賀,X6012,生産現場に活かす品質管理技法,2026-11-26,"11/26,27",受付中,受付中,https://www3.jeed.go.jp/shiga/poly/zaishoku/2026/X6012.html
ポリテクセンター福井,7D112,現場のための電気保全技術（シーケンス制御編）,2026-11-26,11/26(木)・27(金),受付中,受付中,https://www3.jeed.go.jp/fukui/poly/zaishoku/2026/7D112.html
ポリテクセンター福岡,1M151,設計者ＣＡＥを活用した構造解析 ★セット受講推奨★,2026-11-26,"11/26(木),27(金)",受付中,受付中,https://www3.jeed.go.jp/fukuoka/poly/zaishoku/2026/1M151.html
ポリテクセンター福島,FEB01,基板製作に係る鉛フリーはんだ付け技術,2026-11-26,11/26（木）、11/27（金）,記載なし,（空欄）,https://www3.jeed.go.jp/fukushima/poly/zaishoku/2026/FEB01.html
ポリテクセンター関東,H3411,冷媒配管の加工・接合技術,2026-11-26,"11/26,27",受付中,受付中,https://www3.jeed.go.jp/kanagawa/poly/seminar/2026/H3411.html
ポリテクセンター関西,B0381,実践的ＰＬＣ制御技術《使用ＰＬＣ：オムロンCP》,2026-11-26,"11/26,27",受付中,受付中,https://www3.jeed.go.jp/osaka/poly/zaishoku/B0381.html
ポリテクセンター飯塚,2M140,３次元ツールを活用した機械設計実習,2026-11-26,"11/26(木),27(金),30(月)",受付中,受付中,https://www3.jeed.go.jp/iizuka/poly/zaishoku/2026/2M140.html
ポリテクセンター香川,2H501,排水設備保守・管理技術,2026-11-26,11/26(木)27(金),記載なし,（空欄）,https://www3.jeed.go.jp/kagawa/poly/zaishoku/2026/2H501.html
ポリテクセンター島根,3H001,実践建築設計２次元ＣＡＤ技術,2026-11-27,11/27(金)、30(月),記載なし,（空欄）,https://www3.jeed.go.jp/shimane/poly/zaishoku/2026/3H001.html
ポリテクセンター荒尾,2M017,各種の溶接施工技術,2026-11-27,"11/27(金),11/30(月)",受付中,受付中,https://www3.jeed.go.jp/arao/poly/zaishoku/2026/2M017.html
ポリテクセンター兵庫,H101A,ＢＩＭを用いた建築設計技術,2026-11-28,"11/28,29",受付中,受付中,https://www3.jeed.go.jp/hyogo/poly/contents/holding/2026/H101A.html
ポリテクセンター加古川,J201,実践建築設計２次元ＣＡＤ技術＜ＲＣ造—操作編＞,2026-11-28,"11/28,29",受付中,受付中,https://www3.jeed.go.jp/kakogawa/poly/zaishoku/2026/J201.html
ポリテクセンター宮崎,3H031,【NEW】 壁装施工の実践技術,2026-11-28,令和8年11月28日（土）、11月29日（日）,受付中,受付中,https://www3.jeed.go.jp/miyazaki/poly/zaishoku/copy_of_2026_C305-A03-A.html
ポリテクセンター広島,H0702,ＢＩＭを用いた建築生産設計技術（建築モデル作成編）,2026-11-28,"11/28,11/29",受付中,受付中,https://www3.jeed.go.jp/hiroshima/poly/zaishoku/2026/H0702.html
ポリテクセンター石川,5D432,一般用電気工作物の施工技術（２日間コース）,2026-11-28,11/28.29,受付中,受付中,https://www3.jeed.go.jp/ishikawa/poly/zaishoku/2026/5D432.html
ポリテクセンター関東,H2612,実習で学ぶ住宅設備技術（電気設備 住宅躯体への工事編）,2026-11-28,"11/28,29",受付中,受付中,https://www3.jeed.go.jp/kanagawa/poly/seminar/2026/H2612.html
ポリテクセンター三重,6D045,有接点シーケンス制御の実践技術,2026-11-30,"11/30,12/1",記載なし,（空欄）,https://www3.jeed.go.jp/mie/poly/zaishoku/2026/6D045.html
ポリテクセンター佐賀,4H403,実践建築設計２次元ＣＡＤ技術,2026-11-30,"11/30(月),12/1(火)",受付中,受付中,https://www3.jeed.go.jp/saga/poly/zaishoku/2026/4H403.html
ポリテクセンター兵庫,M221D,ステンレス鋼のＴＩＧ溶接技能クリニック＜薄肉固定管編＞,2026-11-30,"11/30,12/1,2",受付中,受付中,https://www3.jeed.go.jp/hyogo/poly/contents/holding/2026/M221D.html
ポリテクセンター埼玉,M011B,フライス盤加工応用技術（あり溝編）,2026-11-30,"11/30、12/1,2,3,4",─,（空欄）,https://www3.jeed.go.jp/saitama/poly/worker/seminar/2026/m011b.html
ポリテクセンター宮城,MHA09,ＢＩＭを用いた建築設計技術,2026-11-30,11/30(月)、12/1(火),受付中,受付中,https://www3.jeed.go.jp/miyagi/poly/zaishoku/2026/MHA09.html
ポリテクセンター山形,YMB69,ステンレス鋼のＴＩＧ溶接技能クリニック,2026-11-30,令和8年11月30日月曜日、令和8年12月1日火曜日,申込締切日令和8年11月13日,申込締切日,https://www3.jeed.go.jp/yamagata/poly/zaishoku/2026/2026/B202-007-A-3.html
ポリテクセンター関東,M0915,設計ツールによるモデリング技術【機器：ＳｏｌｉｄＷｏｒｋｓ ２０２５】,2026-11-30,"11/30,12/1,2",受付中,受付中,https://www3.jeed.go.jp/kanagawa/poly/seminar/2026/M0915.html
ポリテクセンターいわき,IEC62,一般用電気工作物の施工技術,2026-12-01,12/1（火），12/2（水），12/3（木）,受付中,受付中,https://www3.jeed.go.jp/iwaki/poly/zaishoku/2026/IEC62.html
ポリテクセンターいわき,IEA51,ＰＬＣ制御の応用技術,2026-12-01,12/1（火），12/2（水）,受付中,受付中,https://www3.jeed.go.jp/iwaki/poly/zaishoku/2026/IEA51.html
ポリテクセンター中部,E0102,ヒューマンファクターから考える安全へのアプローチ,2026-12-01,"12月1日,2日",残りわずか,残りわずか,https://www3.jeed.go.jp/aichi/poly/zaishoku/bango.html
ポリテクセンター中部,H1421,実践建築設計２次元ＣＡＤ技術（ブロック図形活用編）,2026-12-01,"12月1日,2日",空きがあります,受付中,https://www3.jeed.go.jp/aichi/poly/zaishoku/bango.html
ポリテクセンター中部,M2015,旋盤加工技術（外径・内径加工編）,2026-12-01,"12月1日,2日,3日,4日",残りわずか,残りわずか,https://www3.jeed.go.jp/aichi/poly/zaishoku/bango.html
ポリテクセンター中部,M2086,ＮＣ旋盤プログラミング技術,2026-12-01,"12月1日,2日,3日,4日",空きがあります,受付中,https://www3.jeed.go.jp/aichi/poly/zaishoku/bango.html
ポリテクセンター京都,P2591,電気系保全実践技術,2026-12-01,12/1(火)～3(木),受付中,受付中,https://www3.jeed.go.jp/kyoto/poly/zaishoku/2026/P2591.html
ポリテクセンター北海道,1M103,２次元ＣＡＤによる機械設計技術（ＡｕｔｏＣＡＤ編）,2026-12-01,"12月1日(火),2日(水),3日(木)",受付中,受付中,https://www3.jeed.go.jp/hokkaido/poly/zaishoku/2026/1M103.html
ポリテクセンター北海道,1D304,ＰＬＣプログラミング技術,2026-12-01,"12月1日(火),2日(水)",受付中,受付中,https://www3.jeed.go.jp/hokkaido/poly/zaishoku/2026/1D304.html
ポリテクセンター千葉,S0302,原価管理から見た生産性向上,2026-12-01,"12/1,2",受付中,受付中,https://www3.jeed.go.jp/chiba/poly/zaishoku/2026/S0302.html
ポリテクセンター埼玉,M053B,空気圧機器の保全,2026-12-01,"12/1,2,3",─,（空欄）,https://www3.jeed.go.jp/saitama/poly/worker/seminar/2026/m053b.html
ポリテクセンター奈良,H855,実践建築設計２次元ＣＡＤ技術（活用編）,2026-12-01,12/1、3、8、10、15、17,受付中,受付中,https://www3.jeed.go.jp/nara/poly/zaishoku/2026/H855.html
ポリテクセンター宮城,MEX78,物流改善による業務効率化の理論と技法,2026-12-01,12/1（火）、12/2（水）,受付中,受付中,https://www3.jeed.go.jp/miyagi/poly/zaishoku/2026/MEX78.html
ポリテクセンター山梨,M01B,フライス盤加工技術,2026-12-01,12/1(火)、2(水)、3(木),受付中,受付中,https://www3.jeed.go.jp/yamanashi/poly/zaishoku/2026/M01B.html
ポリテクセンター岐阜,M0102,２次元ＣＡＤによる機械製図技術,2026-12-01,"12/1（火）,2（水）,3（木）,4（金）",受付中,受付中,https://www3.jeed.go.jp/gifu/poly/zaishoku/M0102.html
ポリテクセンター新潟,1M050,３次元ＣＡＤを活用したアセンブリ技術,2026-12-01,"12/1,2,3",記載なし,（空欄）,https://www3.jeed.go.jp/niigata/poly/zaishoku/2026/1M050.html
ポリテクセンター滋賀,E5086,有接点シーケンス制御の実践技術,2026-12-01,"12/1,2",受付中,受付中,https://www3.jeed.go.jp/shiga/poly/zaishoku/2026/E5086.html
ポリテクセンター熊本,1M273,製造現場におけるヒューマンエラー対策と実践的技法,2026-12-01,"12/1(火),12/2(水)",受付中,受付中,https://www3.jeed.go.jp/kumamoto/poly/zaishoku/1M273.html
ポリテクセンター福岡,1D111,ＰＬＣ制御の応用技術,2026-12-01,"12/1(火),12/2(水)",受付中,受付中,https://www3.jeed.go.jp/fukuoka/poly/zaishoku/2026/1D111.html
ポリテクセンター群馬,MB051,フライス盤加工応用技術（複雑形状加工編）,2026-12-01,"2026/12/1(火),2(水),3(木),4(金)",お問い合わせ下さい,お問い合わせ,https://www3.jeed.go.jp/gunma/poly/zaishoku/MB051.html
ポリテクセンター茨城,M0113,旋盤加工技術,2026-12-01,"R8.12/1(火),2(水),3(木),4(金)",記載なし,（空欄）,https://www3.jeed.go.jp/ibaraki/poly/zaishoku/2026/M0113.html
ポリテクセンター長野,8X042,なぜなぜ分析による真の要因追求と現場改善,2026-12-01,"12/1(火),2(水)",受付中,受付中,https://www3.jeed.go.jp/nagano/poly/zaishoku/2026/8X042.html
ポリテクセンター関東,E6012,ヒューマンエラー対策実践（ポカミスのない職場作り）,2026-12-01,"12/1,2",残りわずか,残りわずか,https://www3.jeed.go.jp/kanagawa/poly/seminar/2026/E6012.html
ポリテクセンター関西,B0222,ＰＬＣによるタッチパネル活用技術《使用タッチパネル：三菱ＧＯＴ》,2026-12-01,"12/1,2",残りわずか,残りわずか,https://www3.jeed.go.jp/osaka/poly/zaishoku/B0222.html
ポリテクセンター静岡,3M161,旋盤によるねじ切り加工技術,2026-12-01,12/1(火)、2(水)、3(木),受付中,受付中,https://www3.jeed.go.jp/shizuoka/poly/zaishoku/2026/3M161.html
ポリテクセンター高知,5M017,マシニングセンタプログラミング技術,2026-12-01,12/1（火）、2（水）,受付中,受付中,https://www3.jeed.go.jp/kochi/poly/zaishoku/2026/5M017.html
ポリテクセンター三重,6H152,ネットワーク工程管理実践技術,2026-12-02,"12/2,12/3",記載なし,（空欄）,https://www3.jeed.go.jp/mie/poly/zaishoku/2026/6H152.html
ポリテクセンター中部,M3181,ステンレス鋼のＴＩＧ溶接技能クリニック（パイプ編）,2026-12-02,"12月2日,3日",空きがあります,受付中,https://www3.jeed.go.jp/aichi/poly/zaishoku/bango.html
ポリテクセンター中部,E4412,ディープラーニングシステム開発技術,2026-12-02,"12月2日,3日",残りわずか,残りわずか,https://www3.jeed.go.jp/aichi/poly/zaishoku/bango.html
ポリテクセンター中部,M7221,経営改善のための実績データ活用技術,2026-12-02,"12月2日,3日",空きがあります,受付中,https://www3.jeed.go.jp/aichi/poly/zaishoku/bango.html
ポリテクセンター中部,M3262,金型・工具の熱処理とＰＶＤ・ＣＶＤ技術,2026-12-02,"12月2日,3日",空きがあります,受付中,https://www3.jeed.go.jp/aichi/poly/zaishoku/bango.html
ポリテクセンター中部,E2021,ＨＤＬによるＬＳＩ開発技術,2026-12-02,"12月2日,3日,4日",空きがあります,受付中,https://www3.jeed.go.jp/aichi/poly/zaishoku/bango.html
ポリテクセンター京都,P0031,機械設備設計のための総合力学,2026-12-02,12/2(水)～4(金),受付中,受付中,https://www3.jeed.go.jp/kyoto/poly/zaishoku/2026/P0031.html
ポリテクセンター兵庫,E300H,有接点シーケンス制御の実践技術,2026-12-02,"12/2,3,4",受付中,受付中,https://www3.jeed.go.jp/hyogo/poly/contents/holding/2026/E300H.html
ポリテクセンター兵庫,E310B,電気系保全実践技術,2026-12-02,"12/2,3,4",受付中,受付中,https://www3.jeed.go.jp/hyogo/poly/contents/holding/2026/E310B.html
ポリテクセンター加古川,M172,フライス盤加工技術,2026-12-02,"12/2,3,4",受付中,受付中,https://www3.jeed.go.jp/kakogawa/poly/zaishoku/2026/M172.html
ポリテクセンター北海道,1H404,実践建築設計２次元ＣＡＤ技術（Ｊｗ＿ｃａｄ 製図支援編）,2026-12-02,"12月2日(水),3日(木)",受付中,受付中,https://www3.jeed.go.jp/hokkaido/poly/zaishoku/2026/1H404.html
ポリテクセンター埼玉,E046A,オブジェクト指向による組込みプログラム開発技術（Python 編）,2026-12-02,"12/2,3,4",─,（空欄）,https://www3.jeed.go.jp/saitama/poly/worker/seminar/2026/e046a.html
ポリテクセンター埼玉,M009A,プレス加工技術,2026-12-02,"12/2,3",─,（空欄）,https://www3.jeed.go.jp/saitama/poly/worker/seminar/2026/m009a.html
ポリテクセンター富山,3D112,電気系保全実践技術,2026-12-02,"12/2,3",受付中,受付中,https://www3.jeed.go.jp/toyama/poly/zaishoku/2026/3D112.html
ポリテクセンター広島,H3301,冷媒配管の加工・接合技術,2026-12-02,12/2、12/3,受付中,受付中,https://www3.jeed.go.jp/hiroshima/poly/zaishoku/2026/H3301.html
ポリテクセンター広島,P2001,精密測定技術（機械検査・品質管理編）,2026-12-02,12/2.3.4,受付中,受付中,https://www3.jeed.go.jp/hiroshima/poly/zaishoku/2026/P2001.html
ポリテクセンター徳島,1H121,実践建築設計２次元ＣＡＤ技術,2026-12-02,12/2(水)、12/3(木),受付中,受付中,https://www3.jeed.go.jp/tokushima/poly/zaishoku/2026/1H121.html
ポリテクセンター愛媛,4D012,シーケンス制御による電動機制御技術,2026-12-02,"12/2(水),3(木)",受付中,受付中,https://www3.jeed.go.jp/ehime/poly/seminar/2026/4D012.html
ポリテクセンター愛媛,4M081,マシニングセンタプログラミング技術,2026-12-02,"12/2(水),3(木)",受付中,受付中,https://www3.jeed.go.jp/ehime/poly/seminar/2026/4M081.html
ポリテクセンター松本,9X021,生産現場で使える原価管理,2026-12-02,12/2（水）、3（木）、4（金）,受付中,受付中,https://www3.jeed.go.jp/matsumoto/poly/zaishoku/_2026/9X021.html
ポリテクセンター沖縄,D213A,実習で学ぶ漏電診断技術,2026-12-02,令和8年12月2日（水）、令和8年12月3日（木）,受付中,受付中,https://www3.jeed.go.jp/okinawa/poly/zaishoku/2026/D213A.html
ポリテクセンター熊本,1D082,ＰＬＣプログラミング技術＜三菱ＦＸシリーズ™＞,2026-12-02,"12/2(水),3(木)",受付中,受付中,https://www3.jeed.go.jp/kumamoto/poly/zaishoku/1D082.html
ポリテクセンター石川,5D004,有接点シーケンス制御の実践技術（３日間コース）,2026-12-02,12/2.3.4,受付中,受付中,https://www3.jeed.go.jp/ishikawa/poly/zaishoku/2026/5D004.html
ポリテクセンター福岡,1M131,３次元ＣＡＤを活用したソリッドモデリング技術（CATIA）,2026-12-02,"12/2(水),3(木),4(金)",受付中,受付中,https://www3.jeed.go.jp/fukuoka/poly/zaishoku/2026/1M131.html
ポリテクセンター福島,FMB16,ＴＩＧ溶接技能クリニック（２日間）,2026-12-02,12/2(水)、12/3(木),記載なし,（空欄）,https://www3.jeed.go.jp/fukushima/poly/zaishoku/2026/FMB16.html
ポリテクセンター群馬,EA371,ＰＬＣによる電気空気圧技術（キーエンス編）,2026-12-02,"2026/12/2(水),3(木)",お問い合わせ下さい,お問い合わせ,https://www3.jeed.go.jp/gunma/poly/zaishoku/EA371.html
ポリテクセンター茨城,E0161,空気圧機器の選定技術（特徴と取扱編）,2026-12-02,"R8.12/2(水),3(木)",記載なし,（空欄）,https://www3.jeed.go.jp/ibaraki/poly/zaishoku/2026/E0161.html
ポリテクセンター関東,H1111,住空間リフォーム設計（ペット共生住宅計画編）,2026-12-02,"12/2,3",受付中,受付中,https://www3.jeed.go.jp/kanagawa/poly/seminar/2026/H1111.html
ポリテクセンター関東,M0115,実践機械製図（形状編）,2026-12-02,"12/2,3,4",受付中,受付中,https://www3.jeed.go.jp/kanagawa/poly/seminar/2026/M0115.html
ポリテクセンター関東,M4011,空気圧機器の保全（メンテナンスとトラブルシューティング）,2026-12-02,"12/2,3,4",受付中,受付中,https://www3.jeed.go.jp/kanagawa/poly/seminar/2026/M4011.html
ポリテクセンター関西,C8013,なぜなぜ分析による真の要因追求と現場改善,2026-12-02,"12/2,3,4",受付中,受付中,https://www3.jeed.go.jp/osaka/poly/zaishoku/C8013.html
ポリテクセンター関西,B2083,ディジタル回路設計技術,2026-12-02,"12/2,3,4",受付中,受付中,https://www3.jeed.go.jp/osaka/poly/zaishoku/B2083.html
ポリテクセンター関西,C2712,工具研削実践技術（バイト・ねじ編）,2026-12-02,"12/2,3",受付中,受付中,https://www3.jeed.go.jp/osaka/poly/zaishoku/C2712.html
ポリテクセンター静岡,3D572,機械制御のためのマイコン実践技術,2026-12-02,12/2(水)、3(木)、4(金),受付中,受付中,https://www3.jeed.go.jp/shizuoka/poly/zaishoku/2026/3D572.html
ポリテクセンター高知,5D004,ＰＬＣによる自動化制御技術,2026-12-02,12/2（水）、3（木）,受付中,受付中,https://www3.jeed.go.jp/kochi/poly/zaishoku/2026/5D004.html
ポリテクセンター鳥取,1M261,半自動アーク溶接技能クリニック,2026-12-02,"12/2(水),3(木)",受付中,受付中,https://www3.jeed.go.jp/tottori/poly/zaishoku/2026/1M261.html
ポリテクセンター北海道,1D306,ＰＬＣ制御の応用技術（ＳＴ編）,2026-12-03,"12月3日(木),4日(金)",受付中,受付中,https://www3.jeed.go.jp/hokkaido/poly/zaishoku/2026/1D306.html
ポリテクセンター千葉,S0103,仕事と人を動かす現場監督者の育成,2026-12-03,"12/3,4",受付中,受付中,https://www3.jeed.go.jp/chiba/poly/zaishoku/2026/S0103.html
ポリテクセンター千葉,W0202,半自動アーク溶接技能クリニック,2026-12-03,"12/3,4",受付中,受付中,https://www3.jeed.go.jp/chiba/poly/zaishoku/2026/W0202.html
ポリテクセンター千葉,M1201,旋削加工の理論と実際,2026-12-03,"12/3,4",受付中,受付中,https://www3.jeed.go.jp/chiba/poly/zaishoku/2026/M1201.html
ポリテクセンター君津,KG032,現場の安全確保（５Ｓ）と生産性向上,2026-12-03,12/3（木）、12/4（金）,受付中,受付中,https://www3.jeed.go.jp/kimitsu/poly/zaishoku/2026/KG032.html
ポリテクセンター埼玉,E012A,基板製作に係る鉛フリーはんだ付け技術,2026-12-03,"12/3,4",─,（空欄）,https://www3.jeed.go.jp/saitama/poly/worker/seminar/2026/e012a.html
ポリテクセンター埼玉,M001B,旋盤セットコース２ （旋盤加工応用技術＆旋盤加工技術）,2026-12-03,"12/3,4,7,8 12/9,10,11",─,（空欄）,https://www3.jeed.go.jp/saitama/poly/worker/seminar/2026/m001b.html
ポリテクセンター奈良,E311,ＰＬＣによるタッチパネル活用技術,2026-12-03,12/3(木)、4(金),受付中,受付中,https://www3.jeed.go.jp/nara/poly/zaishoku/2026/E311.html
ポリテクセンター宮城,MMB02,旋盤加工技術（外径加工編）,2026-12-03,12/3（木）、12/4（金）,受付中,受付中,https://www3.jeed.go.jp/miyagi/poly/zaishoku/2026/MMB02.html
ポリテクセンター山形,YHA13,ＢＩＭを用いた建築設計技術,2026-12-03,令和8年12月3日木曜日、令和8年12月4日金曜日,申込締切日令和8年11月18日,申込締切日,https://www3.jeed.go.jp/yamagata/poly/zaishoku/2026/2026/A801-007-A-4.html
ポリテクセンター岡山,4D112,ＰＬＣによる電気空気圧技術,2026-12-03,"12/3(木),4(金)",受付中 (空席:4),受付中,https://www3.jeed.go.jp/okayama/poly/zaishoku/2026/4D112.html
ポリテクセンター広島,E0201,ＣＡＤによる電気設備の設計技術,2026-12-03,"12/3,4",受付中,受付中,https://www3.jeed.go.jp/hiroshima/poly/zaishoku/2026/E0201.html
ポリテクセンター延岡,4M306,ステンレス鋼のＴＩＧ溶接技能クリニック,2026-12-03,"12/3(木),12/4(金)",受付中,受付中,https://www3.jeed.go.jp/nobeoka/poly/zaishoku/2026/4M306.html
ポリテクセンター新潟,1S021,生産性向上を目指した生産管理手法,2026-12-03,"12/3,4",記載なし,（空欄）,https://www3.jeed.go.jp/niigata/poly/zaishoku/2026/1S021.html
ポリテクセンター新潟,1D110,組込み技術者のためのプログラミング（Ｃ言語編）,2026-12-03,"12/3,4",記載なし,（空欄）,https://www3.jeed.go.jp/niigata/poly/zaishoku/2026/1D110.html
ポリテクセンター旭川,4M401,生産現場の機械保全技術,2026-12-03,１２/３(木)、１２/４(金),受付中,受付中,https://www3.jeed.go.jp/asahikawa/poly/zaisyoku/2026/4M401.html
ポリテクセンター松本,9M203,精密測定技術,2026-12-03,"12/3（木）,4（金）",受付中,受付中,https://www3.jeed.go.jp/matsumoto/poly/zaishoku/_2026/9M203.html
ポリテクセンター滋賀,X6064,現場の安全確保（５Ｓ）と生産性向上,2026-12-03,"12/3,4",受付中,受付中,https://www3.jeed.go.jp/shiga/poly/zaishoku/2026/X6064.html
ポリテクセンター秋田,4DD12,有接点シーケンス制御の実践技術,2026-12-03,"12/3(木),4(金)",受付中,受付中,https://www3.jeed.go.jp/akita/poly/zaishoku/2026/4DD12.html
ポリテクセンター茨城,E0171,太陽光発電システムのメンテナンス技術,2026-12-03,"R8.12/3(木),4(金)",記載なし,（空欄）,https://www3.jeed.go.jp/ibaraki/poly/zaishoku/2026/E0171.html
ポリテクセンター釧路,5D040,有接点シーケンス制御の実践技術,2026-12-03,12/3（木），4（金）,記載なし,（空欄）,https://www3.jeed.go.jp/kushiro/poly/zaishoku/2026/5D040.html
ポリテクセンター関東,E4812,仕事と人を動かす現場監督者の育成（リーダーシップ力の強化）,2026-12-03,"12/3,4",受付中,受付中,https://www3.jeed.go.jp/kanagawa/poly/seminar/2026/E4812.html
ポリテクセンター関東,E1415,組込み技術者のためのプログラミング（Ｃ言語 ＩｏＴスタートアップ）,2026-12-03,"12/3,4",受付中,受付中,https://www3.jeed.go.jp/kanagawa/poly/seminar/2026/E1415.html
ポリテクセンター関東,M1014,３次元ＣＡＤを活用したアセンブリ技術【機器：ＳｏｌｉｄＷｏｒｋｓ ２０２５】,2026-12-03,"12/3,4",受付中,受付中,https://www3.jeed.go.jp/kanagawa/poly/seminar/2026/M1014.html
ポリテクセンター関西,B1122,省エネルギーのための電気管理,2026-12-03,"12/3,4",受付中,受付中,https://www3.jeed.go.jp/osaka/poly/zaishoku/B1122.html
ポリテクセンター関西,B0231,ＰＬＣによるタッチパネル活用技術《使用タッチパネル：キーエンスVT》,2026-12-03,"12/3,4",受付中,受付中,https://www3.jeed.go.jp/osaka/poly/zaishoku/B0231.html
ポリテクセンター飯塚,2M110,３次元ＣＡＤを活用したサーフェスモデリング技術,2026-12-03,"12/3(木),4(金)",受付中,受付中,https://www3.jeed.go.jp/iizuka/poly/zaishoku/2026/2M110.html
ポリテクセンター高知,5M018,マシニングセンタ加工技術,2026-12-03,12/3（木）、4（金）,受付中,受付中,https://www3.jeed.go.jp/kochi/poly/zaishoku/2026/5M018.html
ポリテクセンター佐賀,4M126,潤滑油剤の機械保全技術（機械保全応用編）,2026-12-04,"12/4(金),11(金)",受付中,受付中,https://www3.jeed.go.jp/saga/poly/zaishoku/2026/4M126.html
ポリテクセンター兵庫,M2102,半自動アーク溶接技能クリニック＜理論と実践編＞,2026-12-04,"12/4,5",受付中,受付中,https://www3.jeed.go.jp/hyogo/poly/contents/holding/2026/M2102.html
ポリテクセンター佐世保,6H003,管工事の施工管理技術,2026-12-05,"12/5(土),13(日),19(土)",受付中,受付中,https://www3.jeed.go.jp/sasebo/poly/zaishoku/2026/6H003.html
ポリテクセンター兵庫,M201E,被覆アーク溶接技能クリニック（各種姿勢編）,2026-12-05,"12/5,12",受付中,受付中,https://www3.jeed.go.jp/hyogo/poly/contents/holding/2026/M201E.html
ポリテクセンター加古川,J301,実践建築設計２次元ＣＡＤ技術＜ＲＣ造ー設定編＞,2026-12-05,"12/5,6",受付中,受付中,https://www3.jeed.go.jp/kakogawa/poly/zaishoku/2026/J301.html
ポリテクセンター和歌山,M53-2,ステンレス鋼のＴＩＧ溶接技能クリニック,2026-12-05,12/5（土）、6（日）,受付中,受付中,https://www3.jeed.go.jp/wakayama/poly/zaishoku/M53-2.html
ポリテクセンター和歌山,E05-1,ＰＬＣによる電動機制御の実務,2026-12-05,12/5(土)、6(日),受付中,受付中,https://www3.jeed.go.jp/wakayama/poly/zaishoku/E05-1.html
ポリテクセンター奈良,H201,木造住宅における許容応力度設計技術,2026-12-05,12/5(土)、6(日),受付中,受付中,https://www3.jeed.go.jp/nara/poly/zaishoku/2026/H201.html
ポリテクセンター宮崎,3M014,マシニングセンタプログラミング技術,2026-12-05,令和8年12月5日（土）、12月6日（日）、12月12日（土）、12月13日（日）,受付中,受付中,https://www3.jeed.go.jp/miyazaki/poly/zaishoku/2026_B102-011-A.html
ポリテクセンター宮崎,3M015,２次元ＣＡＤによる機械製図技術,2026-12-05,令和8年12月5日（土）、12月12日（土）、12月19日（土）,受付中,受付中,https://www3.jeed.go.jp/miyazaki/poly/zaishoku/2026_A202-A22-A.html
ポリテクセンター広島,M0602,アルミニウム合金のＴＩＧ溶接技能クリニック（ＭＩＧ溶接対応コース）,2026-12-05,"12/5,6",受付中,受付中,https://www3.jeed.go.jp/hiroshima/poly/zaishoku/2026/M0602.html
ポリテクセンター広島,H0802,ＢＩＭを用いた建築生産設計技術（建築モデル活用編）,2026-12-05,"12/5,12/6",受付中,受付中,https://www3.jeed.go.jp/hiroshima/poly/zaishoku/2026/H0802.html
ポリテクセンター愛媛,4H211,木材加工技術における問題解決法と品質の向上,2026-12-05,"12/5(土),6(日)",受付中,受付中,https://www3.jeed.go.jp/ehime/poly/seminar/2026/4H211.html
ポリテクセンター新潟,1M210,アルミニウム合金のＴＩＧ溶接技能クリニック,2026-12-05,"12/5,12",記載なし,（空欄）,https://www3.jeed.go.jp/niigata/poly/zaishoku/2026/1M210.html
ポリテクセンター新潟,1H040,実践建築設計３次元ＣＡＤ技術,2026-12-05,"12/5,6",記載なし,（空欄）,https://www3.jeed.go.jp/niigata/poly/zaishoku/2026/1H040.html
ポリテクセンター沖縄,E1270,マイコン制御システム開発技術（シングルボードコンピュータ編）,2026-12-05,令和8年12月5日（土）、令和8年12月12日（土）,受付中,受付中,https://www3.jeed.go.jp/okinawa/poly/zaishoku/2026/E1270.html
ポリテクセンター沖縄,H1230,振れ隅工法の加工実践技術,2026-12-05,令和8年12月5日（土）、令和8年12月6日（日）、令和8年12月20日（日）,受付中,受付中,https://www3.jeed.go.jp/okinawa/poly/zaishoku/2026/H1230.html
ポリテクセンター沖縄,H1240,ＢＩＭを用いた建築設計技術,2026-12-05,令和8年12月5日（土）、令和8年12月6日（日）、令和8年12月12日（土）,受付中,受付中,https://www3.jeed.go.jp/okinawa/poly/zaishoku/2026/H1240.html
ポリテクセンター熊本,1M032,ステンレス鋼のＴＩＧ溶接技能クリニック,2026-12-05,"12/5(土),12/6(日)",受付中,受付中,https://www3.jeed.go.jp/kumamoto/poly/zaishoku/1M032.html
ポリテクセンター熊本,1H191,冷媒配管の施工と空調機器据付け技術＜ルームエアコン編＞,2026-12-05,"12/5(土),12/6(日)",受付中,受付中,https://www3.jeed.go.jp/kumamoto/poly/zaishoku/1H191.html
ポリテクセンター熊本,1H012,実践建築設計２次元ＣＡＤ技術＜Ｊｗ＿ｃａｄ™編＞,2026-12-05,"12/5(土),12/6(日)",受付中,受付中,https://www3.jeed.go.jp/kumamoto/poly/zaishoku/1H012.html
ポリテクセンター石川,5D403,現場のための電気保全技術,2026-12-05,12/5.6,受付中,受付中,https://www3.jeed.go.jp/ishikawa/poly/zaishoku/2026/5D403.html
ポリテクセンター長崎,5H011,トラブル事例から学ぶ各種管の加工・接合技術,2026-12-05,"12/5(土),6(日),12(日)",受付中,受付中,https://www3.jeed.go.jp/nagasaki/poly/zaishoku/2026/5H011.html
ポリテクセンター香川,2M311,ステンレス鋼のＴＩＧ溶接技能クリニック,2026-12-05,12/5(土)6(日),記載なし,（空欄）,https://www3.jeed.go.jp/kagawa/poly/zaishoku/2026/2M311.html
ポリテクセンター伊勢,7E031,ＰＬＣ制御の回路技術,2026-12-06,"12/6（火）,7（水）",記載なし,（空欄）,https://www3.jeed.go.jp/ise/poly/zaishoku/A401-006-A.html
ポリテクセンター鳥取,1H240,隅木・振垂木の施工実践技術,2026-12-06,"12/6(日),13(日),20(日)",受付中,受付中,https://www3.jeed.go.jp/tottori/poly/zaishoku/2026/1H240.html
ポリテクセンター京都,P2012,トランジスタ回路の設計と評価の実践技術,2026-12-07,12/7(月)～8(火),受付中,受付中,https://www3.jeed.go.jp/kyoto/poly/zaishoku/2026/P2012.html
ポリテクセンター伊勢,7H022,実践建築設計２次元ＣＡＤ技術（活用編）,2026-12-07,"12/7（水）,12/8(木)",記載なし,（空欄）,https://www3.jeed.go.jp/ise/poly/zaishoku/A804-B04-A-2.html
ポリテクセンター兵庫,B307B,生産性向上を目指した生産管理手法,2026-12-07,"12/7,8",受付中,受付中,https://www3.jeed.go.jp/hyogo/poly/contents/holding/2026/B307B.html
ポリテクセンター兵庫,H103A,ＢＩＭを用いた建築設計技術＜モデリング編＞,2026-12-07,"12/7,8,9",受付中,受付中,https://www3.jeed.go.jp/hyogo/poly/contents/holding/2026/H103A.html
ポリテクセンター埼玉,M021B,ＮＣ旋盤プログラミング技術,2026-12-07,"12/7,8,9,10,11",─,（空欄）,https://www3.jeed.go.jp/saitama/poly/worker/seminar/2026/m021b.html
ポリテクセンター松本,9M042,３次元ＣＡＤを活用したソリッドモデリング技術【Ｆｕｓｉｏｎ３６０】,2026-12-07,"12/7（月）,8（火）,9（水）",受付中,受付中,https://www3.jeed.go.jp/matsumoto/poly/zaishoku/_2026/9M042.html
ポリテクセンター関西,B1053,保護継電器の評価と保護協調,2026-12-07,"12/7,8",残りわずか,残りわずか,https://www3.jeed.go.jp/osaka/poly/zaishoku/B1053.html
ポリテクセンター関西,B0404,自動化設備における画像処理技術《使用画像処理装置：キーエンス》,2026-12-07,"12/7,8,9",受付中,受付中,https://www3.jeed.go.jp/osaka/poly/zaishoku/B0404.html
ポリテクセンター三重,6D061,制御盤製作技術,2026-12-08,"12/8,12/9,12/10",記載なし,（空欄）,https://www3.jeed.go.jp/mie/poly/zaishoku/2026/6D061.html
ポリテクセンター中部,E1082,アナログ回路の設計と評価の実践技術,2026-12-08,"12月8日,9日",残りわずか,残りわずか,https://www3.jeed.go.jp/aichi/poly/zaishoku/bango.html
ポリテクセンター中部,E3121,ブラシレスＤＣモータのベクトル制御技術,2026-12-08,"12月8日,9日",空きがあります,受付中,https://www3.jeed.go.jp/aichi/poly/zaishoku/bango.html
ポリテクセンター中部,M1195,３次元ＣＡＤを活用したソリッドモデリング技術,2026-12-08,"12月8日,9日,10日",残りわずか,残りわずか,https://www3.jeed.go.jp/aichi/poly/zaishoku/bango.html
ポリテクセンター千葉,M0104,実践機械製図（投影法・図示法編）,2026-12-08,"12/8,9,10",受付中,受付中,https://www3.jeed.go.jp/chiba/poly/zaishoku/2026/M0104.html
ポリテクセンター君津,KM013,３次元ＣＡＤを活用したソリッドモデリング技術,2026-12-08,12/8（火）、12/9（水）,受付中,受付中,https://www3.jeed.go.jp/kimitsu/poly/zaishoku/2026/KM013.html
ポリテクセンター埼玉,M057B,生産設備診断技術（回転機械編）,2026-12-08,"12/8,9,10",─,（空欄）,https://www3.jeed.go.jp/saitama/poly/worker/seminar/2026/m057b.html
ポリテクセンター大分,7M112,機械設計のための総合力学,2026-12-08,"12月8日(火),12月9日(水),12月10日(木)",受付中,受付中,https://www3.jeed.go.jp/oita/poly/zaishoku/2026/7M112.html
ポリテクセンター宮城,MMB66,ＴＩＧ溶接技能クリニック（各種材料施工編）,2026-12-08,12/8（火）、9（水）,受付中,受付中,https://www3.jeed.go.jp/miyagi/poly/zaishoku/2026/MMB66.html
ポリテクセンター富山,3D092,空気圧実践技術,2026-12-08,"12/8,9,10",受付中,受付中,https://www3.jeed.go.jp/toyama/poly/zaishoku/2026/3D092.html
ポリテクセンター富山,3M360,ＭＢＤ（ＭｏｄｅｌＢａｓｅｄＤｅｆｉｎｉｔｉｏｎ）による３ＤＡモデリング技術,2026-12-08,"12/8,9",受付中,受付中,https://www3.jeed.go.jp/toyama/poly/zaishoku/2026/3M360.html
ポリテクセンター山口,9D308,ＰＬＣによるタッチパネル活用技術,2026-12-08,12/8（火）、9（水）,受付中,受付中,https://www3.jeed.go.jp/yamaguchi/poly/zaishoku/2026/9D308.html
ポリテクセンター山梨,M04B,旋盤加工技術,2026-12-08,12/8(火)、9(水)、10(木)、11(金),受付中,受付中,https://www3.jeed.go.jp/yamanashi/poly/zaishoku/2026/M04B.html
ポリテクセンター山梨,D08A,電気系保全実践技術,2026-12-08,12/8(火)、9(水)、10(木),受付中,受付中,https://www3.jeed.go.jp/yamanashi/poly/zaishoku/2026/D08A.html
ポリテクセンター岐阜,M0602,ＮＣ旋盤プログラミング技術,2026-12-08,"12/8（火）,9（水）,10（木）,11（金）",受付中,受付中,https://www3.jeed.go.jp/gifu/poly/zaishoku/M0602.html
ポリテクセンター岐阜,E3202,ＰＬＣによる電動機制御の実務【モータ制御編】 使用機器 三菱Ｑシリーズ,2026-12-08,"12/8（火）,9（水）",受付中,受付中,https://www3.jeed.go.jp/gifu/poly/zaishoku/E3202.html
ポリテクセンター岩手,3D221,ＰＬＣ制御の応用技術,2026-12-08,"12/8(火), 9(水), 10(木)",受付中,受付中,https://www3.jeed.go.jp/iwate/poly/zaishoku/2026/3D221.html
ポリテクセンター島根,3D014,一般用電気工作物の施工技術,2026-12-08,12/8(火)、9(水),記載なし,（空欄）,https://www3.jeed.go.jp/shimane/poly/zaishoku/2026/3D014.html
ポリテクセンター広島,E1201,高圧電気設備の保守点検技術,2026-12-08,"12/8,9",受付中,受付中,https://www3.jeed.go.jp/hiroshima/poly/zaishoku/2026/E1201.html
ポリテクセンター広島,E3301,ＰＬＣ制御の回路技術（ランプ制御編）,2026-12-08,"12/8,9",受付中,受付中,https://www3.jeed.go.jp/hiroshima/poly/zaishoku/2026/E3301.html
ポリテクセンター徳島,1M122,抵抗スポット溶接実践技術,2026-12-08,12/8(火)、12/9(水),受付中,受付中,https://www3.jeed.go.jp/tokushima/poly/zaishoku/2026/1M122.html
ポリテクセンター愛媛,4M401,マシニングセンタ加工技術,2026-12-08,"12/8(火),9(水),10(木)",受付中,受付中,https://www3.jeed.go.jp/ehime/poly/seminar/2026/4M401.html
ポリテクセンター新潟,1M160,フライス加工の理論と実際,2026-12-08,"12/8,9",記載なし,（空欄）,https://www3.jeed.go.jp/niigata/poly/zaishoku/2026/1M160.html
ポリテクセンター石川,5D133,ＰＬＣによる自動化制御技術（使用機器：三菱Ｑシリーズ）,2026-12-08,12/8.9.10.11,受付中,受付中,https://www3.jeed.go.jp/ishikawa/poly/zaishoku/2026/5D133.html
ポリテクセンター福井,7M033,２次元ＣＡＤによる機械製図技術,2026-12-08,12/8(火)・9(水)・10(木),受付中,受付中,https://www3.jeed.go.jp/fukui/poly/zaishoku/2026/7M033.html
ポリテクセンター茨城,E1321,クラウド活用によるＩｏＴシステム構築技術（ＥＳＰ３２・Ｆｉｒｅｂａｓｅ編）,2026-12-08,"R8.12/8(火),9(水),10(木)",記載なし,（空欄）,https://www3.jeed.go.jp/ibaraki/poly/zaishoku/2026/E1321.html
ポリテクセンター茨城,M0121,旋盤加工技術（組合せ部品加工編）,2026-12-08,"R8.12/8(火),9(水),10(木)",記載なし,（空欄）,https://www3.jeed.go.jp/ibaraki/poly/zaishoku/2026/M0121.html
ポリテクセンター釧路,5D041,シーケンス制御による電動機制御技術,2026-12-08,12/8（火），9（水）,記載なし,（空欄）,https://www3.jeed.go.jp/kushiro/poly/zaishoku/2026/5D041.html
ポリテクセンター長野,8D051,ＰＬＣによるタッチパネル活用技術,2026-12-08,"12/8(火),9(水)",受付中,受付中,https://www3.jeed.go.jp/nagano/poly/zaishoku/2026/8D051.html
ポリテクセンター関西,B2111,ＨＤＬによるＬＳＩ開発技術《使用言語：Ｖｅｒｉｌｏｇ－ＨＤＬ 使用ＬＳＩ：インテル》,2026-12-08,"12/8,9,10",受付中,受付中,https://www3.jeed.go.jp/osaka/poly/zaishoku/B2111.html
ポリテクセンター香川,2M011,２次元ＣＡＤによる機械製図技術,2026-12-08,12/8(火)12/9(水)12/10(木)12/11(金),記載なし,（空欄）,https://www3.jeed.go.jp/kagawa/poly/zaishoku/2026/2M011.html
ポリテクセンター鹿児島,5M127,旋盤加工技術,2026-12-08,12/8(火)、12/9(水)、12/10(木),受付中,受付中,https://www3.jeed.go.jp/kagoshima/poly/zaishoku/2026/5M127.html
ポリテクセンター鹿児島,5D105,ＰＬＣ制御の回路技術,2026-12-08,12/8(火)、12/9(水),受付中,受付中,https://www3.jeed.go.jp/kagoshima/poly/zaishoku/2026/5D105.html
ポリテクセンターいわき,IEC11,冷媒配管の施工と空調機器据付け技術,2026-12-09,12/9 (水)，12/10 (木),受付中,受付中,https://www3.jeed.go.jp/iwaki/poly/zaishoku/2026/IEC11.html
ポリテクセンター中部,E6232,【コース追加しました】 ＰＬＣによるインバータ制御技術,2026-12-09,"12月9日,12月10日",残りわずか,残りわずか,https://www3.jeed.go.jp/aichi/poly/zaishoku/bango.html
ポリテクセンター中部,M5018,精密測定技術,2026-12-09,"12月9日,10日",空きがあります,受付中,https://www3.jeed.go.jp/aichi/poly/zaishoku/bango.html
ポリテクセンター京都,P0291,精密測定技術（技能エキスパート編）,2026-12-09,12/9(水)～10(木),受付中,受付中,https://www3.jeed.go.jp/kyoto/poly/zaishoku/2026/P0291.html
ポリテクセンター京都,P2121,製造現場におけるＬＡＮ活用技術,2026-12-09,12/9(水)～10(木),受付中,受付中,https://www3.jeed.go.jp/kyoto/poly/zaishoku/2026/P2121.html
ポリテクセンター兵庫,E320D,実践的ＰＬＣ制御技術,2026-12-09,"12/9,10",残りわずか,残りわずか,https://www3.jeed.go.jp/hyogo/poly/contents/holding/2026/E320D.html
ポリテクセンター加古川,M251,プレスブレーキによる曲げ加工実践,2026-12-09,"12/9,10",受付中,受付中,https://www3.jeed.go.jp/kakogawa/poly/zaishoku/2026/M251.html
ポリテクセンター千葉,E0303,低圧電気設備の保守点検技術,2026-12-09,"12/9,10",受付中,受付中,https://www3.jeed.go.jp/chiba/poly/zaishoku/2026/copy_of_copy_of_E0301.html
ポリテクセンター千葉,H0903,実践建築設計２次元ＣＡＤ技術（使用機器：ＡｕｔｏＣＡＤ２０２４）,2026-12-09,"12/9,10",受付中,受付中,https://www3.jeed.go.jp/chiba/poly/zaishoku/2026/H0903.html
ポリテクセンター千葉,M2203,油圧機器の取り扱いと調整,2026-12-09,"12/9,10",受付中,受付中,https://www3.jeed.go.jp/chiba/poly/zaishoku/2026/M2203.html
ポリテクセンター埼玉,E001F,有接点シーケンス制御の実践技術,2026-12-09,"12/9,10",─,（空欄）,https://www3.jeed.go.jp/saitama/poly/worker/seminar/2026/e001f.html
ポリテクセンター大分,7D103,ＰＬＣ制御の回路技術,2026-12-09,"12月9日(水),12月10日(木)",受付中,受付中,https://www3.jeed.go.jp/oita/poly/zaishoku/2026/7D103.html
ポリテクセンター宮城,MMA06,設計に活かす３次元ＣＡＤソリッドモデリング技術,2026-12-09,12/9（水）、12/10（木）、12/11（金）,受付中,受付中,https://www3.jeed.go.jp/miyagi/poly/zaishoku/2026/MMA06.html
ポリテクセンター山形,YEX01,自家用電気工作物の高圧機器技術,2026-12-09,令和8年12月9日水曜日、令和8年12月10日木曜日,申込締切日令和8年11月25日,申込締切日,https://www3.jeed.go.jp/yamagata/poly/zaishoku/2026/2026/X103-006-A.html
ポリテクセンター山梨,W05A,パルスＴＩＧ溶接実践技術,2026-12-09,12/9(水)、10(木),受付中,受付中,https://www3.jeed.go.jp/yamanashi/poly/zaishoku/2026/W05A.html
ポリテクセンター岡山,4M117,旋盤加工技術（３つ爪編）,2026-12-09,"12/9(水),10(木),11(金)",受付中 (空席:4),受付中,https://www3.jeed.go.jp/okayama/poly/zaishoku/2026/4M117.html
ポリテクセンター広島,P3401,精密ワイヤ放電加工技術,2026-12-09,"12/9,10",受付中,受付中,https://www3.jeed.go.jp/hiroshima/poly/zaishoku/2026/P3401.html
ポリテクセンター栃木,132-2,半自動アーク溶接技能クリニック（板材編）,2026-12-09,"12/9,10",受付中,受付中,https://www3.jeed.go.jp/tochigi/poly/zaishoku/2026/132-2.html
ポリテクセンター栃木,203-1,ＰＬＣプログラミング技術（ＳＦＣ編）,2026-12-09,"12/9,10",受付中,受付中,https://www3.jeed.go.jp/tochigi/poly/zaishoku/2026/203-1.html
ポリテクセンター滋賀,E5092,シーケンス制御による電動機制御技術,2026-12-09,"12/9,10",受付中,受付中,https://www3.jeed.go.jp/shiga/poly/zaishoku/2026/E5092.html
ポリテクセンター福岡,1D711,ＶＬＡＮ間ルーティング技術,2026-12-09,"12/9(水),10(木)",受付中,受付中,https://www3.jeed.go.jp/fukuoka/poly/zaishoku/2026/1D711.html
ポリテクセンター米子,2D005,ＰＬＣ制御の回路技術,2026-12-09,令和8年12月9日(水)、12月10日(木),受付中,受付中,https://www3.jeed.go.jp/yonago/poly/zaishoku/2026/2D005.html
ポリテクセンター群馬,SZ041,生産性向上のための現場管理者の作業指示技法（人材育成への効果的表現）,2026-12-09,"2026/12/9(水),10(木)",お問い合わせ下さい,お問い合わせ,https://www3.jeed.go.jp/gunma/poly/zaishoku/SZ041.html
ポリテクセンター群馬,MD032,精密測定技術（機械検査編）,2026-12-09,"2026/12/9(水),10(木)",お問い合わせ下さい,お問い合わせ,https://www3.jeed.go.jp/gunma/poly/zaishoku/MD032.html
ポリテクセンター群馬,EA301,ＨＤＬによる回路設計技術（ＶＨＤＬ編）,2026-12-09,"2026/12/9(水),10(木),11(金)",お問い合わせ下さい,お問い合わせ,https://www3.jeed.go.jp/gunma/poly/zaishoku/EA301.html
ポリテクセンター茨城,E2301,製造現場内ネットワークの構築（製造現場におけるＬＡＮ活用編）,2026-12-09,"R8.12/9(水),10(木)",記載なし,（空欄）,https://www3.jeed.go.jp/ibaraki/poly/zaishoku/2026/E2301.html
ポリテクセンター茨城,M0052,３次元ＣＡＤを活用したソリッドモデリング技術 使用機器 ＳｏｌｉｄＷｏｒｋｓ,2026-12-09,"R8.12/9(水),10(木),11(金)",記載なし,（空欄）,https://www3.jeed.go.jp/ibaraki/poly/zaishoku/2026/M0052.html
ポリテクセンター関東,M1312,ＣＡＥを活用した構造解析技術（モデル化実践編）【機器：ＳｏｌｉｄＷｏｒｋｓ ２０２５】,2026-12-09,"12/9,10,11",受付中,受付中,https://www3.jeed.go.jp/kanagawa/poly/seminar/2026/M1312.html
ポリテクセンター関西,C2902,被覆アーク溶接技能クリニック,2026-12-09,"12/9,10",受付中,受付中,https://www3.jeed.go.jp/osaka/poly/zaishoku/C2902.html
ポリテクセンター静岡,3H161,住空間リフォーム設計（概算費用算出編）,2026-12-09,12/9(水)、10(木),受付中,受付中,https://www3.jeed.go.jp/shizuoka/poly/zaishoku/2026/3H161.html
ポリテクセンター静岡,3K033,実践生産性改善＜収益力向上の現場運営とムダ取り技法＞,2026-12-09,12/9(水)、10(木),残りわずか,残りわずか,https://www3.jeed.go.jp/shizuoka/poly/zaishoku/2026/3K033.html
ポリテクセンター香川,2H202,冷媒配管の施工と空調機器据付け技術（ルームエアコン施工編）,2026-12-09,12/9(水)10(木),記載なし,（空欄）,https://www3.jeed.go.jp/kagawa/poly/zaishoku/2026/2H202.html
ポリテクセンターいわき,IMX41,ＱＣ７つ道具活用による製造現場における品質改善・品質保証（ＱＣ７つ道具でお客様の信頼をつかむ！）,2026-12-10,"12/10（木）,12/11（金）",受付中,受付中,https://www3.jeed.go.jp/iwaki/poly/zaishoku/2026/IMX41.html
ポリテクセンター中部,E3871,モデルベース開発による永久磁石同期モータのベクトル制御設計技術,2026-12-10,"12月10日,11日",空きがあります,受付中,https://www3.jeed.go.jp/aichi/poly/zaishoku/bango.html
ポリテクセンター中部,H2041,木造住宅における限界耐力設計技術,2026-12-10,"12月10日,11日",空きがあります,受付中,https://www3.jeed.go.jp/aichi/poly/zaishoku/bango.html
ポリテクセンター京都,P0441,生産現場に活かす品質管理技法,2026-12-10,12/10(木)～11(金),受付中,受付中,https://www3.jeed.go.jp/kyoto/poly/zaishoku/2026/P0441.html
ポリテクセンター兵庫,M2207,ステンレス鋼のＴＩＧ溶接技能クリニック＜板材編＞,2026-12-10,"12/10,11",受付中,受付中,https://www3.jeed.go.jp/hyogo/poly/contents/holding/2026/M2207.html
ポリテクセンター兵庫,B301B,生産現場における現場改善技法,2026-12-10,"12/10,11",受付中,受付中,https://www3.jeed.go.jp/hyogo/poly/contents/holding/2026/B301B.html
ポリテクセンター兵庫,E2121,組込み技術者のためのプログラミング＜Ｐｙｔｈｏｎ：Ｉ／Ｏ制御編＞,2026-12-10,"12/10,11",受付中,受付中,https://www3.jeed.go.jp/hyogo/poly/contents/holding/2026/E2121.html
ポリテクセンター北海道,1D514,現場のための電気保全技術,2026-12-10,"12月10日(木),11日(金)",受付中,受付中,https://www3.jeed.go.jp/hokkaido/poly/zaishoku/2026/1D514.html
ポリテクセンター北海道,1D310,ＰＬＣによるタッチパネル活用技術,2026-12-10,"12月10日(木),11日(金)",受付中,受付中,https://www3.jeed.go.jp/hokkaido/poly/zaishoku/2026/1D310.html
ポリテクセンター君津,KM023,３次元ＣＡＤを活用したソリッドモデリング技術（アドバンス編）,2026-12-10,12/10（木）、12/11（金）,受付中,受付中,https://www3.jeed.go.jp/kimitsu/poly/zaishoku/2026/KM023.html
ポリテクセンター埼玉,S006A,なぜなぜ分析による真の要因追求と現場改善,2026-12-10,"12/10,11",─,（空欄）,https://www3.jeed.go.jp/saitama/poly/worker/seminar/2026/s006a.html
ポリテクセンター埼玉,E028A,マイコンによるＤＣブラシ付きモータ制御技術（PID制御編）,2026-12-10,"12/10,11",─,（空欄）,https://www3.jeed.go.jp/saitama/poly/worker/seminar/2026/e028a.html
ポリテクセンター宮城,MMB05,フライス盤加工技術（平面・六面体加工編）,2026-12-10,12/10（木）、12/11（金）,受付中,受付中,https://www3.jeed.go.jp/miyagi/poly/zaishoku/2026/MMB05.html
ポリテクセンター宮城,MEX62,＜機械保全に活かす電気スキル＞電気系保全実践技術（工場内の電気編）,2026-12-10,12/10（木）、12/11（金）,受付中,受付中,https://www3.jeed.go.jp/miyagi/poly/zaishoku/2026/MEX62.html
ポリテクセンター岩手,3M321,ＮＣ旋盤加工技術,2026-12-10,"12/10(木), 11(金)",受付中,受付中,https://www3.jeed.go.jp/iwate/poly/zaishoku/2026/3M321.html
ポリテクセンター島根,3D015,実習で学ぶ住宅電気設備技術,2026-12-10,12/10(木)、11(金),記載なし,（空欄）,https://www3.jeed.go.jp/shimane/poly/zaishoku/2026/3D015.html
ポリテクセンター広島,E4603,自動化設備における画像処理技術,2026-12-10,"12/10,12/11",受付中,受付中,https://www3.jeed.go.jp/hiroshima/poly/zaishoku/2026/E4603.html
ポリテクセンター松本,9M502,ステンレス鋼のＴＩＧ溶接技能クリニック,2026-12-10,"12/10（木）,11（金）",受付中,受付中,https://www3.jeed.go.jp/matsumoto/poly/zaishoku/_2026/9M502.html
ポリテクセンター滋賀,E5041,センサ回路の設計技術,2026-12-10,"12/10,11",残席僅少,残りわずか,https://www3.jeed.go.jp/shiga/poly/zaishoku/2026/E5041.html
ポリテクセンター熊本,1H061,在来木造住宅設計実践技術＜構造・省エネ編＞,2026-12-10,"12/10(木),12/11(金)",受付中,受付中,https://www3.jeed.go.jp/kumamoto/poly/zaishoku/1H061.html
ポリテクセンター福井,7D032,ＰＬＣ制御の回路技術,2026-12-10,12/10(木)・11(金),受付中,受付中,https://www3.jeed.go.jp/fukui/poly/zaishoku/2026/7D032.html
ポリテクセンター福島,FHA14,ＢＩＭを用いた建築設計技術,2026-12-10,12/10（木），12/11（金）,記載なし,（空欄）,https://www3.jeed.go.jp/fukushima/poly/zaishoku/2026/FHA14.html
ポリテクセンター長崎,5M213,被覆アーク溶接技能クリニック,2026-12-10,"12/10(木),11(金)",受付中,受付中,https://www3.jeed.go.jp/nagasaki/poly/zaishoku/2026/5M213.html
ポリテクセンター関東,E5312,なぜなぜ分析による真の要因追求と現場改善,2026-12-10,"12/10,11",残りわずか,残りわずか,https://www3.jeed.go.jp/kanagawa/poly/seminar/2026/E5312.html
ポリテクセンター関西,B0422,自動化設備における画像処理技術（ＯＣＲ検査ＰＬＣ活用編）《使用画像処理装置：キーエンス》,2026-12-10,"12/10,11",残りわずか,残りわずか,https://www3.jeed.go.jp/osaka/poly/zaishoku/B0422.html
ポリテクセンター関西,B6042,製造現場改善のＩＥ活用技術,2026-12-10,"12/10,11",受付中,受付中,https://www3.jeed.go.jp/osaka/poly/zaishoku/B6042.html
ポリテクセンター関西,B0272,ＰＬＣ制御の応用技術(数値処理編)《使用ＰＬＣ：三菱ｉＱ－Ｒ》,2026-12-10,"12/10,11",受付中,受付中,https://www3.jeed.go.jp/osaka/poly/zaishoku/B0272.html
ポリテクセンター静岡,3H053,実践建築設計２次元ＣＡＤ技術＜Jw_cad編＞,2026-12-10,12/10(木)、11(金),残りわずか,残りわずか,https://www3.jeed.go.jp/shizuoka/poly/zaishoku/2026/3H053.html
ポリテクセンター高知,5M019,２次元ＣＡＤによる機械製図技術,2026-12-10,12/10（木）、11（金）,受付中,受付中,https://www3.jeed.go.jp/kochi/poly/zaishoku/2026/5M019.html
ポリテクセンター兵庫,H1081,実践建築設計３次元ＣＡＤ技術,2026-12-12,"12/12,13",受付中,受付中,https://www3.jeed.go.jp/hyogo/poly/contents/holding/2026/H1081.html
ポリテクセンター兵庫,H102A,ＢＩＭオブジェクト作成と効率的な活用実践技術,2026-12-12,"12/12,13",受付中,受付中,https://www3.jeed.go.jp/hyogo/poly/contents/holding/2026/H102A.html
ポリテクセンター山形,YHA14,ＢＩＭを用いた建築設計技術,2026-12-12,令和8年12月12日土曜日、令和8年12月13日日曜日,申込締切日令和8年11月27日,申込締切日,https://www3.jeed.go.jp/yamagata/poly/zaishoku/2026/2026/A801-007-A-3.html
ポリテクセンター広島,H1403,ドローンを活用した測量実践技術,2026-12-12,"12/12,12/13",受付中,受付中,https://www3.jeed.go.jp/hiroshima/poly/zaishoku/2026/H1403.html
ポリテクセンター沖縄,E1271,マイコン制御システム開発技術（ＰＩＣ編）,2026-12-12,令和8年12月12日(土）、令和8年12月19日（土）,受付中,受付中,https://www3.jeed.go.jp/okinawa/poly/zaishoku/2026/E1271.html
ポリテクセンター静岡,3H422,トラブル事例から学ぶ各種管の加工・接合技術,2026-12-12,12/12(土)、13(日),受付中,受付中,https://www3.jeed.go.jp/shizuoka/poly/zaishoku/2026/3H422.html
ポリテクセンター静岡,3H081,実践建築設計３次元ＣＡＤ技術＜SketchUp編＞,2026-12-12,12/12(土)、13(日),受付中,受付中,https://www3.jeed.go.jp/shizuoka/poly/zaishoku/2026/3H081.html
ポリテクセンター伊勢,7H131,不静定構造物の構造解析技術,2026-12-13,"12/13(火),12/14(水),12/15(木)",記載なし,（空欄）,https://www3.jeed.go.jp/ise/poly/zaishoku/A905-006-A.html
ポリテクセンター三重,6M322,なぜなぜ分析による真の要因追求と現場改善,2026-12-14,"12/14,12/15",記載なし,（空欄）,https://www3.jeed.go.jp/mie/poly/zaishoku/2026/6M322.html
ポリテクセンター三重,6M252,ＴＩＧ溶接技能クリニック（３日間コース）,2026-12-14,"12/14,12/15,12/16",記載なし,（空欄）,https://www3.jeed.go.jp/mie/poly/zaishoku/2026/6M252.html
ポリテクセンター兵庫,B3131,新ＱＣ７つ道具活用による製造現場における品質改善・品質保証,2026-12-14,"12/14,15",受付中,受付中,https://www3.jeed.go.jp/hyogo/poly/contents/holding/2026/B3131.html
ポリテクセンター加古川,M062,なぜなぜ分析による真の要因追求と現場改善,2026-12-14,"12/14,15,16",受付中,受付中,https://www3.jeed.go.jp/kakogawa/poly/zaishoku/2026/M062.html
ポリテクセンター宮城,MEX77,多変量解析と生産プロセス改善,2026-12-14,"12/14(月),15(火),16(水）",受付中,受付中,https://www3.jeed.go.jp/miyagi/poly/zaishoku/2026/MEX77.html
ポリテクセンター栃木,102-2,２次元ＣＡＤによる機械設計技術,2026-12-14,"12/14,15,16",受付中,受付中,https://www3.jeed.go.jp/tochigi/poly/zaishoku/2026/102-2.html
ポリテクセンター群馬,SZ061,ヒューマンエラー防止実践手法,2026-12-14,"2026/12/14(月),15(火)",お問い合わせ下さい,お問い合わせ,https://www3.jeed.go.jp/gunma/poly/zaishoku/SZ061.html
ポリテクセンター関西,B5002,組込み技術者のためのプログラミング（配列・関数編）,2026-12-14,"12/14,15",残りわずか,残りわずか,https://www3.jeed.go.jp/osaka/poly/zaishoku/B5002.html
ポリテクセンター静岡,3D551,シングルボードコンピュータによるＩｏＴアプリケーション開発技術,2026-12-14,12/14(月)、15(火),受付中,受付中,https://www3.jeed.go.jp/shizuoka/poly/zaishoku/2026/3D551.html
ポリテクセンター香川,2H802,空調設備機器の保守技術（エアコンクリーニング編）,2026-12-14,12/14(月)15(火),記載なし,（空欄）,https://www3.jeed.go.jp/kagawa/poly/zaishoku/2026/2H802.html
ポリテクセンター三重,6D092,ＰＬＣ制御の回路技術,2026-12-15,"12/15,12/16",記載なし,（空欄）,https://www3.jeed.go.jp/mie/poly/zaishoku/2026/6D092.html
ポリテクセンター中部,E3222,リアルタイムＯＳによる組込みシステム開発技術,2026-12-15,"12月15日,16日",空きがあります,受付中,https://www3.jeed.go.jp/aichi/poly/zaishoku/bango.html
ポリテクセンター中部,E3812,制御解析手法,2026-12-15,"12月15日,16日",空きがあります,受付中,https://www3.jeed.go.jp/aichi/poly/zaishoku/bango.html
ポリテクセンター中部,E3312,組込み用ソフトウェア開発におけるプログラミングガイドライン活用技術,2026-12-15,"12月15日,16日",空きがあります,受付中,https://www3.jeed.go.jp/aichi/poly/zaishoku/bango.html
ポリテクセンター中部,M1112,３次元ＣＡＤを活用したアセンブリ技術,2026-12-15,"12月15日,16日",空きがあります,受付中,https://www3.jeed.go.jp/aichi/poly/zaishoku/bango.html
ポリテクセンター京都,P2506,有接点シーケンス制御の実践技術,2026-12-15,12/15(火)～16(水),受付中,受付中,https://www3.jeed.go.jp/kyoto/poly/zaishoku/2026/P2506.html
ポリテクセンター加古川,M102,設計に活かす３次元ＣＡＤソリッドモデリング技術,2026-12-15,"12/15,16,17,18",受付中,受付中,https://www3.jeed.go.jp/kakogawa/poly/zaishoku/2026/M102.html
ポリテクセンター北海道,1M111,半自動アーク溶接技能クリニック,2026-12-15,"12月15日(火),16日(水)",受付中,受付中,https://www3.jeed.go.jp/hokkaido/poly/zaishoku/2026/1M111.html
ポリテクセンター千葉,M1303,フライス盤加工技術,2026-12-15,"12/15,16,17",受付中,受付中,https://www3.jeed.go.jp/chiba/poly/zaishoku/2026/M1303.html
ポリテクセンター大分,7M108,ＮＣ旋盤加工技術,2026-12-15,"12月15日(火),12月16日(水),12月17日(木)",受付中,受付中,https://www3.jeed.go.jp/oita/poly/zaishoku/2026/7M108.html
ポリテクセンター富山,3M370,３ＤＡモデルの測定・評価技術,2026-12-15,"12/15,16",残りわずか,残りわずか,https://www3.jeed.go.jp/toyama/poly/zaishoku/2026/3M370.html
ポリテクセンター富山,3D038,ＰＬＣ制御の回路技術,2026-12-15,"12/15,16",受付中,受付中,https://www3.jeed.go.jp/toyama/poly/zaishoku/2026/3D038.html
ポリテクセンター山形,YMA02,実践機械製図,2026-12-15,令和8年12月15日火曜日、令和8年12月16日水曜日、令和8年12月17日木曜日,申込締切日令和8年12月1日,申込締切日,https://www3.jeed.go.jp/yamagata/poly/zaishoku/2026/2026/A202-023-A-2.html
ポリテクセンター山梨,M14A,三次元測定技術,2026-12-15,12/15(火)、16(水),受付中,受付中,https://www3.jeed.go.jp/yamanashi/poly/zaishoku/2026/M14A.html
ポリテクセンター山梨,M07B,機械要素保全,2026-12-15,12/15(火)、16(水)、17(木),受付中,受付中,https://www3.jeed.go.jp/yamanashi/poly/zaishoku/2026/M07B.html
ポリテクセンター岩手,3D231,ＰＬＣによる電気空気圧技術,2026-12-15,"12/15(火), 16(水), 17(木)",受付中,受付中,https://www3.jeed.go.jp/iwate/poly/zaishoku/2026/3D231.html
ポリテクセンター新潟,1S031,製造現場で活用するコーチング手法,2026-12-15,"12/15,16",記載なし,（空欄）,https://www3.jeed.go.jp/niigata/poly/zaishoku/2026/1S031.html
ポリテクセンター滋賀,M9051,手戻りを減らす構想設計技術,2026-12-15,"12/15,16,17,18",受付中,受付中,https://www3.jeed.go.jp/shiga/poly/zaishoku/2026/M9051.html
ポリテクセンター石川,5D141,ＰＬＣによるインバータ制御技術,2026-12-15,12/15.16,受付中,受付中,https://www3.jeed.go.jp/ishikawa/poly/zaishoku/2026/5D141.html
ポリテクセンター福井,7M042,２次元ＣＡＤによる機械製図技術（カスタマイズ編）,2026-12-15,12/15(火)・16(水),受付中,受付中,https://www3.jeed.go.jp/fukui/poly/zaishoku/2026/7M042.html
ポリテクセンター関東,E1311,実習で学ぶ高性能ＡＤ／ＤＡ変換回路設計技術,2026-12-15,"12/15,16",受付中,受付中,https://www3.jeed.go.jp/kanagawa/poly/seminar/2026/E1311.html
ポリテクセンター関東,E2313,組込みソフトウェア開発者のためのテスト技法,2026-12-15,"12/15,16",残りわずか,残りわずか,https://www3.jeed.go.jp/kanagawa/poly/seminar/2026/E2313.html
ポリテクセンター関西,B3003,パワー・デバイス回路設計技術,2026-12-15,"12/15,16,17",残りわずか,残りわずか,https://www3.jeed.go.jp/osaka/poly/zaishoku/B3003.html
ポリテクセンター関西,C4032,幾何公差の解釈と活用演習,2026-12-15,"12/15,16",受付中,受付中,https://www3.jeed.go.jp/osaka/poly/zaishoku/C4032.html
ポリテクセンター関西,C0393,機械設計のための総合力学,2026-12-15,"12/15,16,17",受付中,受付中,https://www3.jeed.go.jp/osaka/poly/zaishoku/C0393.html
ポリテクセンター関西,C2242,ＮＣ旋盤プログラミング技術,2026-12-15,"12/15,16,17,18",残りわずか,残りわずか,https://www3.jeed.go.jp/osaka/poly/zaishoku/C2242.html
ポリテクセンター関西,B0191,ＰＬＣによるＰＩＤ制御技術（温度調節器・タッチパネル活用編）《使用温度調節器：理化工業》,2026-12-15,"12/15,16",受付中,受付中,https://www3.jeed.go.jp/osaka/poly/zaishoku/B0191.html
ポリテクセンター静岡,3M101,実践 公差設計技術,2026-12-15,12/15(火)、16(水),受付中,受付中,https://www3.jeed.go.jp/shizuoka/poly/zaishoku/2026/3M101.html
ポリテクセンター飯塚,2M180,精密平面研削加工技術,2026-12-15,"12/15(火),16(水),17(木)",受付中,受付中,https://www3.jeed.go.jp/iizuka/poly/zaishoku/2026/2M180.html
ポリテクセンター鹿児島,5M128,フライス盤加工技術,2026-12-15,12/15(火)、12/16(水)、12/17(木),受付中,受付中,https://www3.jeed.go.jp/kagoshima/poly/zaishoku/2026/5M128.html
ポリテクセンターいわき,IMAF1,プラスチック射出成形金型設計技術,2026-12-16,12/16 (水)，12/17 (木)，12/18 (金),受付中,受付中,https://www3.jeed.go.jp/iwaki/poly/zaishoku/2026/IMAF1.html
ポリテクセンター中部,H1022,建築物の積算・見積り実践技術,2026-12-16,"12月16日,17日",空きがあります,受付中,https://www3.jeed.go.jp/aichi/poly/zaishoku/bango.html
ポリテクセンター中部,M7213,業務改善・生産性向上のための「見える化」技術,2026-12-16,"12月16日,17日",残りわずか,残りわずか,https://www3.jeed.go.jp/aichi/poly/zaishoku/bango.html
ポリテクセンター京都,P0351,鉄鋼材料の熱処理技術,2026-12-16,12/16(水)～17(木),受付中,受付中,https://www3.jeed.go.jp/kyoto/poly/zaishoku/2026/P0351.html
ポリテクセンター千葉,E0602,保護継電器の評価と保護協調,2026-12-16,"12/16,17",受付中,受付中,https://www3.jeed.go.jp/chiba/poly/zaishoku/2026/copy_of_copy_of_X103-005-A-1.html
ポリテクセンター千葉,M2103,生産現場の機械保全技術,2026-12-16,"12/16,17",受付中,受付中,https://www3.jeed.go.jp/chiba/poly/zaishoku/2026/M2103.html
ポリテクセンター埼玉,E005D,実践的ＰＬＣ制御技術（ビット命令編）,2026-12-16,"12/16,17",─,（空欄）,https://www3.jeed.go.jp/saitama/poly/worker/seminar/2026/e005d.html
ポリテクセンター埼玉,E017A,組込みシステム開発のためのモジュールテスト技術,2026-12-16,"12/16,17,18",─,（空欄）,https://www3.jeed.go.jp/saitama/poly/worker/seminar/2026/e017a.html
ポリテクセンター宮城,MHX02,ビルにおける防災設備と管理のポイント,2026-12-16,12/16(水)、17(木),受付中,受付中,https://www3.jeed.go.jp/miyagi/poly/zaishoku/2026/MHX02.html
ポリテクセンター岐阜,H0104,実践建築設計２次元ＣＡＤ技術【製図支援編】 使用機器 Ｊｗ＿ｃａｄ,2026-12-16,"12/16（水）,17（木）",受付中,受付中,https://www3.jeed.go.jp/gifu/poly/zaishoku/H0104.html
ポリテクセンター岐阜,M0702,ＮＣ旋盤加工技術,2026-12-16,"12/16（水）,17（木）,18（金）",受付中,受付中,https://www3.jeed.go.jp/gifu/poly/zaishoku/M0702.html
ポリテクセンター岡山,4M119,旋盤加工技術（４つ爪編）,2026-12-16,"12/16(水),17(木),18(金)",受付中,受付中,https://www3.jeed.go.jp/okayama/poly/zaishoku/2026/4M119.html
ポリテクセンター広島,P1502,切削加工を考慮した機械設計製図,2026-12-16,"12/16,17",受付中,受付中,https://www3.jeed.go.jp/hiroshima/poly/zaishoku/2026/P1502.html
ポリテクセンター愛媛,4D053,ＰＬＣ制御の回路技術,2026-12-16,"12/16(水),17(木)",受付中,受付中,https://www3.jeed.go.jp/ehime/poly/seminar/2026/4D053.html
ポリテクセンター沖縄,M1227,生産現場の機械保全技術（油圧ショベル）,2026-12-16,令和8年12月16日（水）、令和8年12月17日（木）,受付中,受付中,https://www3.jeed.go.jp/okinawa/poly/zaishoku/2026/M1227.html
ポリテクセンター沖縄,E1265,ＰＬＣプログラミング技術,2026-12-16,令和8年12月16日（水）、令和8年12月17日（木）,受付中,受付中,https://www3.jeed.go.jp/okinawa/poly/zaishoku/2026/E1265.html
ポリテクセンター熊本,1D032,マイコン制御システム開発技術＜Ｒａｓｐｂｅｒｒｙ Ｐｉ™編＞,2026-12-16,"12/16(水),17(木),18(金)",受付中,受付中,https://www3.jeed.go.jp/kumamoto/poly/zaishoku/1D032.html
ポリテクセンター福岡,1D911,Ｗｅｂを活用した生産支援システム構築技術（Ｐｙｔｈｏｎ編）,2026-12-16,"12/16(水),17(木)",受付中,受付中,https://www3.jeed.go.jp/fukuoka/poly/zaishoku/2026/1D911.html
ポリテクセンター福島,FGX14,生産現場に活かす品質管理技法,2026-12-16,12/16(水)、12/17(木),記載なし,（空欄）,https://www3.jeed.go.jp/fukushima/poly/zaishoku/2026/FGX14.html
ポリテクセンター群馬,MA073,実践機械製図（寸法・公差編）,2026-12-16,"2026/12/16(水),17(木),18(金)",お問い合わせ下さい,お問い合わせ,https://www3.jeed.go.jp/gunma/poly/zaishoku/MA073.html
ポリテクセンター群馬,MB062,ＮＣ旋盤加工技術（加工・段取り編）,2026-12-16,"2026/12/16(水),17(木),18(金)",お問い合わせ下さい,お問い合わせ,https://www3.jeed.go.jp/gunma/poly/zaishoku/MB062.html
ポリテクセンター群馬,EA051,ＰＬＣによる位置決め制御技術,2026-12-16,"2026/12/16(水),17(木)",お問い合わせ下さい,お問い合わせ,https://www3.jeed.go.jp/gunma/poly/zaishoku/EA051.html
ポリテクセンター茨城,E0023,シーケンス制御による電動機制御技術,2026-12-16,"R8.12/16(水),17(木)",記載なし,（空欄）,https://www3.jeed.go.jp/ibaraki/poly/zaishoku/2026/E0023.html
ポリテクセンター茨城,E1041,機械制御のためのマイコン実践技術（ＲＬ７８マイコンＣ言語編）,2026-12-16,"R8.12/16(水),17(木),18(金)",記載なし,（空欄）,https://www3.jeed.go.jp/ibaraki/poly/zaishoku/2026/E1041.html
ポリテクセンター茨城,E0073,ＰＬＣ制御の応用技術（数値命令編） 使用機器 三菱ＰＬＣ,2026-12-16,"R8.12/16(水),17(木)",記載なし,（空欄）,https://www3.jeed.go.jp/ibaraki/poly/zaishoku/2026/E0073.html
ポリテクセンター関東,H1211,住空間リフォーム設計（提案実践編）,2026-12-16,"12/16,23",受付中,受付中,https://www3.jeed.go.jp/kanagawa/poly/seminar/2026/H1211.html
ポリテクセンター関東,M0214,実践機械製図（寸法編）,2026-12-16,"12/16,17,18",受付中,受付中,https://www3.jeed.go.jp/kanagawa/poly/seminar/2026/M0214.html
ポリテクセンター関東,M0312,機械設備設計のための総合力学,2026-12-16,"12/16,17,18",受付中,受付中,https://www3.jeed.go.jp/kanagawa/poly/seminar/2026/M0312.html
ポリテクセンター関東,M0713,２次元ＣＡＤによる機械設計技術（製図手法編）【機器：ＡｕｔｏＣＡＤ】,2026-12-16,"12/16,17,18",受付中,受付中,https://www3.jeed.go.jp/kanagawa/poly/seminar/2026/M0713.html
ポリテクセンター関東,E3815,ＰＬＣプログラミング技術【機器：三菱ＰＬＣ Ｆシリーズ】,2026-12-16,"12/16,17",受付中,受付中,https://www3.jeed.go.jp/kanagawa/poly/seminar/2026/E3815.html
ポリテクセンター関西,C6075,伝動装置の機械保全技術,2026-12-16,"12/16,17,18",受付中,受付中,https://www3.jeed.go.jp/osaka/poly/zaishoku/C6075.html
ポリテクセンター香川,2D701,システム開発におけるセキュリティ対策技術(PythonWebアプリケーション編),2026-12-16,12/16(水)17(木),記載なし,（空欄）,https://www3.jeed.go.jp/kagawa/poly/zaishoku/2026/2D701.html
ポリテクセンター高知,5D005,現場のための電気保全技術,2026-12-16,12/16（水）、17（木）,受付中,受付中,https://www3.jeed.go.jp/kochi/poly/zaishoku/2026/5D005.html
ポリテクセンター鳥取,1M210,フライス盤加工技術,2026-12-16,"12/16(水),17(木),18(金)",受付中,受付中,https://www3.jeed.go.jp/tottori/poly/zaishoku/2026/1M210.html
ポリテクセンター中部,M1302,設計に活かす３次元ＣＡＤ活用術（図面活用編）,2026-12-17,"12月17日,18日",空きがあります,受付中,https://www3.jeed.go.jp/aichi/poly/zaishoku/bango.html
ポリテクセンター加古川,M223,半自動アーク溶接技能クリニック（板材編）,2026-12-17,"12/17,18",受付中,受付中,https://www3.jeed.go.jp/kakogawa/poly/zaishoku/2026/M223.html
ポリテクセンター北海道,1M115,ＴＩＧ溶接技能クリニック,2026-12-17,"12月17日(木),18日(金)",受付中,受付中,https://www3.jeed.go.jp/hokkaido/poly/zaishoku/2026/1M115.html
ポリテクセンター君津,KW071,設計・施工管理に活かす溶接技術,2026-12-17,12/17（木）、12/18（金）,受付中,受付中,https://www3.jeed.go.jp/kimitsu/poly/zaishoku/2026/KW071.html
ポリテクセンター埼玉,S005B,なぜなぜ分析による製造現場の問題解決,2026-12-17,"12/17,18",─,（空欄）,https://www3.jeed.go.jp/saitama/poly/worker/seminar/2026/s005b.html
ポリテクセンター宮城,MMD03,三次元測定技術,2026-12-17,12/17（木）、12/18（金）,受付中,受付中,https://www3.jeed.go.jp/miyagi/poly/zaishoku/2026/MMD03.html
ポリテクセンター宮城,MMB63,半自動アーク溶接技能クリニック（板材編）,2026-12-17,12/17（木）、18（金）,受付中,受付中,https://www3.jeed.go.jp/miyagi/poly/zaishoku/2026/MMB63.html
ポリテクセンター宮城,MMA11,３次元ＣＡＤを活用したサーフェスモデリング技術,2026-12-17,12/17（木）、12/18（金）,受付中,受付中,https://www3.jeed.go.jp/miyagi/poly/zaishoku/2026/MMA11.html
ポリテクセンター宮城,MEA37,ＰＬＣによる電動機制御の実務,2026-12-17,12/17（木）、18（金）,受付中,受付中,https://www3.jeed.go.jp/miyagi/poly/zaishoku/2026/MEA37.html
ポリテクセンター富山,3D045,ＰＬＣ制御の応用技術,2026-12-17,"12/17,18",受付中,受付中,https://www3.jeed.go.jp/toyama/poly/zaishoku/2026/3D045.html
ポリテクセンター岡山,4D701,組込み技術者のためのプログラミング（ライントレースロボット編）,2026-12-17,"12/17(木),18(金)",受付中 (空席:9),受付中,https://www3.jeed.go.jp/okayama/poly/zaishoku/2026/4D701.html
ポリテクセンター岩手,3M421,マシニングセンタ加工技術,2026-12-17,"12/17(木), 18(金)",受付中,受付中,https://www3.jeed.go.jp/iwate/poly/zaishoku/2026/3M421.html
ポリテクセンター延岡,4H203,実践建築設計２次元ＣＡＤ技術,2026-12-17,"12/17（木）,12/18（金）",受付中,受付中,https://www3.jeed.go.jp/nobeoka/poly/zaishoku/2026/4H203.html
ポリテクセンター松本,9D012,シーケンス制御による電動機制御技術,2026-12-17,"12/17（木）,18（金）",受付中,受付中,https://www3.jeed.go.jp/matsumoto/poly/zaishoku/_2026/9D012.html
ポリテクセンター栃木,401-1,なぜなぜ分析による真の要因追求と現場改善,2026-12-17,"12/17,18",受付中,受付中,https://www3.jeed.go.jp/tochigi/poly/zaishoku/2026/401-1.html
ポリテクセンター栃木,230-3,製造現場におけるＬＡＮ活用技術,2026-12-17,"12/17,18",受付中,受付中,https://www3.jeed.go.jp/tochigi/poly/zaishoku/2026/230-3.html
ポリテクセンター滋賀,X6002,製造現場改善のＩＥ活用技術,2026-12-17,"12/17,18",受付中,受付中,https://www3.jeed.go.jp/shiga/poly/zaishoku/2026/X6002.html
ポリテクセンター石川,5D151,ＰＬＣによる位置決め制御技術,2026-12-17,12/17.18,受付中,受付中,https://www3.jeed.go.jp/ishikawa/poly/zaishoku/2026/5D151.html
ポリテクセンター福井,7D042,ＰＬＣ制御の応用技術,2026-12-17,12/17(木)・18(金),受付中,受付中,https://www3.jeed.go.jp/fukui/poly/zaishoku/2026/7D042.html
ポリテクセンター福島,FHA13,実践的な施工図作成技術,2026-12-17,12/17（木），12/18（金）,記載なし,（空欄）,https://www3.jeed.go.jp/fukushima/poly/zaishoku/2026/FHA13.html
ポリテクセンター長崎,5D008,ＰＬＣ制御の回路技術（ビルディングブロックＰＬＣ編）,2026-12-17,"12/17(木),18(金)",受付中,受付中,https://www3.jeed.go.jp/nagasaki/poly/zaishoku/2026/5D008.html
ポリテクセンター関東,E6212,コスト削減と製造現場の原価管理（数字で現場の問題発見と解決）,2026-12-17,"12/17,18",受付中,受付中,https://www3.jeed.go.jp/kanagawa/poly/seminar/2026/E6212.html
ポリテクセンター関西,B0391,【NEW】ＰＬＣ制御の応用技術(数値処理編)《使用ＰＬＣ：オムロンＣＰ》,2026-12-17,"12/17,18",残りわずか,残りわずか,https://www3.jeed.go.jp/osaka/poly/zaishoku/B0391.html
ポリテクセンター関西,B5012,組込み技術者のためのプログラミング（ポインタ・構造体編）,2026-12-17,"12/17,18",受付中,受付中,https://www3.jeed.go.jp/osaka/poly/zaishoku/B5012.html
ポリテクセンター関西,C0581,３次元ＣＡＤを活用したアセンブリ技術 《使用ソフト：CATIA V5》,2026-12-17,"12/17,18",受付中,受付中,https://www3.jeed.go.jp/osaka/poly/zaishoku/C0581.html
ポリテクセンター高知,5H007,実践建築設計３次元ＣＡＤ技術（設計図面とプレゼンテーション編）,2026-12-17,12/17（木）、18（金）,受付中,受付中,https://www3.jeed.go.jp/kochi/poly/zaishoku/2026/5H007.html
ポリテクセンター大分,7H205,トラブル事例から学ぶ各種管の加工・接合技術,2026-12-19,"12月19日(土),12月20日(日)",受付中,受付中,https://www3.jeed.go.jp/oita/poly/zaishoku/2026/7H205.html
ポリテクセンター宮崎,3D012,ＰＬＣ制御の回路技術＜コンベア編＞,2026-12-19,令和8年12月19日（土）、12月20日（日）,受付中,受付中,https://www3.jeed.go.jp/miyazaki/poly/zaishoku/copy_of_2026_A401-006-A_2.html
ポリテクセンター滋賀,M9151,ステンレス鋼のＴＩＧ溶接技能クリニック（薄肉固定管編）,2026-12-19,"12/19,20",受付中,受付中,https://www3.jeed.go.jp/shiga/poly/zaishoku/2026/M9151.html
ポリテクセンター静岡,3H101,実践建築設計３次元ＣＡＤ技術＜マンションリノベ編＞,2026-12-19,12/19(土)、20(日),受付中,受付中,https://www3.jeed.go.jp/shizuoka/poly/zaishoku/2026/3H101.html
ポリテクセンター静岡,3H432,自動火災報知設備工事の施工・保守技術,2026-12-19,12/19(土)、20(日),残りわずか,残りわずか,https://www3.jeed.go.jp/shizuoka/poly/zaishoku/2026/3H432.html
ポリテクセンター伊勢,7E022,有接点シーケンス制御の実践技術,2026-12-20,"12/20（火）,21（水）",記載なし,（空欄）,https://www3.jeed.go.jp/ise/poly/zaishoku/A401-022-A-2.html
ポリテクセンター岐阜,H0201,実践建築設計３次元ＣＡＤ技術 使用機器 ３Ｄマイホームデザイナー,2026-12-21,"12/21（月）,22（火）",受付中,受付中,https://www3.jeed.go.jp/gifu/poly/zaishoku/H0201.html
ポリテクセンター栃木,122-1,旋盤加工応用技術,2026-12-21,"12/21,22,23,24",受付中,受付中,https://www3.jeed.go.jp/tochigi/poly/zaishoku/2026/122-1.html
ポリテクセンター釧路,5D050,ＰＬＣ制御の回路技術,2026-12-21,12/21（月），22（火）,記載なし,（空欄）,https://www3.jeed.go.jp/kushiro/poly/zaishoku/2026/5D050.html
ポリテクセンター関東,E5012,技能伝承のための部下・後輩指導育成（ＯＪＴトレーナー育成）,2026-12-21,"12/21,22",受付中,受付中,https://www3.jeed.go.jp/kanagawa/poly/seminar/2026/E5012.html
ポリテクセンター関西,B2033,オペアンプ回路の設計・評価技術,2026-12-21,"12/21,22,23",受付中,受付中,https://www3.jeed.go.jp/osaka/poly/zaishoku/B2033.html
ポリテクセンター三重,6H141,木造住宅の架構設計技術,2026-12-22,"12/22,12/23",記載なし,（空欄）,https://www3.jeed.go.jp/mie/poly/zaishoku/2026/6H141.html
ポリテクセンター伊勢,7M222,製造業に活かす品質管理技法,2026-12-22,"12/22(木),12/23（金)",記載なし,（空欄）,https://www3.jeed.go.jp/ise/poly/zaishoku/X303-A06-A-2.html
ポリテクセンター加古川,M162,旋盤加工技術,2026-12-22,"12/22,23,24",受付中,受付中,https://www3.jeed.go.jp/kakogawa/poly/zaishoku/2026/M162.html
ポリテクセンター千葉,M0204,実践機械製図（寸法、公差、表面性状編）,2026-12-22,"12/22,23",受付中,受付中,https://www3.jeed.go.jp/chiba/poly/zaishoku/2026/M0204.html
ポリテクセンター千葉,W0302,ＴＩＧ溶接技能クリニック,2026-12-22,"12/22,23",受付中,受付中,https://www3.jeed.go.jp/chiba/poly/zaishoku/2026/W0302.html
ポリテクセンター埼玉,E030A,ＨＤＬによるＬＳＩ開発技術（VHDL編）,2026-12-22,"12/22,23",─,（空欄）,https://www3.jeed.go.jp/saitama/poly/worker/seminar/2026/e030a.html
ポリテクセンター富山,3D053,ＰＬＣによる電気空気圧技術,2026-12-22,"12/22,23",受付中,受付中,https://www3.jeed.go.jp/toyama/poly/zaishoku/2026/3D053.html
ポリテクセンター山形,YEX02,保護継電器の評価と保護協調,2026-12-22,令和8年12月22日火曜日、令和8年12月23日水曜日,申込締切日令和8年12月8日,申込締切日,https://www3.jeed.go.jp/yamagata/poly/zaishoku/2026/2026/X103-005-A.html
ポリテクセンター岐阜,E3302,ＰＬＣによるタッチパネル活用技術【タッチパネル編】 使用機器 三菱Ｑシリーズ,2026-12-22,"12/22（火）,23（水）",受付中,受付中,https://www3.jeed.go.jp/gifu/poly/zaishoku/E3302.html
ポリテクセンター岩手,3D241,ＰＬＣによるタッチパネル活用技術,2026-12-22,"12/22(火), 23(水)",受付中,受付中,https://www3.jeed.go.jp/iwate/poly/zaishoku/2026/3D241.html
ポリテクセンター広島,P2201,三次元測定技術,2026-12-22,"12/22,23",受付中,受付中,https://www3.jeed.go.jp/hiroshima/poly/zaishoku/2026/P2201.html
ポリテクセンター福岡,1M551,生産現場におけるデータ活用技術（ＭＥＳから学ぶ製造計画策定と製造指示）,2026-12-22,"12/22(火),23(水)",受付中,受付中,https://www3.jeed.go.jp/fukuoka/poly/zaishoku/2026/1M551.html
ポリテクセンター関西,C4012,三次元測定技術,2026-12-22,"12/22,23",受付中,受付中,https://www3.jeed.go.jp/osaka/poly/zaishoku/C4012.html
ポリテクセンター関西,C0446,２次元ＣＡＤによる機械製図技術 《使用ソフト：AutoCAD》,2026-12-22,"12/22,23,24",受付中,受付中,https://www3.jeed.go.jp/osaka/poly/zaishoku/C0446.html
ポリテクセンター関西,B0472,ＰＬＣタッチパネル×スマートデバイス連携と遠隔操作技術《使用PLC：三菱Q 使用タッチパネル：三菱GOT》,2026-12-22,"12/22,23",残りわずか,残りわずか,https://www3.jeed.go.jp/osaka/poly/zaishoku/B0472.html
ポリテクセンター宮城,MHA05,実践建築設計２次元ＣＡＤ技術〈Jw_cad編〉,2026-12-23,12/23（水）、12/24（木）,受付中,受付中,https://www3.jeed.go.jp/miyagi/poly/zaishoku/2026/MHA05.html
ポリテクセンター山形,YMB72,アルミニウム合金のＴＩＧ溶接技能クリニック,2026-12-23,令和8年12月23日水曜日、令和8年12月24日木曜日,申込締切日令和8年12月9日,申込締切日,https://www3.jeed.go.jp/yamagata/poly/zaishoku/2026/2026/B202-009-A.html
ポリテクセンター岡山,4M103,実践機械製図,2026-12-23,"12/23(水),24(木),25(金)",受付中,受付中,https://www3.jeed.go.jp/okayama/poly/zaishoku/2026/4M103.html
ポリテクセンター秋田,4DD22,シーケンス制御による電動機制御技術,2026-12-23,"12/23(水),24(木)",受付中,受付中,https://www3.jeed.go.jp/akita/poly/zaishoku/2026/4DD22.html
ポリテクセンター関西,B5022,組込み技術者のためのプログラミング（I/O制御編）,2026-12-23,"12/23,24",受付中,受付中,https://www3.jeed.go.jp/osaka/poly/zaishoku/B5022.html
ポリテクセンター福井,7H112,冷媒配管の施工と空調機器据付け技術,2026-12-24,12/24(木)・25(金),受付中,受付中,https://www3.jeed.go.jp/fukui/poly/zaishoku/2026/7H112.html
ポリテクセンター千葉,M2001,三次元測定技術,2027-01-05,"1/5,6,7",受付中,受付中,https://www3.jeed.go.jp/chiba/poly/zaishoku/2026/M2001.html
ポリテクセンター千葉,H0404,電気設備のための計測技術,2027-01-05,"1/5,6",受付中,受付中,https://www3.jeed.go.jp/chiba/poly/zaishoku/2026/H0404.html
ポリテクセンター君津,KM014,３次元ＣＡＤを活用したソリッドモデリング技術,2027-01-05,1/5（火）、1/6（水）,受付中,受付中,https://www3.jeed.go.jp/kimitsu/poly/zaishoku/2026/KM014.html
ポリテクセンター関西,B2073,センサ回路の設計技術,2027-01-05,"2027/1/5,6,7",受付中,受付中,https://www3.jeed.go.jp/osaka/poly/zaishoku/B2073.html
ポリテクセンター関西,B5032,モデリングによる組込みソフトウェア開発技術（周辺制御編）,2027-01-05,"2027/1/5,6,7",受付中,受付中,https://www3.jeed.go.jp/osaka/poly/zaishoku/B5032.html
ポリテクセンター北海道,1H405,実践建築設計２次元ＣＡＤ技術（Ｊｗ＿ｃａｄ 製図支援編）,2027-01-06,"令和9年1月6日(水),7日(木)",受付中,受付中,https://www3.jeed.go.jp/hokkaido/poly/zaishoku/2026/1H405.html
ポリテクセンター千葉,W0501,溶接・品質管理技術に活かす浸透探傷,2027-01-06,"1/6,7",受付中,受付中,https://www3.jeed.go.jp/chiba/poly/zaishoku/2026/W0501.html
ポリテクセンター熊本,1D022,マイコン制御システム開発技術＜Ａｒｄｕｉｎｏ™編＞,2027-01-06,"1/6(水),7(木),8(金)",受付中,受付中,https://www3.jeed.go.jp/kumamoto/poly/zaishoku/1D022.html
ポリテクセンター福井,7M414,精密測定技術,2027-01-06,1/6(水)・7(木),受付中,受付中,https://www3.jeed.go.jp/fukui/poly/zaishoku/2026/7M414.html
ポリテクセンター関東,M0116,実践機械製図（形状編）,2027-01-06,"1/6,7,8",受付中,受付中,https://www3.jeed.go.jp/kanagawa/poly/seminar/2026/M0116.html
ポリテクセンター佐世保,6H004,トラブル事例から学ぶ各種管の加工・接合技術,2027-01-07,"1/7(木),13(水),16(土）",受付中,受付中,https://www3.jeed.go.jp/sasebo/poly/zaishoku/2026/6H004.html
ポリテクセンター北海道,1D211,低圧電気設備の保守点検技術,2027-01-07,"令和9年1月7日(木),8日(金)",受付中,受付中,https://www3.jeed.go.jp/hokkaido/poly/zaishoku/2026/1D211.html
ポリテクセンター君津,KM024,３次元ＣＡＤを活用したソリッドモデリング技術（アドバンス編）,2027-01-07,1/7（木）、1/8（金）,受付中,受付中,https://www3.jeed.go.jp/kimitsu/poly/zaishoku/2026/KM024.html
ポリテクセンター埼玉,S012A,戦略的現場管理者の育成 （できる管理者になろう）,2027-01-07,"1/7,8",─,（空欄）,https://www3.jeed.go.jp/saitama/poly/worker/seminar/2026/s012a.html
ポリテクセンター山口,9M206,マシニングセンタプログラミング技術,2027-01-07,1/7（木）、8（金）,受付中,受付中,https://www3.jeed.go.jp/yamaguchi/poly/zaishoku/2026/9M206.html
ポリテクセンター山形,YMD03,精密測定技術,2027-01-07,令和9年1月7日木曜日、令和9年1月8日金曜日,申込締切日令和8年12月16日,申込締切日,https://www3.jeed.go.jp/yamagata/poly/zaishoku/2026/2026/D101-001-A-3.html
ポリテクセンター愛媛,4M521,半自動アーク溶接技能クリニック,2027-01-07,"1/7(木),8(金)",受付中,受付中,https://www3.jeed.go.jp/ehime/poly/seminar/2026/4M521.html
ポリテクセンター福井,7H212,トラブル事例から学ぶ各種管の加工・接合技術,2027-01-07,1/7(木)・8(金),受付中,受付中,https://www3.jeed.go.jp/fukui/poly/zaishoku/2026/7H212.html
ポリテクセンター関東,M1411,公差設計技術【機器：ＳｏｌｉｄＷｏｒｋｓ ２０２５】,2027-01-07,"1/7,8",受付中,受付中,https://www3.jeed.go.jp/kanagawa/poly/seminar/2026/M1411.html
ポリテクセンター関東,H0112,実践建築設計２次元ＣＡＤ技術【機器：ＡｕｔｏＣＡＤ】,2027-01-07,"1/7,8",受付中,受付中,https://www3.jeed.go.jp/kanagawa/poly/seminar/2026/H0112.html
ポリテクセンター兵庫,M2116,半自動アーク溶接技能クリニック＜各種姿勢編＞,2027-01-08,"1/8,9",受付中,受付中,https://www3.jeed.go.jp/hyogo/poly/contents/holding/2026/M2116.html
ポリテクセンター兵庫,H2021,継手・仕口の製作実践技術,2027-01-09,"1/9,10,11",受付中,受付中,https://www3.jeed.go.jp/hyogo/poly/contents/holding/2026/H2021.html
ポリテクセンター山口,9M110,ＴＩＧ溶接技能クリニック（固定管）,2027-01-09,1/9（土）、10（日）,受付中,受付中,https://www3.jeed.go.jp/yamaguchi/poly/zaishoku/2026/9M110.html
ポリテクセンター沖縄,H0141,ＢＩＭを用いた建築設計技術,2027-01-09,令和9年1月9日（土）、令和9年1月10日（日）、令和9年1月16日（土）,受付中,受付中,https://www3.jeed.go.jp/okinawa/poly/zaishoku/2026/H0141.html
ポリテクセンター長崎,5H021,管工事の施工管理技術,2027-01-09,"1/9(土),10(日)",受付中,受付中,https://www3.jeed.go.jp/nagasaki/poly/zaishoku/2026/5H021.html
ポリテクセンター静岡,3H132,色彩心理を活用したカラーコーディネート実践技術,2027-01-09,1/9(土)、16(土),受付中,受付中,https://www3.jeed.go.jp/shizuoka/poly/zaishoku/2026/3H132.html
ポリテクセンター鳥取,1H111,実践建築設計２次元ＣＡＤ技術,2027-01-09,"1/9(土),16(土),23(土)",受付中,受付中,https://www3.jeed.go.jp/tottori/poly/zaishoku/2026/1H111.html
ポリテクセンター伊勢,7M102,３次元ＣＡＤを活用したソリッドモデリング技術,2027-01-10,"2023/1/10(火),1/11(水)",記載なし,（空欄）,https://www3.jeed.go.jp/ise/poly/zaishoku/A202-036-A-2.html
ポリテクセンター伊勢,7H151,木造住宅における壁量計算技術,2027-01-11,"2023/1/11(水),1/12(木)",記載なし,（空欄）,https://www3.jeed.go.jp/ise/poly/zaishoku/A901-002-A.html
ポリテクセンター三重,6M122,ＮＣ旋盤プログラミング技術,2027-01-12,"1/12,1/13",記載なし,（空欄）,https://www3.jeed.go.jp/mie/poly/zaishoku/2026/6M122.html
ポリテクセンター伊勢,7M112,３次元ＣＡＤを活用したアセンブリ技術,2027-01-12,"2023/1/12(木),1/13(金)",記載なし,（空欄）,https://www3.jeed.go.jp/ise/poly/zaishoku/A202-013-A-2.html
ポリテクセンター兵庫,M002C,機械設計のための総合力学,2027-01-12,"1/12,13,14,15",受付中,受付中,https://www3.jeed.go.jp/hyogo/poly/contents/holding/2026/M002C.html
ポリテクセンター兵庫,M5012,超音波探傷技術の応用,2027-01-12,"1/12,13,14,15,16",受付中,受付中,https://www3.jeed.go.jp/hyogo/poly/contents/holding/2026/M5012.html
ポリテクセンター加古川,M192,ＮＣ旋盤プログラミング技術,2027-01-12,"1/12,13,14,15",受付中,受付中,https://www3.jeed.go.jp/kakogawa/poly/zaishoku/2026/M192.html
ポリテクセンター北海道,1H407,実践建築設計２次元ＣＡＤ技術（Ｊｗ＿ｃａｄ 作図効率向上編）,2027-01-12,"令和9年1月12日(火),13日(水)",受付中,受付中,https://www3.jeed.go.jp/hokkaido/poly/zaishoku/2026/1H407.html
ポリテクセンター宮城,MEZ83,生産現場における廃棄物・化学物質の管理技術,2027-01-12,"2027/1/12（火）,13（水）",受付中,受付中,https://www3.jeed.go.jp/miyagi/poly/zaishoku/2026/MEZ83.html
ポリテクセンター新潟,1D022,有接点シーケンス制御の実践技術（実習充実コース）,2027-01-12,"1/12,13,14",記載なし,（空欄）,https://www3.jeed.go.jp/niigata/poly/zaishoku/2026/1D022.html
ポリテクセンター栃木,123-1,ＮＣ旋盤プログラミング技術,2027-01-12,"2027/1/12,13,14,15",受付中,受付中,https://www3.jeed.go.jp/tochigi/poly/zaishoku/2026/123-1.html
ポリテクセンター熊本,1D092,ＰＬＣによる自動化制御技術＜三菱Ｑシリーズ™＞,2027-01-12,"1/12(火),13(水),14(木)",受付中,受付中,https://www3.jeed.go.jp/kumamoto/poly/zaishoku/1D092.html
ポリテクセンター福岡,1D121,ＰＬＣによるタッチパネル活用技術,2027-01-12,"1/12(火),1/13(水)",受付中,受付中,https://www3.jeed.go.jp/fukuoka/poly/zaishoku/2026/1D121.html
ポリテクセンター福島,FMB13,半自動アーク溶接技能クリニック（２日間）,2027-01-12,1/12(火)、1/13(水),記載なし,（空欄）,https://www3.jeed.go.jp/fukushima/poly/zaishoku/2026/FMB13.html
ポリテクセンター長崎,5M234,ＴＩＧ溶接技能クリニック,2027-01-12,"1/12(火),13(水)",受付中,受付中,https://www3.jeed.go.jp/nagasaki/poly/zaishoku/2026/5M234.html
ポリテクセンター関東,H3112,ドローンを活用した建物劣化診断技術,2027-01-12,"1/12,13",受付中,受付中,https://www3.jeed.go.jp/kanagawa/poly/seminar/2026/H3112.html
ポリテクセンター関西,B005A,機械の電気保全技術,2027-01-12,"2027/1/12,13,14,15",残りわずか,残りわずか,https://www3.jeed.go.jp/osaka/poly/zaishoku/B005A.html
ポリテクセンター関西,C8061,生産機械設備の自動化技術,2027-01-12,"2027/1/12,13,14,15",受付中,受付中,https://www3.jeed.go.jp/osaka/poly/zaishoku/C8061.html
ポリテクセンター関西,B010C,ＰＬＣによる自動化制御技術《使用ＰＬＣ：三菱Ｑ》,2027-01-12,"2027/1/12,13,14",受付中,受付中,https://www3.jeed.go.jp/osaka/poly/zaishoku/B010C.html
ポリテクセンター鹿児島,5M129,ＣＡＭ技術,2027-01-12,R9/1/12(火)、1/13(水)、1/14(木),受付中,受付中,https://www3.jeed.go.jp/kagoshima/poly/zaishoku/2026/5M129.html
ポリテクセンターいわき,IMBD2,ステンレス鋼のＴＩＧ溶接技能クリニック（３日間コース）,2027-01-13,1/13(水)、1/14(木)、1/15(金),受付中,受付中,https://www3.jeed.go.jp/iwaki/poly/zaishoku/2026/IMBD2.html
ポリテクセンターいわき,IMA41,構造強度設計のための材料力学,2027-01-13,1/13 (水)，1/14 (木)，1/15 (金),受付中,受付中,https://www3.jeed.go.jp/iwaki/poly/zaishoku/2026/IMA41.html
ポリテクセンター三重,6D035,現場のための電気保全技術（電気保全実務編）,2027-01-13,"1/13,1/14",記載なし,（空欄）,https://www3.jeed.go.jp/mie/poly/zaishoku/2026/6D035.html
ポリテクセンター三重,6D122,ＰＬＣ制御の応用技術（応用命令編）,2027-01-13,"1/13,1/14",記載なし,（空欄）,https://www3.jeed.go.jp/mie/poly/zaishoku/2026/6D122.html
ポリテクセンター中部,E9101,システム開発におけるセキュリティ対策技術,2027-01-13,"1月13日,14日",残りわずか,残りわずか,https://www3.jeed.go.jp/aichi/poly/zaishoku/bango.html
ポリテクセンター中部,M1341,設計に活かす３次元ＣＡＤ活用術（トラブルシューティング編）,2027-01-13,"1月13日,14日",空きがあります,受付中,https://www3.jeed.go.jp/aichi/poly/zaishoku/bango.html
ポリテクセンター京都,P2091,マイコン制御システム開発技術（Ａｒｄｕｉｎｏ編）,2027-01-13,1/13(水)～14(木),受付中,受付中,https://www3.jeed.go.jp/kyoto/poly/zaishoku/2026/P2091.html
ポリテクセンター京都,P0532,ＴＩＧ溶接技能クリニック,2027-01-13,1/13(水)～14(木),受付中,受付中,https://www3.jeed.go.jp/kyoto/poly/zaishoku/2026/P0532.html
ポリテクセンター佐賀,4M204,半自動アーク溶接技能クリニック,2027-01-13,"1/13(水),14(木)",受付中,受付中,https://www3.jeed.go.jp/saga/poly/zaishoku/2026/4M204.html
ポリテクセンター兵庫,E300I,有接点シーケンス制御の実践技術,2027-01-13,"1/13,14,15",受付中,受付中,https://www3.jeed.go.jp/hyogo/poly/contents/holding/2026/E300I.html
ポリテクセンター加古川,M234,ステンレス鋼のＴＩＧ溶接技能クリニック（板材編）,2027-01-13,"1/13,14",受付中,受付中,https://www3.jeed.go.jp/kakogawa/poly/zaishoku/2026/M234.html
ポリテクセンター加古川,H041,トラブル事例から学ぶ各種管の加工・接合技術（異種管接合編）,2027-01-13,"1/13,14,15",受付中,受付中,https://www3.jeed.go.jp/kakogawa/poly/zaishoku/2026/H041.html
ポリテクセンター千葉,H0804,実践建築設計２次元ＣＡＤ技術（使用機器：Ｊｗ＿ｃａｄ）,2027-01-13,"1/13,14",受付中,受付中,https://www3.jeed.go.jp/chiba/poly/zaishoku/2026/H0804.html
ポリテクセンター埼玉,E005E,実践的ＰＬＣ制御技術（ビット命令編）,2027-01-13,"1/13,14",─,（空欄）,https://www3.jeed.go.jp/saitama/poly/worker/seminar/2026/e005e.html
ポリテクセンター埼玉,E049B,製造現場におけるLAN活用技術（冗長化編）,2027-01-13,"1/13,14,15",─,（空欄）,https://www3.jeed.go.jp/saitama/poly/worker/seminar/2026/e049b.html
ポリテクセンター奈良,M191,幾何公差の解釈と活用演習,2027-01-13,1/13(水)、14(木),受付中,受付中,https://www3.jeed.go.jp/nara/poly/zaishoku/2026/M191.html
ポリテクセンター富山,3D015,有接点シーケンス制御の実践技術,2027-01-13,"1/13,14",受付中,受付中,https://www3.jeed.go.jp/toyama/poly/zaishoku/2026/3D015.html
ポリテクセンター富山,3M205,精密測定技術,2027-01-13,"1/13,14",受付中,受付中,https://www3.jeed.go.jp/toyama/poly/zaishoku/2026/3M205.html
ポリテクセンター山形,YMB14,カスタムマクロによるＮＣプログラミング技術,2027-01-13,令和9年1月13日水曜日、令和9年1月14日木曜日、令和9年1月15日金曜日,申込締切日令和8年12月23日,申込締切日,https://www3.jeed.go.jp/yamagata/poly/zaishoku/2026/2026/B102-010-A.html
ポリテクセンター岡山,4M123,フライス盤加工技術,2027-01-13,"1/13(水),14(木),15(金)",受付中 (空席:2),受付中,https://www3.jeed.go.jp/okayama/poly/zaishoku/2026/4M123.html
ポリテクセンター岩手,3MA22,ステンレス鋼のＴＩＧ溶接技能クリニック,2027-01-13,"1/13(水), 14(木)",受付中,受付中,https://www3.jeed.go.jp/iwate/poly/zaishoku/2026/3MA22.html
ポリテクセンター島根,3M010,マシニングセンタ加工技術,2027-01-13,1/13(水)、14(木)、15(金),記載なし,（空欄）,https://www3.jeed.go.jp/shimane/poly/zaishoku/2026/3M010.html
ポリテクセンター広島,E2107,有接点シーケンス制御の実践技術,2027-01-13,"2027/1/13,14",受付中,受付中,https://www3.jeed.go.jp/hiroshima/poly/zaishoku/2026/E2107.html
ポリテクセンター栃木,354-2,冷媒配管の施工と空調機器据付け技術,2027-01-13,"2027/1/13,14",受付中,受付中,https://www3.jeed.go.jp/tochigi/poly/zaishoku/2026/354-2.html
ポリテクセンター栃木,200-4,有接点シーケンス制御の実践技術,2027-01-13,"2027/1/13,14,15",受付中,受付中,https://www3.jeed.go.jp/tochigi/poly/zaishoku/2026/200-4.html
ポリテクセンター滋賀,M9004,実践機械製図,2027-01-13,"1/13,14,15",受付中,受付中,https://www3.jeed.go.jp/shiga/poly/zaishoku/2026/M9004.html
ポリテクセンター熊本,1M311,三次元測定技術,2027-01-13,"1/13(水),1/14(木)",受付中,受付中,https://www3.jeed.go.jp/kumamoto/poly/zaishoku/1M311.html
ポリテクセンター石川,5D012,シーケンス制御による電動機制御技術,2027-01-13,1/13.14.15,受付中,受付中,https://www3.jeed.go.jp/ishikawa/poly/zaishoku/2026/5D012.html
ポリテクセンター福井,7M232,旋盤加工技術（外径加工要素編）,2027-01-13,1/13(水)・14(木),受付中,受付中,https://www3.jeed.go.jp/fukui/poly/zaishoku/2026/7M232.html
ポリテクセンター福島,FMA02,２次元ＣＡＤによる機械製図技術,2027-01-13,1/13（水）、1/14（木）、1/15（金）,記載なし,（空欄）,https://www3.jeed.go.jp/fukushima/poly/zaishoku/2026/FMA02.html
ポリテクセンター秋田,4MY12,各種の溶接施工技術（学科・実技）,2027-01-13,"令和9年1/13(水),14(木),15(金)",受付中,受付中,https://www3.jeed.go.jp/akita/poly/zaishoku/2026/4MY12.html
ポリテクセンター群馬,SX231,生産現場で使える原価管理,2027-01-13,"2027/1/13(水),14(木),15(金)",お問い合わせ下さい,お問い合わせ,https://www3.jeed.go.jp/gunma/poly/zaishoku/SX231.html
ポリテクセンター群馬,MA102,３次元ＣＡＤを活用したソリッドモデリング技術＜CATIA編＞,2027-01-13,"2027/1/13(水),14(木),15(金)",お問い合わせ下さい,お問い合わせ,https://www3.jeed.go.jp/gunma/poly/zaishoku/MA102.html
ポリテクセンター群馬,EA121,ＰＬＣ制御の応用技術（電力計測ユニット編）,2027-01-13,"2027/1/13(水),14(木)",お問い合わせ下さい,お問い合わせ,https://www3.jeed.go.jp/gunma/poly/zaishoku/EA121.html
ポリテクセンター茨城,E2201,クラウドプラットフォーム活用技術（ＡＷＳ編）,2027-01-13,"R9.1/13(水),14(木)",記載なし,（空欄）,https://www3.jeed.go.jp/ibaraki/poly/zaishoku/2026/E2201.html
ポリテクセンター茨城,E2311,製造現場におけるＬＡＮ活用技術（ネットワーク機器の設定）［旧コース名：製造現場内ネットワークの構築（ネットワーク機器の設定）］,2027-01-13,"R9.1/13(水),14(木)",記載なし,（空欄）,https://www3.jeed.go.jp/ibaraki/poly/zaishoku/2026/E2311.html
ポリテクセンター関東,E3513,小型モータの制御回路技術（モータの特性と制御回路編）,2027-01-13,"1/13,14,15",残りわずか,残りわずか,https://www3.jeed.go.jp/kanagawa/poly/seminar/2026/E3513.html
ポリテクセンター関東,M2711,旋削加工の理論と実際,2027-01-13,"1/13,14,15",受付中,受付中,https://www3.jeed.go.jp/kanagawa/poly/seminar/2026/M2711.html
ポリテクセンター関東,M3914,空気圧実践技術,2027-01-13,"1/13,14,15",受付中,受付中,https://www3.jeed.go.jp/kanagawa/poly/seminar/2026/M3914.html
ポリテクセンター関東,M0813,２次元ＣＡＤによる機械設計技術（図面構築手法編）【機器：ＡｕｔｏＣＡＤ】,2027-01-13,"1/13,14,15",受付中,受付中,https://www3.jeed.go.jp/kanagawa/poly/seminar/2026/M0813.html
ポリテクセンター関西,B1112,太陽光発電システムのメンテナンス技術,2027-01-13,"2027/1/13,14",残りわずか,残りわずか,https://www3.jeed.go.jp/osaka/poly/zaishoku/B1112.html
ポリテクセンター関西,B5092,組込みプログラム単体テスト実践コース,2027-01-13,"2027/1/13,14",受付中,受付中,https://www3.jeed.go.jp/osaka/poly/zaishoku/B5092.html
ポリテクセンター静岡,3H171,住空間リフォーム設計（コミュニケーションパース編）,2027-01-13,1/13(水)、14(木),受付中,受付中,https://www3.jeed.go.jp/shizuoka/poly/zaishoku/2026/3H171.html
ポリテクセンター香川,2H405,建築設備機器廻りの配管施工・保守技術（新規コース）,2027-01-13,1/13(水)14(木)15(金),記載なし,（空欄）,https://www3.jeed.go.jp/kagawa/poly/zaishoku/2026/2H405.html
ポリテクセンター高知,5M020,フライス盤加工技術,2027-01-13,1/13（水）、14（木）、15（金）,受付中,受付中,https://www3.jeed.go.jp/kochi/poly/zaishoku/2026/5M020.html
ポリテクセンター三重,6M132,ＮＣ旋盤加工技術,2027-01-14,"1/14,1/15",記載なし,（空欄）,https://www3.jeed.go.jp/mie/poly/zaishoku/2026/6M132.html
ポリテクセンター伊勢,7H161,木造住宅の架構設計技術,2027-01-14,"2023/1/14(土),1/15(日)",記載なし,（空欄）,https://www3.jeed.go.jp/ise/poly/zaishoku/A901-004-A.html
ポリテクセンター兵庫,M2208,ステンレス鋼のＴＩＧ溶接技能クリニック＜板材編＞,2027-01-14,"1/14,15",受付中,受付中,https://www3.jeed.go.jp/hyogo/poly/contents/holding/2026/M2208.html
ポリテクセンター兵庫,E100B,トランジスタ回路の設計・評価技術,2027-01-14,"1/14,15",受付中,受付中,https://www3.jeed.go.jp/hyogo/poly/contents/holding/2026/E100B.html
ポリテクセンター兵庫,E324B,ＰＬＣによるタッチパネル活用技術,2027-01-14,"1/14,15",残りわずか,残りわずか,https://www3.jeed.go.jp/hyogo/poly/contents/holding/2026/E324B.html
ポリテクセンター函館,3H003,実践建築設計３次元ＣＡＤ技術,2027-01-14,"R9 1/14,15",受付中,受付中,https://www3.jeed.go.jp/hakodate/poly/zaishoku/2026/8X3H003.html
ポリテクセンター北海道,1M120,【New】ＮＣ旋盤プログラミング技術,2027-01-14,"令和9年1月14日(木),15日(金)",受付中,受付中,https://www3.jeed.go.jp/hokkaido/poly/zaishoku/2026/1M120.html
ポリテクセンター北海道,1D318,製造現場におけるＬＡＮ活用技術,2027-01-14,"令和9年1月14日(木),15日(金)",受付中,受付中,https://www3.jeed.go.jp/hokkaido/poly/zaishoku/2026/1D318.html
ポリテクセンター千葉,S0604,生産現場に活かす品質管理ツール（ＱＣ７つ道具を中心にして）,2027-01-14,"1/14,15",受付中,受付中,https://www3.jeed.go.jp/chiba/poly/zaishoku/2026/S0604.html
ポリテクセンター千葉,M1904,精密測定技術,2027-01-14,"1/14,15",受付中,受付中,https://www3.jeed.go.jp/chiba/poly/zaishoku/2026/M1904.html
ポリテクセンター埼玉,S002A,製造現場の小集団活動実践 （効率的、効果的なQCサークル活動のために）,2027-01-14,"1/14,15",─,（空欄）,https://www3.jeed.go.jp/saitama/poly/worker/seminar/2026/s002a.html
ポリテクセンター奈良,E510,製造現場におけるＬＡＮ活用技術,2027-01-14,1/14(木)、15(金),受付中,受付中,https://www3.jeed.go.jp/nara/poly/zaishoku/2026/E510.html
ポリテクセンター宮城,MMA02,＜機能とコストを両立する＞公差設計技術,2027-01-14,2027/1/14（木）、1/15（金）,受付中,受付中,https://www3.jeed.go.jp/miyagi/poly/zaishoku/2026/MMA02.html
ポリテクセンター宮城,MEA38,ＰＬＣ制御の応用技術（数値処理編）,2027-01-14,2027/1/14（木）、1/15（金）,受付中,受付中,https://www3.jeed.go.jp/miyagi/poly/zaishoku/2026/MEA38.html
ポリテクセンター岐阜,M0402,切削加工の理論と実際,2027-01-14,"2027/1/14（木）,15（金）",受付中,受付中,https://www3.jeed.go.jp/gifu/poly/zaishoku/M0402.html
ポリテクセンター岡山,4D104,有接点シーケンス制御の実践技術,2027-01-14,"1/14(木),15(金)",受付中 (空席:8),受付中,https://www3.jeed.go.jp/okayama/poly/zaishoku/2026/4D104.html
ポリテクセンター岡山,4D128,Ｗｅｂを活用した生産支援システム構築技術（Ｊａｖａ、サーブレット編）,2027-01-14,"1/14(木),15(金)",受付中,受付中,https://www3.jeed.go.jp/okayama/poly/zaishoku/2026/4D128.html
ポリテクセンター愛媛,4M532,ステンレス鋼のＴＩＧ溶接技能クリニック,2027-01-14,"1/14(木),15(金)",受付中,受付中,https://www3.jeed.go.jp/ehime/poly/seminar/2026/4M532.html
ポリテクセンター愛媛,4H521,トラブル事例から学ぶ各種管の加工・接合技術（トイレ等の給排水衛生設備）,2027-01-14,"1/14(木),15(金)",受付中,受付中,https://www3.jeed.go.jp/ehime/poly/seminar/2026/4H521.html
ポリテクセンター新潟,1D120,オブジェクト指向による組込みプログラム開発技術（Ｐｙｔｈｏｎ編）,2027-01-14,"1/14,15",記載なし,（空欄）,https://www3.jeed.go.jp/niigata/poly/zaishoku/2026/1D120.html
ポリテクセンター滋賀,X6053,仕事と人を動かす現場監督者の育成,2027-01-14,"1/14,15",受付中,受付中,https://www3.jeed.go.jp/shiga/poly/zaishoku/2026/X6053.html
ポリテクセンター滋賀,E5061,電子回路の計測技術,2027-01-14,"1/14,15",受付中,受付中,https://www3.jeed.go.jp/shiga/poly/zaishoku/2026/E5061.html
ポリテクセンター石川,5Y002,半自動アーク溶接技能クリニック,2027-01-14,"1/14,15",受付中,受付中,https://www3.jeed.go.jp/ishikawa/poly/zaishoku/2026/5Y002.html
ポリテクセンター福島,FEA09,組込み技術者のためのプログラミング（Ｃ言語編）,2027-01-14,1/14（木）、1/15（金）,記載なし,（空欄）,https://www3.jeed.go.jp/fukushima/poly/zaishoku/2026/FEA09.html
ポリテクセンター秋田,4MY62,各種の溶接施工技術（実技のみ）,2027-01-14,"令和9年1/14(木),15(金)",受付中,受付中,https://www3.jeed.go.jp/akita/poly/zaishoku/2026/4MY62.html
ポリテクセンター長崎,5M021,２次元ＣＡＤによる機械製図技術,2027-01-14,"1/14(木),15(金)",受付中,受付中,https://www3.jeed.go.jp/nagasaki/poly/zaishoku/2026/5M021.html
ポリテクセンター関東,E5412,なぜなぜ分析による製造現場の問題解決,2027-01-14,"1/14,15",受付中,受付中,https://www3.jeed.go.jp/kanagawa/poly/seminar/2026/E5412.html
ポリテクセンター関東,H0212,実践建築設計２次元ＣＡＤ技術（コマンド編）【機器：Ｊｗ＿ｃａｄ】,2027-01-14,"1/14,15",受付中,受付中,https://www3.jeed.go.jp/kanagawa/poly/seminar/2026/H0212.html
ポリテクセンター関東,E1513,組込み技術者のためのプログラミング（Ｐｙｔｈｏｎ言語 ＩＣＴスタートアップ）,2027-01-14,"1/14,15",受付中,受付中,https://www3.jeed.go.jp/kanagawa/poly/seminar/2026/E1513.html
ポリテクセンター関西,C0281,ツールを活用した公差設計技術,2027-01-14,"2027/1/14,15",受付中,受付中,https://www3.jeed.go.jp/osaka/poly/zaishoku/C0281.html
ポリテクセンター関西,B0452,産業用ロボット活用技術《使用ロボット:三菱電機RV-2FR-Q》,2027-01-14,"2027/1/14,15",受付中,受付中,https://www3.jeed.go.jp/osaka/poly/zaishoku/B0452.html
ポリテクセンター関西,B1092,空調熱負荷と空気線図に基づく温熱環境計画手法,2027-01-14,"2027/1/14,15",受付中,受付中,https://www3.jeed.go.jp/osaka/poly/zaishoku/B1092.html
ポリテクセンター高知,5H008,ドローンを活用した建物劣化診断技術,2027-01-14,1/14（木）、15（金）,受付中,受付中,https://www3.jeed.go.jp/kochi/poly/zaishoku/2026/5H008.html
ポリテクセンター和歌山,M54-1,アルミニウム合金のＴＩＧ溶接技能クリニック,2027-01-16,2027年1/16（土）、17（日）,受付中,受付中,https://www3.jeed.go.jp/wakayama/poly/zaishoku/M54-1.html
ポリテクセンター宮崎,3H004,冷媒配管の施工と空調機器据付け技術＜エアコン据付技術＞,2027-01-16,令和9年1月16日（土）、1月17日（日）,受付中,受付中,https://www3.jeed.go.jp/miyazaki/poly/zaishoku/copy_of_2026_C202-A01-A.html
ポリテクセンター宮崎,3M038,ＴＩＧ溶接技能クリニック,2027-01-16,令和9年1月16日（土）、1月17日（日）,募集中,受付中,https://www3.jeed.go.jp/miyazaki/poly/zaishoku/copy_of_2026_B202-006-A.html
ポリテクセンター広島,H1202,ＶＲソリューションを活用した実践建築設計３次元ＣＡＤ技術,2027-01-16,"1/16,1/17",受付中,受付中,https://www3.jeed.go.jp/hiroshima/poly/zaishoku/2026/H1202.html
ポリテクセンター福岡,1M672,匠塾 溶接作業における高度熟練技術,2027-01-16,"1/16(土),23(土),30(土)",受付中,受付中,https://www3.jeed.go.jp/fukuoka/poly/zaishoku/2026/1M672.html
ポリテクセンター米子,2H004,実践建築設計２次元ＣＡＤ技術,2027-01-16,令和9年1月16日(土)、1月17日(日),受付中,受付中,https://www3.jeed.go.jp/yonago/poly/zaishoku/2026/2H004.html
ポリテクセンター関東,H2411,継手・仕口の製作実践技術,2027-01-16,"1/16,17,23,24",受付中,受付中,https://www3.jeed.go.jp/kanagawa/poly/seminar/2026/H2411.html
ポリテクセンター飯塚,2D031,有接点シーケンス制御の実践技術,2027-01-16,"1/16(土),23(土)",受付中,受付中,https://www3.jeed.go.jp/iizuka/poly/zaishoku/2026/2D031.html
ポリテクセンター兵庫,M201F,被覆アーク溶接技能クリニック（各種姿勢編）,2027-01-17,"1/17,30",受付中,受付中,https://www3.jeed.go.jp/hyogo/poly/contents/holding/2026/M201F.html
ポリテクセンター兵庫,M230B,アルミニウム合金のＴＩＧ溶接技能クリニック,2027-01-18,"1/18,19",受付中,受付中,https://www3.jeed.go.jp/hyogo/poly/contents/holding/2026/M230B.html
ポリテクセンター兵庫,M0141,マシニングセンタプログラミング技術,2027-01-18,"1/18,19,20,21,22",残りわずか,残りわずか,https://www3.jeed.go.jp/hyogo/poly/contents/holding/2026/M0141.html
ポリテクセンター兵庫,B305B,仕事と人を動かす現場監督者の育成,2027-01-18,"1/18,19",受付中,受付中,https://www3.jeed.go.jp/hyogo/poly/contents/holding/2026/B305B.html
ポリテクセンター北海道,1D312,【New】Ｊａｖａによる組込みシステムのサーバサイドプログラム開発,2027-01-18,"令和9年1月18日(月),19日(火)",受付中,受付中,https://www3.jeed.go.jp/hokkaido/poly/zaishoku/2026/1D312.html
ポリテクセンター君津,KM052,精密測定技術,2027-01-18,1/18（月）、1/19（火）,受付中,受付中,https://www3.jeed.go.jp/kimitsu/poly/zaishoku/2026/KM052.html
ポリテクセンター新潟,1D032,シーケンス制御による電動機制御技術,2027-01-18,"1/18,19",記載なし,（空欄）,https://www3.jeed.go.jp/niigata/poly/zaishoku/2026/1D032.html
ポリテクセンター関東,M0215,実践機械製図（寸法編）,2027-01-18,"1/18,19,20",受付中,受付中,https://www3.jeed.go.jp/kanagawa/poly/seminar/2026/M0215.html
ポリテクセンター関東,M1913,設計ツールによるモデリング技術【機器：ＮＸ ２５０６】,2027-01-18,"1/18,19,20",受付中,受付中,https://www3.jeed.go.jp/kanagawa/poly/seminar/2026/M1913.html
ポリテクセンター三重,6H072,木造住宅の基本計画技術,2027-01-19,"1/19,1/20",記載なし,（空欄）,https://www3.jeed.go.jp/mie/poly/zaishoku/2026/6H072.html
ポリテクセンター中部,M2016,旋盤加工技術（外径・内径加工編）,2027-01-19,"1月19日,20日,21日,22日",空きがあります,受付中,https://www3.jeed.go.jp/aichi/poly/zaishoku/bango.html
ポリテクセンター中部,M1451,設計に活かす３次元ＣＡＤ活用術（ＰＤＭを使ったチーム設計と運用管理編）,2027-01-19,"1月19日,20日",空きがあります,受付中,https://www3.jeed.go.jp/aichi/poly/zaishoku/bango.html
ポリテクセンター中部,M1094,３次元ＣＡＤを活用したソリッドモデリング技術,2027-01-19,"1月19日,20日,21日",空きがあります,受付中,https://www3.jeed.go.jp/aichi/poly/zaishoku/bango.html
ポリテクセンター京都,P2522,制御盤製作技術（配線設計編）,2027-01-19,1/19(火)～21(木),受付中,受付中,https://www3.jeed.go.jp/kyoto/poly/zaishoku/2026/P2522.html
ポリテクセンター会津,AHB04,継手・仕口の製作実践技術,2027-01-19,1/19(火)・20(水)・21(木)・22(金),受付中,受付中,https://www3.jeed.go.jp/aizu/poly/zaishoku/2026/AHB04.html
ポリテクセンター兵庫,M0081,設計に活かす３次元ＣＡＤアセンブリ技術,2027-01-19,"1/19,20,21",残りわずか,残りわずか,https://www3.jeed.go.jp/hyogo/poly/contents/holding/2026/M0081.html
ポリテクセンター加古川,M111,設計に活かす３次元ＣＡＤアセンブリ技術,2027-01-19,"1/19,20,21",受付中,受付中,https://www3.jeed.go.jp/kakogawa/poly/zaishoku/2026/M111.html
ポリテクセンター北海道,1H411,ＢＩＭを用いた建築設計技術（モデリング編）,2027-01-19,"令和9年1月19日(火),20日(水)",受付中,受付中,https://www3.jeed.go.jp/hokkaido/poly/zaishoku/2026/1H411.html
ポリテクセンター埼玉,M042B,設計に活かす３次元CADソリッドモデリング技術,2027-01-19,"1/19,20,21,22",─,（空欄）,https://www3.jeed.go.jp/saitama/poly/worker/seminar/2026/m042b.html
ポリテクセンター奈良,M102,設計に活かす３次元ＣＡＤソリッドモデリング技術,2027-01-19,1/19(火)、20(水)、21(木)、22(金),受付中,受付中,https://www3.jeed.go.jp/nara/poly/zaishoku/2026/M102.html
ポリテクセンター富山,3D022,シーケンス制御による電動機制御技術,2027-01-19,"1/19,20",受付中,受付中,https://www3.jeed.go.jp/toyama/poly/zaishoku/2026/3D022.html
ポリテクセンター富山,3D172,製造現場におけるＬＡＮ活用技術（ＴＣＰ／ＩＰ編）,2027-01-19,"1/19,20",受付中,受付中,https://www3.jeed.go.jp/toyama/poly/zaishoku/2026/3D172.html
ポリテクセンター山形,YMB70,ステンレス鋼のＴＩＧ溶接技能クリニック,2027-01-19,令和9年1月19日火曜日、令和9年1月20日水曜日,申込締切日令和9年1月4日,申込締切日,https://www3.jeed.go.jp/yamagata/poly/zaishoku/2026/2026/B202-007-A-4.html
ポリテクセンター山形,YMA03,２次元ＣＡＤによる機械製図技術,2027-01-19,令和9年1月19日火曜日、令和9年1月20日水曜日、令和9年1月21日木曜日、令和9年1月22日金曜日,申込締切日令和9年1月4日,申込締切日,https://www3.jeed.go.jp/yamagata/poly/zaishoku/2026/2026/A202-022-A.html
ポリテクセンター広島,P3902,油圧実践技術,2027-01-19,"1/19,20,21",残りわずか,残りわずか,https://www3.jeed.go.jp/hiroshima/poly/zaishoku/2026/P3902.html
ポリテクセンター愛媛,4D301,電気工事技術者のためのＩоＴ機器施工技術,2027-01-19,"1/19(火),20(水)",受付中,受付中,https://www3.jeed.go.jp/ehime/poly/seminar/2026/4D301.html
ポリテクセンター滋賀,M9062,機械設計のための総合力学,2027-01-19,"1/19,20,21",受付中,受付中,https://www3.jeed.go.jp/shiga/poly/zaishoku/2026/M9062.html
ポリテクセンター滋賀,E5115,ＰＬＣ制御の回路技術,2027-01-19,"1/19,20",受付中,受付中,https://www3.jeed.go.jp/shiga/poly/zaishoku/2026/E5115.html
ポリテクセンター福井,7M222,旋盤加工技術,2027-01-19,1/19(火)・20(水)・21(木),受付中,受付中,https://www3.jeed.go.jp/fukui/poly/zaishoku/2026/7M222.html
ポリテクセンター群馬,SX131,新ＱＣ７つ道具活用による製造現場における品質改善・品質保証,2027-01-19,"2027/1/19(火),20(水)",お問い合わせ下さい,お問い合わせ,https://www3.jeed.go.jp/gunma/poly/zaishoku/SX131.html
ポリテクセンター茨城,M0164,フライス盤加工技術,2027-01-19,"R9.1/19(火),20(水),21(木),22(金)",記載なし,（空欄）,https://www3.jeed.go.jp/ibaraki/poly/zaishoku/2026/M0164.html
ポリテクセンター茨城,E0092,ＰＬＣによるタッチパネル活用技術 使用機器 三菱ＧＯＴ,2027-01-19,"R9.1/19(火),20(水)",記載なし,（空欄）,https://www3.jeed.go.jp/ibaraki/poly/zaishoku/2026/E0092.html
ポリテクセンター長崎,5M072,製造業における実践的生産管理,2027-01-19,"1/19(火),20(水),21(木)",受付中,受付中,https://www3.jeed.go.jp/nagasaki/poly/zaishoku/2026/5M072.html
ポリテクセンター関東,M2614,フライス盤加工技術,2027-01-19,"1/19,20,21,22",受付中,受付中,https://www3.jeed.go.jp/kanagawa/poly/seminar/2026/M2614.html
ポリテクセンター関西,C2051,旋盤加工応用技術（複合課題編）,2027-01-19,"2027/1/19,20,21,22",受付中,受付中,https://www3.jeed.go.jp/osaka/poly/zaishoku/C2051.html
ポリテクセンター関西,C1312,油圧回路設計の実践技術,2027-01-19,"2027/1/19,20,21,22",受付中,受付中,https://www3.jeed.go.jp/osaka/poly/zaishoku/C1312.html
ポリテクセンター関西,C0486,設計に活かす３次元ＣＡＤソリッドモデリング技術 《使用ソフト：SolidWorks》,2027-01-19,"2027/1/19,20,21,22",受付中,受付中,https://www3.jeed.go.jp/osaka/poly/zaishoku/C0486.html
ポリテクセンター静岡,3K011,生産システムのキャッシュフローによる採算性評価,2027-01-19,1/19(火)、20(水),受付中,受付中,https://www3.jeed.go.jp/shizuoka/poly/zaishoku/2026/3K011.html
ポリテクセンター鹿児島,5M126,カスタムマクロによるＮＣプログラミング技術,2027-01-19,R9/1/19(火)、1/20(水)、1/21(木),受付中,受付中,https://www3.jeed.go.jp/kagoshima/poly/zaishoku/2026/5M126.html
ポリテクセンター鹿児島,5H104,実践建築設計２次元ＣＡＤ技術,2027-01-19,R9/1/19(火)、1/20(水),受付中,受付中,https://www3.jeed.go.jp/kagoshima/poly/zaishoku/2026/5H104.html
ポリテクセンター中部,M1285,公差設計技術,2027-01-20,"1月20日,21日",空きがあります,受付中,https://www3.jeed.go.jp/aichi/poly/zaishoku/bango.html
ポリテクセンター兵庫,E301E,シーケンス制御による電動機制御技術,2027-01-20,"1/20,21,22",受付中,受付中,https://www3.jeed.go.jp/hyogo/poly/contents/holding/2026/E301E.html
ポリテクセンター千葉,H1901,ネットワーク工程管理実践技術,2027-01-20,"1/20,21",受付中,受付中,https://www3.jeed.go.jp/chiba/poly/zaishoku/2026/H1901.html
ポリテクセンター千葉,E2002,基板製作に係る鉛フリーはんだ付け技術,2027-01-20,"1/20,21",受付中,受付中,https://www3.jeed.go.jp/chiba/poly/zaishoku/2026/copy_of_E2002.html
ポリテクセンター千葉,E1402,ＰＬＣプログラミング技術,2027-01-20,"1/20,21",受付中,受付中,https://www3.jeed.go.jp/chiba/poly/zaishoku/2026/E1402.html
ポリテクセンター埼玉,E007B,PLCによるタッチパネル活用技術,2027-01-20,"1/20,21",─,（空欄）,https://www3.jeed.go.jp/saitama/poly/worker/seminar/2026/e007b.html
ポリテクセンター埼玉,E025A,マイコン制御システム開発技術（組込みマルチスレッドプログラミング）,2027-01-20,"1/20,21,22",─,（空欄）,https://www3.jeed.go.jp/saitama/poly/worker/seminar/2026/e025a.html
ポリテクセンター宮城,MMA08,設計に活かす３次元ＣＡＤアセンブリ技術,2027-01-20,2027/1/20（水）、1/21（木）、1/22（金）,受付中,受付中,https://www3.jeed.go.jp/miyagi/poly/zaishoku/2026/MMA08.html
ポリテクセンター愛媛,4M032,旋削加工の理論と実際,2027-01-20,"1/20(水),21(木）",受付中,受付中,https://www3.jeed.go.jp/ehime/poly/seminar/2026/4M032.html
ポリテクセンター旭川,4H012,冷媒配管の施工と空調機器据付け技術,2027-01-20,１/２０(水)、１/２１(木),受付中,受付中,https://www3.jeed.go.jp/asahikawa/poly/zaisyoku/2026/4H012.html
ポリテクセンター栃木,103-3,設計に活かす３次元ＣＡＤソリッドモデリング技術（Ｓコース）,2027-01-20,"2027/1/20,21,22",受付中,受付中,https://www3.jeed.go.jp/tochigi/poly/zaishoku/2026/103-3.html
ポリテクセンター滋賀,M9013,２次元ＣＡＤによる機械製図技術,2027-01-20,"1/20,21,22",受付中,受付中,https://www3.jeed.go.jp/shiga/poly/zaishoku/2026/M9013.html
ポリテクセンター熊本,1M181,ＮＣ旋盤プログラミング技術,2027-01-20,"1/20(水),1/21(木),1/22(金)",受付中,受付中,https://www3.jeed.go.jp/kumamoto/poly/zaishoku/1M181.html
ポリテクセンター石川,5D123,ＰＬＣ制御の回路技術（使用機器：三菱Ｑシリーズ）（３日間コース）,2027-01-20,"1/20,21,22",受付中,受付中,https://www3.jeed.go.jp/ishikawa/poly/zaishoku/2026/5D123.html
ポリテクセンター福岡,1D621,携帯通信端末によるＰＬＣ制御技術 ★セット受講推奨★,2027-01-20,"1/20(水),21(木)",受付中,受付中,https://www3.jeed.go.jp/fukuoka/poly/zaishoku/2026/1D621.html
ポリテクセンター群馬,SX142,自主保全・現場改善活動による総合的生産保全技術,2027-01-20,"2027/1/20(水),21(木)",お問い合わせ下さい,お問い合わせ,https://www3.jeed.go.jp/gunma/poly/zaishoku/SX142.html
ポリテクセンター群馬,EA286,ＰＬＣプログラミング技術（ビルディングタイプ編）,2027-01-20,"2027/1/20(水),21(木)",お問い合わせ下さい,お問い合わせ,https://www3.jeed.go.jp/gunma/poly/zaishoku/EA286.html
ポリテクセンター長野,8M103,精密測定技術<測定器習得編>,2027-01-20,"1/20(水),21(木)",受付中,受付中,https://www3.jeed.go.jp/nagano/poly/zaishoku/2026/8M103.html
ポリテクセンター関東,H2011,鉄骨構造物における構造計算技術,2027-01-20,"1/20,21",受付中,受付中,https://www3.jeed.go.jp/kanagawa/poly/seminar/2026/H2011.html
ポリテクセンター関東,E3913,ＰＬＣ制御の回路技術【機器：三菱ＰＬＣ Ｑシリーズ】,2027-01-20,"1/20,21",受付中,受付中,https://www3.jeed.go.jp/kanagawa/poly/seminar/2026/E3913.html
ポリテクセンター関西,C0003,鉄鋼材料の熱処理技術,2027-01-20,"2027/1/20,21",受付中,受付中,https://www3.jeed.go.jp/osaka/poly/zaishoku/C0003.html
ポリテクセンター関西,B2004,ＲＬＣ回路の設計・評価技術,2027-01-20,"2027/1/20,21",受付中,受付中,https://www3.jeed.go.jp/osaka/poly/zaishoku/B2004.html
ポリテクセンター青森,PH080,実践建築設計２次元ＣＡＤ技術 （Jコマンド操作編）,2027-01-20,"1/20,1/21",受付中,受付中,https://www3.jeed.go.jp/aomori/poly/zaishoku/2026/PH080.html
ポリテクセンター飯塚,2M070,公差設計技術,2027-01-20,"1/20(水),21(木)",受付中,受付中,https://www3.jeed.go.jp/iizuka/poly/zaishoku/2026/2M070.html
ポリテクセンター香川,2D601,オブジェクト指向による組込みプログラム開発技術（Pythonデータ分析編）,2027-01-20,1/20(水)21(木),記載なし,（空欄）,https://www3.jeed.go.jp/kagawa/poly/zaishoku/2026/2D601.html
ポリテクセンターいわき,IMBC2,ステンレス鋼のＴＩＧ溶接技能クリニック（２日間コース）,2027-01-21,1/21(木)、1/22(金),受付中,受付中,https://www3.jeed.go.jp/iwaki/poly/zaishoku/2026/IMBC2.html
ポリテクセンター三重,6D132,ＰＬＣによるタッチパネル活用技術,2027-01-21,"1/21,1/22",記載なし,（空欄）,https://www3.jeed.go.jp/mie/poly/zaishoku/2026/6D132.html
ポリテクセンター中部,M1391,設計に活かす３次元ＣＡＤ活用術（応用編：ＣＡＤ機能による設計の効率化）,2027-01-21,"1月21日,22日",空きがあります,受付中,https://www3.jeed.go.jp/aichi/poly/zaishoku/bango.html
ポリテクセンター佐賀,4M208,ステンレス鋼のＴＩＧ溶接技能クリニック,2027-01-21,"1/21(木),22(金)",受付中,受付中,https://www3.jeed.go.jp/saga/poly/zaishoku/2026/4M208.html
ポリテクセンター加古川,H031,冷媒配管の加工・接合技術,2027-01-21,"1/21,22",受付中,受付中,https://www3.jeed.go.jp/kakogawa/poly/zaishoku/2026/H031.html
ポリテクセンター千葉,S0504,安全確保のための現場改善手法,2027-01-21,"1/21,22",受付中,受付中,https://www3.jeed.go.jp/chiba/poly/zaishoku/2026/S0504.html
ポリテクセンター千葉,H0503,有接点シーケンス制御の実践技術,2027-01-21,"1/21,22",受付中,受付中,https://www3.jeed.go.jp/chiba/poly/zaishoku/2026/H0503.html
ポリテクセンター和歌山,Z01-1,コスト低減のための原価管理とシステム構築技術,2027-01-21,2027年1/21（木）、22（金）,受付中,受付中,https://www3.jeed.go.jp/wakayama/poly/zaishoku/Z01-1.html
ポリテクセンター宮城,MEX60,生産現場に活かす品質管理技法,2027-01-21,2027/1/21（木）、1/22（金）,受付中,受付中,https://www3.jeed.go.jp/miyagi/poly/zaishoku/2026/MEX60.html
ポリテクセンター富山,3D181,製造現場内ネットワークの構築,2027-01-21,"1/21,22",受付中,受付中,https://www3.jeed.go.jp/toyama/poly/zaishoku/2026/3D181.html
ポリテクセンター愛媛,4M512,被覆アーク溶接技能クリニック,2027-01-21,"1/21(木),22(金)",受付中,受付中,https://www3.jeed.go.jp/ehime/poly/seminar/2026/4M512.html
ポリテクセンター新潟,1S012,５Ｓによるムダ取り・改善の進め方,2027-01-21,"1/21,22",記載なし,（空欄）,https://www3.jeed.go.jp/niigata/poly/zaishoku/2026/1S012.html
ポリテクセンター旭川,4M371,被覆アーク溶接技能クリニック,2027-01-21,１/２１(木)、１/２２(金),受付中,受付中,https://www3.jeed.go.jp/asahikawa/poly/zaisyoku/2026/4M371.html
ポリテクセンター松本,9D022,ＰＬＣプログラミング技術,2027-01-21,1/21（木）、22（金）,受付中,受付中,https://www3.jeed.go.jp/matsumoto/poly/zaishoku/_2026/9D022.html
ポリテクセンター栃木,408-1,現場の安全確保（５Ｓ）と生産性向上（５Ｓ実践力向上）,2027-01-21,"2027/1/21,22",受付中,受付中,https://www3.jeed.go.jp/tochigi/poly/zaishoku/2026/408-1.html
ポリテクセンター栃木,243-1,ＰＬＣ制御の回路技術（ＳＢＣ＋ソフトウェアＰＬＣ編）,2027-01-21,"2027/1/21,22",受付中,受付中,https://www3.jeed.go.jp/tochigi/poly/zaishoku/2026/243-1.html
ポリテクセンター滋賀,E5202,パソコンによる計測制御システム技術,2027-01-21,"1/21,22",受付中,受付中,https://www3.jeed.go.jp/shiga/poly/zaishoku/2026/E5202.html
ポリテクセンター福井,7D052,ＰＬＣによる位置決め制御技術,2027-01-21,1/21(木)・22(金),受付中,受付中,https://www3.jeed.go.jp/fukui/poly/zaishoku/2026/7D052.html
ポリテクセンター秋田,4HK71,実践建築設計３次元ＣＡＤ技術,2027-01-21,"令和9年1/21(木),22(金)",受付中,受付中,https://www3.jeed.go.jp/akita/poly/zaishoku/2026/4HK71.html
ポリテクセンター群馬,MD013,精密測定技術（長さ測定編）,2027-01-21,"2027/1/21(木),22(金)",お問い合わせ下さい,お問い合わせ,https://www3.jeed.go.jp/gunma/poly/zaishoku/MD013.html
ポリテクセンター荒尾,2M018,精密測定技術,2027-01-21,"1/21(木),1/22(金)",受付中,受付中,https://www3.jeed.go.jp/arao/poly/zaishoku/2026/2M018.html
ポリテクセンター関東,E2611,タブレットを活用したシステム構築（ＩＣＴ向けＯＳ活用技術 Ａｎｄｒｏｉｄ Ｋｏｔｌｉｎ編）,2027-01-21,"1/21,22",受付中,受付中,https://www3.jeed.go.jp/kanagawa/poly/seminar/2026/E2611.html
ポリテクセンター関東,H3212,ドローンを活用した建物赤外線劣化診断技術,2027-01-21,"1/21,22",受付中,受付中,https://www3.jeed.go.jp/kanagawa/poly/seminar/2026/H3212.html
ポリテクセンター関東,H3613,現場のための電気保全技術,2027-01-21,"1/21,22",残りわずか,残りわずか,https://www3.jeed.go.jp/kanagawa/poly/seminar/2026/H3613.html
ポリテクセンター関東,E4712,現場監督者の実践力向上（成果を出すリーダー育成）,2027-01-21,"1/21,22",受付中,受付中,https://www3.jeed.go.jp/kanagawa/poly/seminar/2026/E4712.html
ポリテクセンター関東,M2013,３次元ＣＡＤを活用したアセンブリ技術【機器：ＮＸ ２５０６】,2027-01-21,"1/21,22",受付中,受付中,https://www3.jeed.go.jp/kanagawa/poly/seminar/2026/M2013.html
ポリテクセンター関東,E2012,ＣＡＮインタフェース技術（マイコン技術者のためのＣＡＮインタフェース技術）,2027-01-21,"1/21,22",残りわずか,残りわずか,https://www3.jeed.go.jp/kanagawa/poly/seminar/2026/E2012.html
ポリテクセンター三重,6M222,半自動アーク溶接技能クリニック,2027-01-23,"1/23,1/24",記載なし,（空欄）,https://www3.jeed.go.jp/mie/poly/zaishoku/2026/6M222.html
ポリテクセンター中部,M3222,アルミニウム合金のＴＩＧ溶接技能クリニック,2027-01-23,"1月23日,24日",空きがあります,受付中,https://www3.jeed.go.jp/aichi/poly/zaishoku/bango.html
ポリテクセンター加古川,J401,ＢＩＭを用いた建築設計技術,2027-01-23,"1/23,24",受付中,受付中,https://www3.jeed.go.jp/kakogawa/poly/zaishoku/2026/J401.html
ポリテクセンター奈良,H835,実践建築設計３次元ＣＡＤ技術,2027-01-23,1/23(土)、24(日),受付中,受付中,https://www3.jeed.go.jp/nara/poly/zaishoku/2026/H835.html
ポリテクセンター宮崎,3D014,ＰＬＣによるタッチパネル活用技術,2027-01-23,令和9年1月23日（土）、1月24日（日）,受付中,受付中,https://www3.jeed.go.jp/miyazaki/poly/zaishoku/copy_of_2026_A401-014-A.html
ポリテクセンター広島,H0602,建築施工図作成・管理支援技術,2027-01-23,"1/23,1/24",受付中,受付中,https://www3.jeed.go.jp/hiroshima/poly/zaishoku/2026/H0602.html
ポリテクセンター茨城,E1131,クラウド活用によるＩｏＴシステム構築技術（ＥＳＰ３２・ＡＷＳ編）,2027-01-23,"R9.1/23(土),24(日)",記載なし,（空欄）,https://www3.jeed.go.jp/ibaraki/poly/zaishoku/2026/E1131.html
ポリテクセンター静岡,3H071,ＢＩＭを用いた建築設計技術,2027-01-23,1/23(土)、24(日),受付中,受付中,https://www3.jeed.go.jp/shizuoka/poly/zaishoku/2026/3H071.html
ポリテクセンター中部,E2202,ＥＭＣ対策のための電磁気学,2027-01-25,"1月25日,26日",空きがあります,受付中,https://www3.jeed.go.jp/aichi/poly/zaishoku/bango.html
ポリテクセンター君津,KM072,旋盤加工技術,2027-01-25,1/25（月）、1/26（火）、1/27（水）,受付中,受付中,https://www3.jeed.go.jp/kimitsu/poly/zaishoku/2026/KM072.html
ポリテクセンター埼玉,M012A,フライス盤加工応用技術（T溝、ボーリング編）,2027-01-25,"1/25,26,27,28,29",─,（空欄）,https://www3.jeed.go.jp/saitama/poly/worker/seminar/2026/m012a.html
ポリテクセンター山形,YHB03,木造階段の施工技術,2027-01-25,令和9年1月25日月曜日、令和9年1月26日火曜日、令和9年1月27日水曜日、令和9年1月28日木曜日,申込締切日令和9年1月8日,申込締切日,https://www3.jeed.go.jp/yamagata/poly/zaishoku/2026/2026/B402-008-A.html
ポリテクセンター岡山,4M311,金属材料の理論と実際（表面処理プロセス編）,2027-01-25,"1/25(月),26(火),2/12(金)",受付中 (空席:9),受付中,https://www3.jeed.go.jp/okayama/poly/zaishoku/2026/4M311.html
ポリテクセンター広島,M1101,金属材料の理論と実際（表面処理プロセス編）【オンライン活用コース】,2027-01-25,"1/25,26,29",受付中,受付中,https://www3.jeed.go.jp/hiroshima/poly/zaishoku/2026/M1101.html
ポリテクセンター栃木,129-1,工具研削実践技術,2027-01-25,"2027/1/25,26",受付中,受付中,https://www3.jeed.go.jp/tochigi/poly/zaishoku/2026/129-1.html
ポリテクセンター群馬,MA221,ホットランナー金型設計技術,2027-01-25,"2027/1/25(月),26(火)",お問い合わせ下さい,お問い合わせ,https://www3.jeed.go.jp/gunma/poly/zaishoku/MA221.html
ポリテクセンター関東,E1416,組込み技術者のためのプログラミング（Ｃ言語 ＩｏＴスタートアップ）,2027-01-25,"1/25,26",受付中,受付中,https://www3.jeed.go.jp/kanagawa/poly/seminar/2026/E1416.html
ポリテクセンター関東,M1513,設計ツールによるモデリング技術【機器：ＣＡＴＩＡ Ｖ５ ２０２５】,2027-01-25,"1/25,26,27",受付中,受付中,https://www3.jeed.go.jp/kanagawa/poly/seminar/2026/M1513.html
ポリテクセンター関東,E5112,ＱＣ７つ道具活用による製造現場における品質改善・品質保証,2027-01-25,"1/25,26",受付中,受付中,https://www3.jeed.go.jp/kanagawa/poly/seminar/2026/E5112.html
ポリテクセンター静岡,3M242,ＮＣ旋盤プログラミング技術/ＮＣ旋盤加工技術,2027-01-25,1/25(月)、26(火)、27(水)、28(木)、29(金),受付中,受付中,https://www3.jeed.go.jp/shizuoka/poly/zaishoku/2026/3M242/3M251.html
ポリテクセンター三重,6M084,旋盤加工技術（外径加工編）,2027-01-26,"1/26,1/27",記載なし,（空欄）,https://www3.jeed.go.jp/mie/poly/zaishoku/2026/6M084.html
ポリテクセンター中部,E4222,Ｗｅｂを活用した生産支援システム構築技術,2027-01-26,"1月26日,27日",空きがあります,受付中,https://www3.jeed.go.jp/aichi/poly/zaishoku/bango.html
ポリテクセンター京都,P2551,ＰＬＣによる位置決め制御技術,2027-01-26,1/26(火)～27(水),受付中,受付中,https://www3.jeed.go.jp/kyoto/poly/zaishoku/2026/P2551.html
ポリテクセンター兵庫,M0093,精密測定技術＜長さ測定編＞,2027-01-26,"1/26,27",受付中,受付中,https://www3.jeed.go.jp/hyogo/poly/contents/holding/2026/M0093.html
ポリテクセンター加古川,M224,半自動アーク溶接技能クリニック（板材編）,2027-01-26,"1/26,27",受付中,受付中,https://www3.jeed.go.jp/kakogawa/poly/zaishoku/2026/M224.html
ポリテクセンター千葉,M1502,ＮＣ旋盤プログラミング技術,2027-01-26,"1/26,27,28,29",受付中,受付中,https://www3.jeed.go.jp/chiba/poly/zaishoku/2026/M1502.html
ポリテクセンター埼玉,M043A,設計に活かす３次元CADサーフェスモデリング技術,2027-01-26,"1/26,27,28",─,（空欄）,https://www3.jeed.go.jp/saitama/poly/worker/seminar/2026/m043a.html
ポリテクセンター奈良,H875,実践建築設計２次元ＣＡＤ技術（利用編 ＴｙｐｅＢ）,2027-01-26,1/26(火)、27(水),受付中,受付中,https://www3.jeed.go.jp/nara/poly/zaishoku/2026/H875.html
ポリテクセンター奈良,M107,２次元ＣＡＤによる機械製図技術,2027-01-26,1/26(火)、27(水)、28(木),受付中,受付中,https://www3.jeed.go.jp/nara/poly/zaishoku/2026/M107.html
ポリテクセンター富山,3D191,ＶＬＡＮ間ルーティング技術（Ｃｉｓｃｏ ルータ編）,2027-01-26,"1/26,27",受付中,受付中,https://www3.jeed.go.jp/toyama/poly/zaishoku/2026/3D191.html
ポリテクセンター山形,YMA04,３次元ＣＡＤを活用したモデリング・アセンブリ技術,2027-01-26,令和9年1月26日火曜日、令和9年1月27日水曜日、令和9年1月28日木曜日、令和9年1月29日金曜日,申込締切日令和9年1月12日,申込締切日,https://www3.jeed.go.jp/yamagata/poly/zaishoku/2026/2026/A202-013-A.html
ポリテクセンター岐阜,E0202,シーケンス制御による電動機制御技術【モータ制御編】,2027-01-26,"2027/1/26（火）,27（水）",受付中,受付中,https://www3.jeed.go.jp/gifu/poly/zaishoku/E0202.html
ポリテクセンター岐阜,M0902,マシニングセンタプログラミング技術,2027-01-26,"2027/1/26（火）,27（水）,28（木）,29（金）",受付中,受付中,https://www3.jeed.go.jp/gifu/poly/zaishoku/M0902.html
ポリテクセンター岩手,3D002,現場のための電気保全技術,2027-01-26,"1/26(火), 27(水), 28(木)",受付中,受付中,https://www3.jeed.go.jp/iwate/poly/zaishoku/2026/3D002.html
ポリテクセンター滋賀,E5132,ＰＬＣ制御の応用技術,2027-01-26,"1/26,27",受付中,受付中,https://www3.jeed.go.jp/shiga/poly/zaishoku/2026/E5132.html
ポリテクセンター熊本,1D102,ＰＬＣによるタッチパネル活用技術,2027-01-26,"1/26(火),27(水),28(木)",受付中,受付中,https://www3.jeed.go.jp/kumamoto/poly/zaishoku/1D102.html
ポリテクセンター福井,7M212,旋盤加工応用技術,2027-01-26,1/26(火)・27(水)・28(木)・29(金),受付中,受付中,https://www3.jeed.go.jp/fukui/poly/zaishoku/2026/7M212.html
ポリテクセンター福島,FEX04,現場のための電気保全技術,2027-01-26,1/26（火）、1/27（水）,記載なし,（空欄）,https://www3.jeed.go.jp/fukushima/poly/zaishoku/2026/FEX04.html
ポリテクセンター茨城,M0172,フライス盤加工応用技術,2027-01-26,"R9.1/26(火),27(水),28(木),29(金)",記載なし,（空欄）,https://www3.jeed.go.jp/ibaraki/poly/zaishoku/2026/M0172.html
ポリテクセンター関西,C2061,フライス盤加工応用技術（複合課題編）,2027-01-26,"2027/1/26,27,28,29",受付中,受付中,https://www3.jeed.go.jp/osaka/poly/zaishoku/C2061.html
ポリテクセンター関西,B0253,実践的ＰＬＣ制御技術《使用ＰＬＣ：三菱ｉＱ－Ｒ》,2027-01-26,"2027/1/26,27",受付中,受付中,https://www3.jeed.go.jp/osaka/poly/zaishoku/B0253.html
ポリテクセンター中部,E2212,アナログ・ディジタル混在回路におけるノイズ対策技術,2027-01-27,"1月27日,28日,29日",空きがあります,受付中,https://www3.jeed.go.jp/aichi/poly/zaishoku/bango.html
ポリテクセンター中部,M3103,プラスチック射出成形品の設計（樹脂・金型・射出成形について）,2027-01-27,"1月27日,28日,29日",空きがあります,受付中,https://www3.jeed.go.jp/aichi/poly/zaishoku/bango.html
ポリテクセンター中部,M4032,油圧回路設計の実践技術,2027-01-27,"1月27日,28日,29日",残りわずか,残りわずか,https://www3.jeed.go.jp/aichi/poly/zaishoku/bango.html
ポリテクセンター兵庫,M250B,国際規格ＩＳＯ９６０６に沿った溶接技術,2027-01-27,"1/27,28,29",受付中,受付中,https://www3.jeed.go.jp/hyogo/poly/contents/holding/2026/M250B.html
ポリテクセンター兵庫,H8002,電気設備のための計測技術,2027-01-27,"1/27,1/28",受付中,受付中,https://www3.jeed.go.jp/hyogo/poly/contents/holding/2026/H8002.html
ポリテクセンター君津,KW064,ステンレス鋼のＴＩＧ溶接技能クリニック＜板材溶接編／実技のみ２日コース＞,2027-01-27,1/27（水）、1/28（木）,受付中,受付中,https://www3.jeed.go.jp/kimitsu/poly/zaishoku/2026/KW064.html
ポリテクセンター埼玉,E006B,PLC制御の応用技術（応用命令編）,2027-01-27,"1/27,28",─,（空欄）,https://www3.jeed.go.jp/saitama/poly/worker/seminar/2026/e006b.html
ポリテクセンター徳島,1M011,ステンレス鋼のＴＩＧ溶接技能クリニック,2027-01-27,1/27(水)、1/28(木),受付中,受付中,https://www3.jeed.go.jp/tokushima/poly/zaishoku/2026/1M011.html
ポリテクセンター愛媛,4M352,旋盤加工技術,2027-01-27,"1/27(水),28(木)",受付中,受付中,https://www3.jeed.go.jp/ehime/poly/seminar/2026/4M352.html
ポリテクセンター滋賀,E5102,制御盤製作技術,2027-01-27,"1/27,28",受付中,受付中,https://www3.jeed.go.jp/shiga/poly/zaishoku/2026/E5102.html
ポリテクセンター熊本,1M101,設計者ＣＡＥを活用した構造解析,2027-01-27,"1/27(水),1/28(木),1/29(金)",受付中,受付中,https://www3.jeed.go.jp/kumamoto/poly/zaishoku/1M101.html
ポリテクセンター群馬,EA273,ＰＬＣ制御の回路技術（応用命令編）,2027-01-27,"2027/1/27(水),28(木)",お問い合わせ下さい,お問い合わせ,https://www3.jeed.go.jp/gunma/poly/zaishoku/EA273.html
ポリテクセンター関東,E1712,機械制御のためのマイコン実践技術（Ｃ言語 ＰＩＣマイコン編）,2027-01-27,"1/27,28,29",受付中,受付中,https://www3.jeed.go.jp/kanagawa/poly/seminar/2026/E1712.html
ポリテクセンター関東,E5712,現場の安全確保（５Ｓ）と生産性向上,2027-01-27,"1/27,28",受付中,受付中,https://www3.jeed.go.jp/kanagawa/poly/seminar/2026/E5712.html
ポリテクセンター青森,PH081,実践建築設計２次元ＣＡＤ技術 （J平面詳細図編）,2027-01-27,"1/27,1/28",受付中,受付中,https://www3.jeed.go.jp/aomori/poly/zaishoku/2026/PH081.html
ポリテクセンター鳥取,1M240,旋盤加工技術,2027-01-27,"1/27(水),28(木),29(金)",受付中,受付中,https://www3.jeed.go.jp/tottori/poly/zaishoku/2026/1M240.html
ポリテクセンターいわき,IMAG1,設計者ＣＡＥを活用した構造解析（線形解析編）,2027-01-28,1/28 (木)，1/29 (金),受付中,受付中,https://www3.jeed.go.jp/iwaki/poly/zaishoku/2026/IMAG1.html
ポリテクセンター三重,6M094,旋盤加工技術（内径加工編）,2027-01-28,"1/28,1/29",記載なし,（空欄）,https://www3.jeed.go.jp/mie/poly/zaishoku/2026/6M094.html
ポリテクセンター中部,M2252,５軸制御マシニングセンタ活用技術,2027-01-28,"1月28日,29日",空きがあります,受付中,https://www3.jeed.go.jp/aichi/poly/zaishoku/bango.html
ポリテクセンター兵庫,B3141,設計・開発段階におけるＦＭＥＡ／ＦＴＡの活用法,2027-01-28,"1/28,29",受付中,受付中,https://www3.jeed.go.jp/hyogo/poly/contents/holding/2026/B3141.html
ポリテクセンター兵庫,H113A,鉄骨構造物における構造計算技術,2027-01-28,"1/28,29",受付中,受付中,https://www3.jeed.go.jp/hyogo/poly/contents/holding/2026/H113A.html
ポリテクセンター北海道,1M509,【New】生産性向上のための統計解析手法を活用した品質管理,2027-01-28,"令和9年1月28日(木),29日(金)",受付中,受付中,https://www3.jeed.go.jp/hokkaido/poly/zaishoku/2026/1M509.html
ポリテクセンター埼玉,W003C,ステンレス鋼のTIG溶接技能クリニック,2027-01-28,"1/28,29",─,（空欄）,https://www3.jeed.go.jp/saitama/poly/worker/seminar/2026/w003c.html
ポリテクセンター埼玉,S008B,ヒューマンエラー対策実践 （ポカミスのない職場づくり）,2027-01-28,"1/28,29",─,（空欄）,https://www3.jeed.go.jp/saitama/poly/worker/seminar/2026/s008b.html
ポリテクセンター富山,3D201,ＶＬＡＮ間ルーティング技術（Ｃｉｓｃｏ スイッチ編）,2027-01-28,"1/28,29",受付中,受付中,https://www3.jeed.go.jp/toyama/poly/zaishoku/2026/3D201.html
ポリテクセンター岡山,4M114,精密測定技術,2027-01-28,"1/28(木),29(金)",受付中 (空席:11),受付中,https://www3.jeed.go.jp/okayama/poly/zaishoku/2026/4M114.html
ポリテクセンター岡山,4D119,製造現場におけるＬＡＮ活用技術,2027-01-28,"1/28(木),29(金)",受付中,受付中,https://www3.jeed.go.jp/okayama/poly/zaishoku/2026/4D119.html
ポリテクセンター広島,P4801,設計に活かす３次元ＣＡＤ活用術（トラブルシューティング編）,2027-01-28,"1/28,29",受付中,受付中,https://www3.jeed.go.jp/hiroshima/poly/zaishoku/2026/P4801.html
ポリテクセンター延岡,4M307,ステンレス鋼のＴＩＧ溶接技能クリニック,2027-01-28,"1/28(木),1/29(金)",受付中,受付中,https://www3.jeed.go.jp/nobeoka/poly/zaishoku/2026/4M307.html
ポリテクセンター新潟,1D130,マイコン制御システム開発技術（Ｒａｓｐｂｅｒｒｙ Ｐｉ Ｐｙｔｈｏｎ編）,2027-01-28,"1/28,29",記載なし,（空欄）,https://www3.jeed.go.jp/niigata/poly/zaishoku/2026/1D130.html
ポリテクセンター石川,5D404,現場のための電気保全技術,2027-01-28,1/28.29,受付中,受付中,https://www3.jeed.go.jp/ishikawa/poly/zaishoku/2026/5D404.html
ポリテクセンター秋田,4DD61,現場のための電気保全技術,2027-01-28,"令和9年1/28(木),29(金)",受付中,受付中,https://www3.jeed.go.jp/akita/poly/zaishoku/2026/4DD61.html
ポリテクセンター長崎,5M214,被覆アーク溶接技能クリニック,2027-01-28,"1/28(木),29(金)",受付中,受付中,https://www3.jeed.go.jp/nagasaki/poly/zaishoku/2026/5M214.html
ポリテクセンター関東,H0312,実践建築設計２次元ＣＡＤ技術（建築図面編）【機器：Ｊｗ＿ｃａｄ】,2027-01-28,"1/28,29",受付中,受付中,https://www3.jeed.go.jp/kanagawa/poly/seminar/2026/H0312.html
ポリテクセンター関東,E3618,有接点シーケンス制御の実践技術,2027-01-28,"1/28,29",受付中,受付中,https://www3.jeed.go.jp/kanagawa/poly/seminar/2026/E3618.html
ポリテクセンター関東,E2412,組込みソフトウェア開発者のためのコーディング作法とレビュー技術,2027-01-28,"1/28,29",受付中,受付中,https://www3.jeed.go.jp/kanagawa/poly/seminar/2026/E2412.html
ポリテクセンター関東,M1613,３次元ＣＡＤを活用したアセンブリ技術【機器：ＣＡＴＩＡ Ｖ５ ２０２５】,2027-01-28,"1/28,29",受付中,受付中,https://www3.jeed.go.jp/kanagawa/poly/seminar/2026/M1613.html
ポリテクセンター関西,B1132,省エネルギー効果の計測と検証,2027-01-28,"2027/1/28,29",受付中,受付中,https://www3.jeed.go.jp/osaka/poly/zaishoku/B1132.html
ポリテクセンター関西,B0461,視覚センサによる産業用ロボット制御技術《使用視覚センサ:三菱電機VS80M-200-ER、使用ロボット:三菱電機RV-2FR-Q》,2027-01-28,"2027/1/28,29",受付中,受付中,https://www3.jeed.go.jp/osaka/poly/zaishoku/B0461.html
ポリテクセンター関西,B0263,ＰＬＣ制御の回路技術《使用ＰＬＣ：三菱ｉＱ－Ｒ》,2027-01-28,"2027/1/28,29",受付中,受付中,https://www3.jeed.go.jp/osaka/poly/zaishoku/B0263.html
ポリテクセンター香川,2D902,太陽光発電システムのメンテナンス技術,2027-01-28,1/28(木)29(金),記載なし,（空欄）,https://www3.jeed.go.jp/kagawa/poly/zaishoku/2026/2D902.html
ポリテクセンター宮崎,3H005,空調設備機器の保守技術＜業務用エアコン編＞,2027-01-30,令和9年1月30日（土）、1月31日（日）,受付中,受付中,https://www3.jeed.go.jp/miyazaki/poly/zaishoku/copy_of_2026_X202-B03-A.html
ポリテクセンター広島,H0302,実践建築設計２次元ＣＡＤ技術（構造図編）,2027-01-30,"1/30,1/31",受付中,受付中,https://www3.jeed.go.jp/hiroshima/poly/zaishoku/2026/H0302.html
ポリテクセンター新潟,1H031,実践建築設計２次元ＣＡＤ技術（ＡｕｔｏＣＡＤ編）,2027-01-30,"1/30,31",記載なし,（空欄）,https://www3.jeed.go.jp/niigata/poly/zaishoku/2026/1H031.html
ポリテクセンター長崎,5H112,実践建築設計２次元ＣＡＤ技術,2027-01-30,"1/30(土),31(日)",受付中,受付中,https://www3.jeed.go.jp/nagasaki/poly/zaishoku/2026/5H112.html
ポリテクセンター長崎,5H091,ＣＡＤによる電気設備の設計技術,2027-01-30,"1/30(土),31(日)",受付中,受付中,https://www3.jeed.go.jp/nagasaki/poly/zaishoku/2026/5H091.html
ポリテクセンター鳥取,1H251,継手・仕口の製作実践技術,2027-01-31,"1/31(日),2/7(日),14(日)",受付中,受付中,https://www3.jeed.go.jp/tottori/poly/zaishoku/2026/1H251.html
ポリテクセンター兵庫,H3031,ＲＣ造の見上図・屋根伏図作成実践技術,2027-02-01,"2/1,2",受付中,受付中,https://www3.jeed.go.jp/hyogo/poly/contents/holding/2026/H3031.html
ポリテクセンター大分,7H105,軸装の実践的な三段表装技術,2027-02-01,"令和9年2月1日(月),2月8日(月),2月15日(月),2月22日(月)",受付中,受付中,https://www3.jeed.go.jp/oita/poly/zaishoku/2026/7H105.html
ポリテクセンター山形,YMB62,被覆アーク溶接技能クリニック,2027-02-01,令和9年2月1日月曜日、令和9年2月2日火曜日,申込締切日令和9年1月18日,申込締切日,https://www3.jeed.go.jp/yamagata/poly/zaishoku/2026/2026/B202-001-A-2.html
ポリテクセンター新潟,1D052,ＰＬＣ制御の回路技術,2027-02-01,"2/1,2",記載なし,（空欄）,https://www3.jeed.go.jp/niigata/poly/zaishoku/2026/1D052.html
ポリテクセンター栃木,107-2,機械設計のための総合力学,2027-02-01,"2027/2/1,2,3,4",受付中,受付中,https://www3.jeed.go.jp/tochigi/poly/zaishoku/2026/107-2.html
ポリテクセンター滋賀,E5122,ＰＬＣ制御の回路技術,2027-02-01,"2/1,2",受付中,受付中,https://www3.jeed.go.jp/shiga/poly/zaishoku/2026/E5122.html
ポリテクセンター関東,M1712,３次元ＣＡＤを活用したサーフェスモデリング技術【機器：ＣＡＴＩＡ Ｖ５ ２０２５】,2027-02-01,"2/1,2,3",受付中,受付中,https://www3.jeed.go.jp/kanagawa/poly/seminar/2026/M1712.html
ポリテクセンター静岡,3M262,マシニングセンタプログラミング技術/マシニングセンタ加工技術,2027-02-01,2/1(月)、2(火)、3(水)、4(木)、5(金),受付中,受付中,https://www3.jeed.go.jp/shizuoka/poly/zaishoku/2026/3M262/3M271.html
ポリテクセンター中部,E4031,パソコンによる計測制御システム技術,2027-02-02,"2月2日,3日",残りわずか,残りわずか,https://www3.jeed.go.jp/aichi/poly/zaishoku/bango.html
ポリテクセンター中部,M5033,三次元測定技術,2027-02-02,"2月2日,3日,4日",空きがあります,受付中,https://www3.jeed.go.jp/aichi/poly/zaishoku/bango.html
ポリテクセンター中部,M1421,３次元デザインツールを活用したデジタルモデリング,2027-02-02,"2月2日,3日,4日",残りわずか,残りわずか,https://www3.jeed.go.jp/aichi/poly/zaishoku/bango.html
ポリテクセンター中部,M2262,５軸制御マシニングセンタ加工技術（ＣＡＭ活用編）,2027-02-02,"2月2日,3日,4日",空きがあります,受付中,https://www3.jeed.go.jp/aichi/poly/zaishoku/bango.html
ポリテクセンター京都,P2514,シーケンス制御による電動機制御技術,2027-02-02,2/2(火)～3(水),受付中,受付中,https://www3.jeed.go.jp/kyoto/poly/zaishoku/2026/P2514.html
ポリテクセンター伊勢,7E023,有接点シーケンス制御の実践技術,2027-02-02,"2023/2/2（木）,3（金）",記載なし,（空欄）,https://www3.jeed.go.jp/ise/poly/zaishoku/hl52qs00000hnslb.html
ポリテクセンター伊勢,7M601,鉄骨構造物施工の理論と実践,2027-02-02,2023/2/2（木）、3（金）,記載なし,（空欄）,https://www3.jeed.go.jp/ise/poly/zaishoku/C399-Z01-A.html
ポリテクセンター兵庫,M010C,旋盤加工技術,2027-02-02,"2/2,3,4,5",受付中,受付中,https://www3.jeed.go.jp/hyogo/poly/contents/holding/2026/M010C.html
ポリテクセンター千葉,S0404,５Ｓによるムダ取り・改善の進め方,2027-02-02,"2/2,3",受付中,受付中,https://www3.jeed.go.jp/chiba/poly/zaishoku/2026/S0404.html
ポリテクセンター君津,KM082,フライス盤加工技術,2027-02-02,2/2（火）、2/3（水）、2/4（木）,受付中,受付中,https://www3.jeed.go.jp/kimitsu/poly/zaishoku/2026/KM082.html
ポリテクセンター埼玉,M033A,実践機械製図 （機械保全担当者のためのスケッチ製図技術）,2027-02-02,"2/2,3,4",─,（空欄）,https://www3.jeed.go.jp/saitama/poly/worker/seminar/2026/m033a.html
ポリテクセンター埼玉,M024A,穴加工の最適化技術,2027-02-02,"2/2,3,4,5",─,（空欄）,https://www3.jeed.go.jp/saitama/poly/worker/seminar/2026/m024a.html
ポリテクセンター大分,7H103,実践建築設計２次元ＣＡＤ技術,2027-02-02,"令和9年2月2日(火),2月3日(水)",受付中,受付中,https://www3.jeed.go.jp/oita/poly/zaishoku/2026/7H103.html
ポリテクセンター大分,7M114,製造業における実践的生産管理,2027-02-02,"令和9年2月2日(火),2月3日(水),2月4日(木)",受付中,受付中,https://www3.jeed.go.jp/oita/poly/zaishoku/2026/7M114.html
ポリテクセンター奈良,H631,インテリアパース作成実践技術,2027-02-02,2/2(火)、3(水),受付中,受付中,https://www3.jeed.go.jp/nara/poly/zaishoku/2026/H631.html
ポリテクセンター宮城,MMB70,各種の溶接施工技術,2027-02-02,2027/2/2（火）、3（水）,受付中,受付中,https://www3.jeed.go.jp/miyagi/poly/zaishoku/2026/MMB70.html
ポリテクセンター広島,E9002,オープンソフトウェアライブラリを用いた人工知能（ＡＩ）活用技術,2027-02-02,"2027/2/2,2/3",受付中,受付中,https://www3.jeed.go.jp/hiroshima/poly/zaishoku/2026/E9002.html
ポリテクセンター滋賀,M9024,設計に活かす３次元ＣＡＤソリッドモデリング技術,2027-02-02,"2/2,3,4,5",受付中,受付中,https://www3.jeed.go.jp/shiga/poly/zaishoku/2026/M9024.html
ポリテクセンター熊本,1D161,ＰＬＣ制御の回路技術＜三菱Ｑシリーズ™＞,2027-02-02,"2/2(火),3(水),4(木)",受付中,受付中,https://www3.jeed.go.jp/kumamoto/poly/zaishoku/1D161.html
ポリテクセンター群馬,MB022,旋盤加工技術（外径・内径加工編）,2027-02-02,"2027/2/2(火),3(水),4(木),5(金)",お問い合わせ下さい,お問い合わせ,https://www3.jeed.go.jp/gunma/poly/zaishoku/MB022.html
ポリテクセンター茨城,M0182,マシニングセンタプログラミング技術,2027-02-02,"R9.2/2(火),3(水),4(木),5(金)",記載なし,（空欄）,https://www3.jeed.go.jp/ibaraki/poly/zaishoku/2026/M0182.html
ポリテクセンター長崎,5M224,半自動アーク溶接技能クリニック,2027-02-02,"2/2(火),3(水)",受付中,受付中,https://www3.jeed.go.jp/nagasaki/poly/zaishoku/2026/5M224.html
ポリテクセンター長野,8M231,３次元ＣＡＤを活用したソリッドモデリング技術,2027-02-02,"2/2(火),3(水),4(木)",受付中,受付中,https://www3.jeed.go.jp/nagano/poly/zaishoku/2026/8M231.html
ポリテクセンター関東,E1812,実践センサ活用技術（マイコンインタフェース編）,2027-02-02,"2/2,3",受付中,受付中,https://www3.jeed.go.jp/kanagawa/poly/seminar/2026/E1812.html
ポリテクセンター関東,H2111,建築物のリニューアル・リノベーションのための構造設計技術,2027-02-02,"2/2,3",受付中,受付中,https://www3.jeed.go.jp/kanagawa/poly/seminar/2026/H2111.html
ポリテクセンター関東,E4012,ＰＬＣによるタッチパネル活用技術,2027-02-02,"2/2,3",受付中,受付中,https://www3.jeed.go.jp/kanagawa/poly/seminar/2026/E4012.html
ポリテクセンター関西,B001E,有接点シーケンス制御の実践技術,2027-02-02,"2027/2/2,3",残りわずか,残りわずか,https://www3.jeed.go.jp/osaka/poly/zaishoku/B001E.html
ポリテクセンター関西,C2302,金属材料の加工特性と切削加工現場の生産性,2027-02-02,"2027/2/2,3",受付中,受付中,https://www3.jeed.go.jp/osaka/poly/zaishoku/C2302.html
ポリテクセンター関西,C0447,２次元ＣＡＤによる機械製図技術 《使用ソフト：AutoCAD》,2027-02-02,"2027/2/2,3,4",受付中,受付中,https://www3.jeed.go.jp/osaka/poly/zaishoku/C0447.html
ポリテクセンター香川,2D201,保護継電器の評価と保護協調,2027-02-02,2/2(火)3(水),記載なし,（空欄）,https://www3.jeed.go.jp/kagawa/poly/zaishoku/2026/2D201.html
ポリテクセンター三重,6D052,シーケンス制御による電動機制御技術,2027-02-03,"2/3,2/4",記載なし,（空欄）,https://www3.jeed.go.jp/mie/poly/zaishoku/2026/6D052.html
ポリテクセンター中部,M1243,設計・開発段階におけるＦＭＥＡ／ＦＴＡの活用法,2027-02-03,"2月3日,4日",残りわずか,残りわずか,https://www3.jeed.go.jp/aichi/poly/zaishoku/bango.html
ポリテクセンター京都,P0522,半自動アーク溶接技能クリニック,2027-02-03,2/3(水)～4(木),受付中,受付中,https://www3.jeed.go.jp/kyoto/poly/zaishoku/2026/P0522.html
ポリテクセンター兵庫,E300J,有接点シーケンス制御の実践技術,2027-02-03,"2/3,4,5",受付中,受付中,https://www3.jeed.go.jp/hyogo/poly/contents/holding/2026/E300J.html
ポリテクセンター兵庫,H3041,ＲＣ造のタイル割付図作成実践技術,2027-02-03,"2/3,4",受付中,受付中,https://www3.jeed.go.jp/hyogo/poly/contents/holding/2026/H3041.html
ポリテクセンター加古川,M213,被覆アーク溶接技能クリニック（板材編）,2027-02-03,"2/3,4",受付中,受付中,https://www3.jeed.go.jp/kakogawa/poly/zaishoku/2026/M213.html
ポリテクセンター北海道,1M117,【New】生産現場におけるデータ活用技術（ＭＥＳから学ぶ製造計画策定と製造指示）,2027-02-03,"令和9年2月3日(水),4日(木)",受付中,受付中,https://www3.jeed.go.jp/hokkaido/poly/zaishoku/2026/1M117.html
ポリテクセンター千葉,E0106,機械の電気保全技術,2027-02-03,"2/3,4",受付中,受付中,https://www3.jeed.go.jp/chiba/poly/zaishoku/2026/copy_of_copy_of_copy_of_E0106.html
ポリテクセンター埼玉,E001G,有接点シーケンス制御の実践技術,2027-02-03,"2/3,4",─,（空欄）,https://www3.jeed.go.jp/saitama/poly/worker/seminar/2026/e001g.html
ポリテクセンター富山,3M821,半自動アーク溶接技能クリニック,2027-02-03,"2/3,4",受付中,受付中,https://www3.jeed.go.jp/toyama/poly/zaishoku/2026/3M821.html
ポリテクセンター岐阜,M1002,マシニングセンタ加工技術,2027-02-03,"2027/2/3（水）,4（木）,5（金）",受付中,受付中,https://www3.jeed.go.jp/gifu/poly/zaishoku/M1002.html
ポリテクセンター岡山,4D109,ＰＬＣプログラミング技術,2027-02-03,"2/3(水),4(木)",受付中 (空席:5),受付中,https://www3.jeed.go.jp/okayama/poly/zaishoku/2026/4D109.html
ポリテクセンター岡山,4M305,ＴＩＧ溶接技能クリニック,2027-02-03,"2/3(水),4(木)",受付中,受付中,https://www3.jeed.go.jp/okayama/poly/zaishoku/2026/4M305.html
ポリテクセンター広島,P1001,３次元ツールを活用した機械設計実習,2027-02-03,"2/3,4.5",残りわずか,残りわずか,https://www3.jeed.go.jp/hiroshima/poly/zaishoku/2026/P1001.html
ポリテクセンター延岡,4D204,電動機のインバータ活用技術,2027-02-03,"2/3(水),2/4(木)",受付中,受付中,https://www3.jeed.go.jp/nobeoka/poly/zaishoku/2026/4D204.html
ポリテクセンター新潟,1D062,ＰＬＣ制御の応用技術,2027-02-03,"2/3,4",記載なし,（空欄）,https://www3.jeed.go.jp/niigata/poly/zaishoku/2026/1D062.html
ポリテクセンター栃木,201-2,シーケンス制御による電動機制御技術,2027-02-03,"2027/2/3,4,5",受付中,受付中,https://www3.jeed.go.jp/tochigi/poly/zaishoku/2026/201-2.html
ポリテクセンター福岡,1D501,クラウドコンピューティングにおける設計と構築,2027-02-03,"2/3(水),4(木)",受付中,受付中,https://www3.jeed.go.jp/fukuoka/poly/zaishoku/2026/1D501.html
ポリテクセンター長野,8D061,ＰＬＣによるＦＡセンサ活用技術,2027-02-03,"2/3(水),4(木)",受付中,受付中,https://www3.jeed.go.jp/nagano/poly/zaishoku/2026/8D061.html
ポリテクセンター関東,M2112,プラスチック射出成形品の設計,2027-02-03,"2/3,4,5",受付中,受付中,https://www3.jeed.go.jp/kanagawa/poly/seminar/2026/M2112.html
ポリテクセンター関東,E6112,原価管理から見た生産性向上,2027-02-03,"2/3,4",受付中,受付中,https://www3.jeed.go.jp/kanagawa/poly/seminar/2026/E6112.html
ポリテクセンター関東,M0117,実践機械製図（形状編）,2027-02-03,"2/3,4,5",受付中,受付中,https://www3.jeed.go.jp/kanagawa/poly/seminar/2026/M0117.html
ポリテクセンター関西,B2014,トランジスタ回路の設計・評価技術,2027-02-03,"2027/2/3,4",受付中,受付中,https://www3.jeed.go.jp/osaka/poly/zaishoku/B2014.html
ポリテクセンター関西,C9395,実践機械製図（手書き・読図編）,2027-02-03,"2027/2/3,4",受付中,受付中,https://www3.jeed.go.jp/osaka/poly/zaishoku/C9395.html
ポリテクセンター関西,C1346,油圧実践技術,2027-02-03,"2027/2/3,4,5",受付中,受付中,https://www3.jeed.go.jp/osaka/poly/zaishoku/C1346.html
ポリテクセンター関西,C6722,生産現場に活かす品質管理技法,2027-02-03,"2027/2/3,4,5",受付中,受付中,https://www3.jeed.go.jp/osaka/poly/zaishoku/C6722.html
ポリテクセンター青森,PH082,実践建築設計２次元ＣＡＤ技術 （J立面図編）,2027-02-03,"2/3,2/4",受付中,受付中,https://www3.jeed.go.jp/aomori/poly/zaishoku/2026/PH082.html
ポリテクセンター中部,E6305,ＰＬＣプログラミング技術,2027-02-04,"2月4日,5日",残りわずか,残りわずか,https://www3.jeed.go.jp/aichi/poly/zaishoku/bango.html
ポリテクセンター千葉,S0104,仕事と人を動かす現場監督者の育成,2027-02-04,"2/4,5",受付中,受付中,https://www3.jeed.go.jp/chiba/poly/zaishoku/2026/S0104.html
ポリテクセンター千葉,M0802,３次元ＣＡＤを活用したサーフェスモデリング技術,2027-02-04,"2/4,5",受付中,受付中,https://www3.jeed.go.jp/chiba/poly/zaishoku/2026/M0802.html
ポリテクセンター埼玉,W007B,金属材料の熱処理技術,2027-02-04,"2/4,5",─,（空欄）,https://www3.jeed.go.jp/saitama/poly/worker/seminar/2026/w007b.html
ポリテクセンター大分,7M208,ＴＩＧ溶接技能クリニック,2027-02-04,"令和9年2月4日(木),2月5日(金)",受付中,受付中,https://www3.jeed.go.jp/oita/poly/zaishoku/2026/7M208.html
ポリテクセンター山形,YHA15,実践建築設計２次元ＣＡＤ技術（Jｗ-CAD編）,2027-02-04,令和9年2月4日木曜日、令和9年2月5日金曜日,申込締切日令和9年1月21日,申込締切日,https://www3.jeed.go.jp/yamagata/poly/zaishoku/2026/2026/A804-004-A-7.html
ポリテクセンター岡山,4M115,三次元測定技術,2027-02-04,"2/4(木),5(金)",受付中,受付中,https://www3.jeed.go.jp/okayama/poly/zaishoku/2026/4M115.html
ポリテクセンター岡山,4D121,ＶＬＡＮ間ルーティング技術,2027-02-04,"2/4(木),5(金)",受付中,受付中,https://www3.jeed.go.jp/okayama/poly/zaishoku/2026/4D121.html
ポリテクセンター岩手,3M731,生産現場の機械保全技術,2027-02-04,"2/4(木), 5(金)",受付中,受付中,https://www3.jeed.go.jp/iwate/poly/zaishoku/2026/3M731.html
ポリテクセンター広島,E9102,オープンソフトウェアライブラリを用いた人工知能（ＡＩ）活用技術（生成ＡＩ）,2027-02-04,"2027/2/4,2/5",受付中,受付中,https://www3.jeed.go.jp/hiroshima/poly/zaishoku/2026/E9102.html
ポリテクセンター滋賀,E5212,オープンソースプラットフォーム活用技術,2027-02-04,"2/4,5",受付中,受付中,https://www3.jeed.go.jp/shiga/poly/zaishoku/2026/E5212.html
ポリテクセンター滋賀,E5182,オープンフィールドネットワーク構築技術,2027-02-04,"2/4,5",受付中,受付中,https://www3.jeed.go.jp/shiga/poly/zaishoku/2026/E5182.html
ポリテクセンター福井,7M712,原価管理から見た生産性向上,2027-02-04,2/4(木)・5(金),受付中,受付中,https://www3.jeed.go.jp/fukui/poly/zaishoku/2026/7M712.html
ポリテクセンター福島,FEX06,電気設備のための計測技術,2027-02-04,2/4（木）、2/5（金）,記載なし,（空欄）,https://www3.jeed.go.jp/fukushima/poly/zaishoku/2026/FEX06.html
ポリテクセンター福島,FEA04,ＰＬＣプログラミング技術,2027-02-04,2/4（木）、2/5（金）,記載なし,（空欄）,https://www3.jeed.go.jp/fukushima/poly/zaishoku/2026/FEA04.html
ポリテクセンター秋田,4DD32,ＰＬＣ制御の回路技術,2027-02-04,"令和9年2/4(木),5(金)",受付中,受付中,https://www3.jeed.go.jp/akita/poly/zaishoku/2026/4DD32.html
ポリテクセンター米子,2M503,難削材の切削加工技術,2027-02-04,令和9年2月4日(木)、2月5日(金),受付中,受付中,https://www3.jeed.go.jp/yonago/poly/zaishoku/2026/2M503.html
ポリテクセンター群馬,MD051,精密形状測定技術,2027-02-04,"2027/2/4(木),5(金)",お問い合わせ下さい,お問い合わせ,https://www3.jeed.go.jp/gunma/poly/zaishoku/MD051.html
ポリテクセンター茨城,M0292,ＱＣ７つ道具活用による製造現場における品質改善・品質保証,2027-02-04,"R9.2/4(木),5(金)",記載なし,（空欄）,https://www3.jeed.go.jp/ibaraki/poly/zaishoku/2026/M0292.html
ポリテクセンター関東,M0613,鉄鋼材料の熱処理技術,2027-02-04,"2/4,5",受付中,受付中,https://www3.jeed.go.jp/kanagawa/poly/seminar/2026/M0613.html
ポリテクセンター関西,B001F,有接点シーケンス制御の実践技術,2027-02-04,"2027/2/4,5",受付中,受付中,https://www3.jeed.go.jp/osaka/poly/zaishoku/B001F.html
ポリテクセンター関西,B0223,ＰＬＣによるタッチパネル活用技術《使用タッチパネル：三菱ＧＯＴ》,2027-02-04,"2027/2/4,5",受付中,受付中,https://www3.jeed.go.jp/osaka/poly/zaishoku/B0223.html
ポリテクセンター荒尾,2M022,各種非破壊検査技術の理論と実践,2027-02-05,"2/5(金),2/6(土)",受付中,受付中,https://www3.jeed.go.jp/arao/poly/zaishoku/2026/2M022.html
ポリテクセンター鹿児島,5M141,被覆アーク溶接技能クリニック（全姿勢溶接編）,2027-02-05,R9/2/5(金)、2/6(土),受付中,受付中,https://www3.jeed.go.jp/kagoshima/poly/zaishoku/2026/5M141.html
ポリテクセンター佐世保,6M003,半自動アーク溶接技能クリニック,2027-02-06,"2/6(土),20(土)",受付中,受付中,https://www3.jeed.go.jp/sasebo/poly/zaishoku/2026/6M003.html
ポリテクセンター宮崎,3M016,【NEW】伝動装置の機械保全技術,2027-02-06,令和9年2月6日（土）、2月7日（日）,受付中,受付中,https://www3.jeed.go.jp/miyazaki/poly/zaishoku/2026_X101-003-A.html
ポリテクセンター宮崎,3H032,既存木造住宅の性能向上によるリフォーム設計実践技術,2027-02-06,令和9年2月6日（土）、2月13日（土）、2月20日（土）,受付中,受付中,https://www3.jeed.go.jp/miyazaki/poly/zaishoku/copy_of_2026_A899-A03-A-1.html
ポリテクセンター山形,YHC05,実習で学ぶ給排水・衛生設備技術,2027-02-06,令和9年2月6日土曜日、令和9年2月7日日曜日,申込締切日令和9年1月22日,申込締切日,https://www3.jeed.go.jp/yamagata/poly/zaishoku/2026/2026/C203-004-A.html
ポリテクセンター広島,M0102,ＴＩＧ溶接技能クリニック,2027-02-06,"2/6,7",受付中,受付中,https://www3.jeed.go.jp/hiroshima/poly/zaishoku/2026/M0102.html
ポリテクセンター沖縄,H0235,実践建築設計２次元ＣＡＤ技術,2027-02-06,令和9年2月6日（土）、令和9年2月7日（日）,受付中,受付中,https://www3.jeed.go.jp/okinawa/poly/zaishoku/2026/H0235.html
ポリテクセンター熊本,1M041,アルミニウム合金のＴＩＧ溶接技能クリニック,2027-02-06,"2/6(土),2/7(日)",受付中,受付中,https://www3.jeed.go.jp/kumamoto/poly/zaishoku/1M041.html
ポリテクセンター熊本,1D222,現場のための電気保全技術,2027-02-06,"2/6(土),7(日)",受付中,受付中,https://www3.jeed.go.jp/kumamoto/poly/zaishoku/1D222.html
ポリテクセンター長崎,5H072,自家用電気工作物の設計技術,2027-02-06,"2/6(土),13(土),20(土)",受付中,受付中,https://www3.jeed.go.jp/nagasaki/poly/zaishoku/2026/5H072.html
ポリテクセンター飯塚,2H021,実践建築設計３次元ＣＡＤ技術,2027-02-06,"2/6(土),13(土)",受付中,受付中,https://www3.jeed.go.jp/iizuka/poly/zaishoku/2026/2H021.html
ポリテクセンター伊勢,7E032,ＰＬＣ制御の回路技術,2027-02-07,"2023/2/7（火）,8（水）",記載なし,（空欄）,https://www3.jeed.go.jp/ise/poly/zaishoku/A401-006-A-2.html
ポリテクセンター伊勢,7H171,ＲＣ構造物における構造計算技術,2027-02-07,"2023/2/7(火),2/8(水)",記載なし,（空欄）,https://www3.jeed.go.jp/ise/poly/zaishoku/A903-002-A.html
ポリテクセンター伊勢,7H181,隅木・振垂木の施工実践技術,2027-02-08,"2023/2/8（水）9（木）,10（金）",記載なし,（空欄）,https://www3.jeed.go.jp/ise/poly/zaishoku/B402-001-A.html
ポリテクセンター千葉,H0104,冷媒配管の施工と空調機器据付け技術（ルームエアコン編）,2027-02-08,"2/8,9",受付中,受付中,https://www3.jeed.go.jp/chiba/poly/zaishoku/2026/H0104.html
ポリテクセンター千葉,M0702,３次元ＣＡＤを活用したソリッドモデリング技術（テクニカルモデリング編）,2027-02-08,"2/8,9,10",受付中,受付中,https://www3.jeed.go.jp/chiba/poly/zaishoku/2026/M0702.html
ポリテクセンター和歌山,Z02-1,なぜなぜ分析による真の要因追求と現場改善,2027-02-08,2027年2/8（月）、9（火）、10（水）,受付中,受付中,https://www3.jeed.go.jp/wakayama/poly/zaishoku/Z02-1.html
ポリテクセンター岡山,4M105,機械設計のための総合力学,2027-02-08,"2/8(月),9(火),10(水)",受付中 (空席:8),受付中,https://www3.jeed.go.jp/okayama/poly/zaishoku/2026/4M105.html
ポリテクセンター福井,7M244,フライス盤加工技術,2027-02-08,2/8(月)・9(火)・10(水),受付中,受付中,https://www3.jeed.go.jp/fukui/poly/zaishoku/2026/7M244.html
ポリテクセンター福島,FMA04,３次元ＣＡＤを活用したソリッドモデリング技術,2027-02-08,2/8（月）、2/9（火）、2/10（水）,記載なし,（空欄）,https://www3.jeed.go.jp/fukushima/poly/zaishoku/2026/FMA04.html
ポリテクセンター群馬,MA032,機械設計のための総合力学（材料力学演習編）,2027-02-08,"2027/2/8(月),9(火),10(水)",お問い合わせ下さい,お問い合わせ,https://www3.jeed.go.jp/gunma/poly/zaishoku/MA032.html
ポリテクセンター関西,C0571,３次元ＣＡＤを活用したサーフェスモデリング技術 《使用ソフト：CATIA V5》,2027-02-08,"2027/2/8,9,10",受付中,受付中,https://www3.jeed.go.jp/osaka/poly/zaishoku/C0571.html
ポリテクセンター静岡,3D542,組込み技術者のためのプログラミング（Ｃ言語編）,2027-02-08,【日程変更】2/8(月)、9(火)、10(水),受付中,受付中,https://www3.jeed.go.jp/shizuoka/poly/zaishoku/2026/3D542.html
ポリテクセンターいわき,IEA71,マイコン制御システム開発技術,2027-02-09,2/9（火），2/10（水）,受付中,受付中,https://www3.jeed.go.jp/iwaki/poly/zaishoku/2026/IEA71.html
ポリテクセンター三重,6M075,精密測定技術,2027-02-09,"2/9,2/10",記載なし,（空欄）,https://www3.jeed.go.jp/mie/poly/zaishoku/2026/6M075.html
ポリテクセンター三重,6H062,ＢＩＭを用いた建築設計技術,2027-02-09,"2/9,2/10",記載なし,（空欄）,https://www3.jeed.go.jp/mie/poly/zaishoku/2026/6H062.html
ポリテクセンター埼玉,E003B,電気系保全実践技術,2027-02-09,"2/9,10",─,（空欄）,https://www3.jeed.go.jp/saitama/poly/worker/seminar/2026/e003b.html
ポリテクセンター大分,7H206,冷媒配管の施工と空調機器据付け技術,2027-02-09,"令和9年2月9日(火),2月10日(水)",受付中,受付中,https://www3.jeed.go.jp/oita/poly/zaishoku/2026/7H206.html
ポリテクセンター大分,7H104,在来木造住宅設計実践技術,2027-02-09,"令和9年2月9日(火),2月10日(水)",受付中,受付中,https://www3.jeed.go.jp/oita/poly/zaishoku/2026/7H104.html
ポリテクセンター大分,7M113,精密測定技術,2027-02-09,令和9年2月9日(火)、2月10日(水),受付中,受付中,https://www3.jeed.go.jp/oita/poly/zaishoku/2026/7M113.html
ポリテクセンター大分,7M209,被覆アーク溶接技能クリニック,2027-02-09,"令和9年2月9日(火),2月10日(水)",受付中,受付中,https://www3.jeed.go.jp/oita/poly/zaishoku/2026/7M209.html
ポリテクセンター奈良,M511,精密測定技術（技能エキスパート編）,2027-02-09,2/9(火)、10(水),受付中,受付中,https://www3.jeed.go.jp/nara/poly/zaishoku/2026/M511.html
ポリテクセンター岐阜,W0401,アルミニウム合金のＴＩＧ溶接技能クリニック,2027-02-09,"2027/2/9（火）,10（水）",受付中,受付中,https://www3.jeed.go.jp/gifu/poly/zaishoku/W0401.html
ポリテクセンター延岡,4M208,遠心ポンプの保全技術,2027-02-09,"2/9(火),2/10(水)",受付中,受付中,https://www3.jeed.go.jp/nobeoka/poly/zaishoku/2026/4M208.html
ポリテクセンター沖縄,M0211,被覆アーク溶接技能クリニック,2027-02-09,令和9年2月9日（火）、令和9年2月10日（水）,受付中,受付中,https://www3.jeed.go.jp/okinawa/poly/zaishoku/2026/M0211.html
ポリテクセンター滋賀,M9184,精密測定技術,2027-02-09,"2/9,10",受付中,受付中,https://www3.jeed.go.jp/shiga/poly/zaishoku/2026/M9184.html
ポリテクセンター滋賀,E5242,高圧電気設備の保守点検技術,2027-02-09,"2/9,10",受付中,受付中,https://www3.jeed.go.jp/shiga/poly/zaishoku/2026/E5242.html
ポリテクセンター滋賀,E5152,ＰＬＣによるインバータ制御技術,2027-02-09,"2/9,10",受付中,受付中,https://www3.jeed.go.jp/shiga/poly/zaishoku/2026/E5152.html
ポリテクセンター群馬,SZ014,製造現場で活用するコーチング手法,2027-02-09,"2027/2/9(火),10(水)",お問い合わせ下さい,お問い合わせ,https://www3.jeed.go.jp/gunma/poly/zaishoku/SZ014.html
ポリテクセンター茨城,M0282,生産現場に活かす品質管理技法,2027-02-09,"R9.2/9(火),10(水)",記載なし,（空欄）,https://www3.jeed.go.jp/ibaraki/poly/zaishoku/2026/M0282.html
ポリテクセンター茨城,E0152,電気系保全実践技術,2027-02-09,"R9.2/9(火),10(水)",記載なし,（空欄）,https://www3.jeed.go.jp/ibaraki/poly/zaishoku/2026/E0152.html
ポリテクセンター関東,E3714,シーケンス制御による電動機制御技術,2027-02-09,"2/9,10",受付中,受付中,https://www3.jeed.go.jp/kanagawa/poly/seminar/2026/E3714.html
ポリテクセンター関西,C2924,ステンレス鋼のTIG溶接技能クリニック,2027-02-09,"2027/2/9,10",受付中,受付中,https://www3.jeed.go.jp/osaka/poly/zaishoku/C2924.html
ポリテクセンター関西,B0354,実践的ＰＬＣ制御技術《使用ＰＬＣ：三菱ｉＱ－Ｆ》,2027-02-09,"2027/2/9,10",受付中,受付中,https://www3.jeed.go.jp/osaka/poly/zaishoku/B0354.html
ポリテクセンター青森,PH083,実践建築設計２次元ＣＡＤ技術 （J構造図編）,2027-02-09,"2/9,2/10",受付中,受付中,https://www3.jeed.go.jp/aomori/poly/zaishoku/2026/PH083.html
ポリテクセンター関東,E5512,製造現場の問題解決力向上（実践コース）,2027-02-10,"2/10,3/10",受付中,受付中,https://www3.jeed.go.jp/kanagawa/poly/seminar/2026/E5512.html
ポリテクセンター兵庫,M2117,半自動アーク溶接技能クリニック＜各種姿勢編＞,2027-02-12,"2/12,13",受付中,受付中,https://www3.jeed.go.jp/hyogo/poly/contents/holding/2026/M2117.html
ポリテクセンター鹿児島,5M144,ステンレス鋼のＴＩＧ溶接技能クリニック（下向き溶接編）,2027-02-12,R9/2/12(金)、2/13(土),受付中,受付中,https://www3.jeed.go.jp/kagoshima/poly/zaishoku/2026/5M144.html
ポリテクセンター三重,6H091,高齢者配慮住宅のリフォーム計画実践技術,2027-02-13,"2/13,2/14",記載なし,（空欄）,https://www3.jeed.go.jp/mie/poly/zaishoku/2026/6H091.html
ポリテクセンター佐世保,6M006,ＴＩＧ溶接技能クリニック,2027-02-13,"2/13(土),20(土)",受付中,受付中,https://www3.jeed.go.jp/sasebo/poly/zaishoku/2026/6M006.html
ポリテクセンター和歌山,H03-2,実践建築設計２次元ＣＡＤ技術（AutoCAD）,2027-02-13,2027年2/13(土)、14(日),受付中,受付中,https://www3.jeed.go.jp/wakayama/poly/zaishoku/H03-2.html
ポリテクセンター和歌山,M51-3,被覆アーク溶接技能クリニック,2027-02-13,2027年2/13（土）、2/14（日）,受付中,受付中,https://www3.jeed.go.jp/wakayama/poly/zaishoku/M51-3.html
ポリテクセンター宮崎,3M039,半自動アーク溶接技能クリニック,2027-02-13,令和9年2月13日（土）、2月14日（日）,受付中,受付中,https://www3.jeed.go.jp/miyazaki/poly/zaishoku/copy_of_2026_B202-003-A.html
ポリテクセンター宮崎,3H006,空調設備機器の保守技術＜ルームエアコン編＞,2027-02-13,令和9年2月13日（土）、2月14日（日）,受付中,受付中,https://www3.jeed.go.jp/miyazaki/poly/zaishoku/copy_of_2026_X202-A03-A.html
ポリテクセンター広島,H0402,実践建築設計２次元ＣＡＤ技術（詳細図編）,2027-02-13,"2/13,2/14",受付中,受付中,https://www3.jeed.go.jp/hiroshima/poly/zaishoku/2026/H0402.html
ポリテクセンター三重,6M013,２次元ＣＡＤによる機械製図技術（作図・編集編）,2027-02-15,"2/15,2/16,2/17",記載なし,（空欄）,https://www3.jeed.go.jp/mie/poly/zaishoku/2026/6M013.html
ポリテクセンター兵庫,M221E,ステンレス鋼のＴＩＧ溶接技能クリニック＜薄肉固定管編＞,2027-02-15,"2/15,16,17",受付中,受付中,https://www3.jeed.go.jp/hyogo/poly/contents/holding/2026/M221E.html
ポリテクセンター兵庫,M012B,フライス盤加工技術,2027-02-15,"2/15,16,17,18",受付中,受付中,https://www3.jeed.go.jp/hyogo/poly/contents/holding/2026/M012B.html
ポリテクセンター兵庫,H3021,仕上施工図作成実践技術,2027-02-15,"2/15,16",受付中,受付中,https://www3.jeed.go.jp/hyogo/poly/contents/holding/2026/H3021.html
ポリテクセンター北海道,1H412,木造住宅の断熱材施工法の実践技術（寒冷地における住宅の省エネについて）,2027-02-15,"令和9年2月15日(月),16日(火)",受付中,受付中,https://www3.jeed.go.jp/hokkaido/poly/zaishoku/2026/1H412.html
ポリテクセンター千葉,M0901,設計者ＣＡＥを活用した構造解析,2027-02-15,"2/15,16",受付中,受付中,https://www3.jeed.go.jp/chiba/poly/zaishoku/2026/M0901.html
ポリテクセンター関東,M2513,旋盤精密加工技術,2027-02-15,"2/15,16,17,18,19",受付中,受付中,https://www3.jeed.go.jp/kanagawa/poly/seminar/2026/M2513.html
ポリテクセンター関東,H3614,現場のための電気保全技術,2027-02-15,"2/15,16",受付中,受付中,https://www3.jeed.go.jp/kanagawa/poly/seminar/2026/H3614.html
ポリテクセンター香川,2D822,ＣＡＤによる電気設備の設計技術（Jw_cad操作編）,2027-02-15,2/15(月)16(火),記載なし,（空欄）,https://www3.jeed.go.jp/kagawa/poly/zaishoku/2026/2D822.html
ポリテクセンター中部,M2042,フライス盤精密穴加工技術,2027-02-16,"2月16日,17日,18日",空きがあります,受付中,https://www3.jeed.go.jp/aichi/poly/zaishoku/bango.html
ポリテクセンター中部,M1103,３次元ＣＡＤを活用したサーフェスモデリング技術,2027-02-16,"2月16日,17日,18日",空きがあります,受付中,https://www3.jeed.go.jp/aichi/poly/zaishoku/bango.html
ポリテクセンター中部,M1196,３次元ＣＡＤを活用したソリッドモデリング技術,2027-02-16,"2月16日,17日,18日",空きがあります,受付中,https://www3.jeed.go.jp/aichi/poly/zaishoku/bango.html
ポリテクセンター千葉,E0703,高圧電気設備の保守点検技術,2027-02-16,"2/16,17",受付中,受付中,https://www3.jeed.go.jp/chiba/poly/zaishoku/2026/E0703.html
ポリテクセンター君津,KM061,機械組立仕上げのテクニック,2027-02-16,2/16（火）、2/17（水）、2/18（木）,受付中,受付中,https://www3.jeed.go.jp/kimitsu/poly/zaishoku/2026/KM061.html
ポリテクセンター和歌山,F11-2,電気設備のための計測技術,2027-02-16,2027年2/16(火)、17(水),受付中,受付中,https://www3.jeed.go.jp/wakayama/poly/zaishoku/F11-2.html
ポリテクセンター埼玉,M031D,実践機械製図,2027-02-16,"2/16,17,18,19",─,（空欄）,https://www3.jeed.go.jp/saitama/poly/worker/seminar/2026/m031d.html
ポリテクセンター埼玉,M054A,空気圧機器の保全管理とトラブル対策,2027-02-16,"2/16,17,18",─,（空欄）,https://www3.jeed.go.jp/saitama/poly/worker/seminar/2026/m054a.html
ポリテクセンター大分,7M111,マシニングセンタ加工技術,2027-02-16,"令和9年2月16日(火),2月17日(水),2月18日(木)",受付中,受付中,https://www3.jeed.go.jp/oita/poly/zaishoku/2026/7M111.html
ポリテクセンター奈良,M227,フライス盤加工技術（黒皮六面体からの加工編）,2027-02-16,2/16(火)、17(水)、18(木)、19(金),受付中,受付中,https://www3.jeed.go.jp/nara/poly/zaishoku/2026/M227.html
ポリテクセンター奈良,H641,住宅の色彩計画実践技術（イメージ分析活用）,2027-02-16,2/16(火)、17(水),受付中,受付中,https://www3.jeed.go.jp/nara/poly/zaishoku/2026/H641.html
ポリテクセンター山形,YMZ01,仕事と人を動かす現場監督者の育成 〈ＴＷＩ－ＪＲ〉,2027-02-16,令和9年2月16日火曜日、令和9年2月17日水曜日,申込締切日令和9年2月1日,申込締切日,https://www3.jeed.go.jp/yamagata/poly/zaishoku/2026/2026/Z101-002-A.html
ポリテクセンター岡山,4M303,半自動アーク溶接技能クリニック,2027-02-16,"2/16(火),17(水)",受付中 (空席:9),受付中,https://www3.jeed.go.jp/okayama/poly/zaishoku/2026/4M303.html
ポリテクセンター新潟,1D013,現場のための電気保全技術,2027-02-16,"2/16,17,18",記載なし,（空欄）,https://www3.jeed.go.jp/niigata/poly/zaishoku/2026/1D013.html
ポリテクセンター栃木,227-2,組込み技術者のためのプログラミング,2027-02-16,"2027/2/16,17",受付中,受付中,https://www3.jeed.go.jp/tochigi/poly/zaishoku/2026/227-2.html
ポリテクセンター滋賀,M9112,工具研削実践技術（ドリル研削編）,2027-02-16,"2/16,17,18",受付中,受付中,https://www3.jeed.go.jp/shiga/poly/zaishoku/2026/M9112.html
ポリテクセンター熊本,1M291,製造業における実践的生産管理,2027-02-16,"2/16(火),2/17(水),2/18(木)",受付中,受付中,https://www3.jeed.go.jp/kumamoto/poly/zaishoku/1M291.html
ポリテクセンター福井,7M252,フライス盤加工応用技術,2027-02-16,2/16(火)・17(水)・18(木)・19(金),受付中,受付中,https://www3.jeed.go.jp/fukui/poly/zaishoku/2026/7M252.html
ポリテクセンター福岡,1H272,冷媒配管の施工と空調機器据付け技術,2027-02-16,"2/16(火),2/17(水)",受付中,受付中,https://www3.jeed.go.jp/fukuoka/poly/zaishoku/2026/1H272.html
ポリテクセンター群馬,EX026,現場のための電気保全技術,2027-02-16,"2027/2/16(火),17(水)",お問い合わせ下さい,お問い合わせ,https://www3.jeed.go.jp/gunma/poly/zaishoku/EX026.html
ポリテクセンター茨城,M0142,ＮＣ旋盤プログラミング技術,2027-02-16,"R9.2/16(火),17(水),18(木),19(金)",記載なし,（空欄）,https://www3.jeed.go.jp/ibaraki/poly/zaishoku/2026/M0142.html
ポリテクセンター茨城,E0141,ＰＬＣによる電気空気圧技術 使用機器 三菱ＰＬＣ,2027-02-16,"R9.2/16(火),17(水)",記載なし,（空欄）,https://www3.jeed.go.jp/ibaraki/poly/zaishoku/2026/E0141.html
ポリテクセンター長野,8M221,３次元ＣＡＤを活用したアセンブリ技術,2027-02-16,"2/16(火),17(水)",受付中,受付中,https://www3.jeed.go.jp/nagano/poly/zaishoku/2026/8M221.html
ポリテクセンター関西,C0852,プレス加工技術,2027-02-16,"2027/2/16,17,18",残りわずか,残りわずか,https://www3.jeed.go.jp/osaka/poly/zaishoku/C0852.html
ポリテクセンター関西,B005B,機械の電気保全技術,2027-02-16,"2027/2/16,17,18,19",残りわずか,残りわずか,https://www3.jeed.go.jp/osaka/poly/zaishoku/B005B.html
ポリテクセンター関西,B0132,ＰＬＣによる位置決め制御技術《使用機器：位置決めユニット》,2027-02-16,"2027/2/16,17,18",残りわずか,残りわずか,https://www3.jeed.go.jp/osaka/poly/zaishoku/B0132.html
ポリテクセンター鳥取,1M230,マシニングセンタプログラミング技術,2027-02-16,"2/16(火),17(水),18(木),19(金)",受付中,受付中,https://www3.jeed.go.jp/tottori/poly/zaishoku/2026/1M230.html
ポリテクセンター中部,M3173,ステンレス鋼のＴＩＧ溶接技能クリニック,2027-02-17,"2月17日,18日",空きがあります,受付中,https://www3.jeed.go.jp/aichi/poly/zaishoku/bango.html
ポリテクセンター加古川,M1B1,工具研削実践技術,2027-02-17,"2/17,18",受付中,受付中,https://www3.jeed.go.jp/kakogawa/poly/zaishoku/2026/M1B1.html
ポリテクセンター千葉,M1004,旋盤加工技術,2027-02-17,"2/17,18,19",受付中,受付中,https://www3.jeed.go.jp/chiba/poly/zaishoku/2026/M1004.html
ポリテクセンター君津,KW081,被覆アーク溶接技能クリニック・溶接可視化システム活用編,2027-02-17,2/17（水）、2/18（木）,受付中,受付中,https://www3.jeed.go.jp/kimitsu/poly/zaishoku/2026/KW081.html
ポリテクセンター埼玉,M008A,カスタムマクロによるNCプログラミング技術,2027-02-17,"2/17,18,19",─,（空欄）,https://www3.jeed.go.jp/saitama/poly/worker/seminar/2026/m008a.html
ポリテクセンター埼玉,E044A,製造現場におけるLAN活用技術（セキュリティ編）,2027-02-17,"2/17,18",─,（空欄）,https://www3.jeed.go.jp/saitama/poly/worker/seminar/2026/e044a.html
ポリテクセンター大分,7H207,現場のための電気保全技術,2027-02-17,"令和9年2月17日(水),2月18日(木)",受付中,受付中,https://www3.jeed.go.jp/oita/poly/zaishoku/2026/7H207.html
ポリテクセンター岩手,3D102,有接点シーケンス制御の実践技術,2027-02-17,"2/17(水), 18(木)",受付中,受付中,https://www3.jeed.go.jp/iwate/poly/zaishoku/2026/3D102.html
ポリテクセンター徳島,1M021,半自動アーク溶接技能クリニック,2027-02-17,2/17(水)、2/18(木),受付中,受付中,https://www3.jeed.go.jp/tokushima/poly/zaishoku/2026/1M021.html
ポリテクセンター愛媛,4M042,フライス加工の理論と実際,2027-02-17,"2/17(水),18(木)",受付中,受付中,https://www3.jeed.go.jp/ehime/poly/seminar/2026/4M042.html
ポリテクセンター旭川,4M501,生産プロセス改善のための統計解析,2027-02-17,２/１７ (水)、２/１８(木),受付中,受付中,https://www3.jeed.go.jp/asahikawa/poly/zaisyoku/2026/4M501.html
ポリテクセンター松本,9D032,ＰＬＣ制御の応用技術,2027-02-17,"2/17（水）,18（木）",受付中,受付中,https://www3.jeed.go.jp/matsumoto/poly/zaishoku/_2026/9D032.html
ポリテクセンター滋賀,E5221,タブレット端末を用いたＰＬＣとの連携技術,2027-02-17,"2/17,18,19",受付中,受付中,https://www3.jeed.go.jp/shiga/poly/zaishoku/2026/E5221.html
ポリテクセンター滋賀,E5234,電気系保全実践技術,2027-02-17,"2/17,18",受付中,受付中,https://www3.jeed.go.jp/shiga/poly/zaishoku/2026/E5234.html
ポリテクセンター熊本,1M283,生産現場で活用するリーダーシップ手法,2027-02-17,"2/17(水),2/18(木)",受付中,受付中,https://www3.jeed.go.jp/kumamoto/poly/zaishoku/1M283.html
ポリテクセンター石川,5M211,工具研削実践技術（ドリル研削編）,2027-02-17,2/17.18.19,受付中,受付中,https://www3.jeed.go.jp/ishikawa/poly/zaishoku/2026/5M211.html
ポリテクセンター福岡,1D801,ＩｏＴセンサシステム構築技術,2027-02-17,"2/17(水),18(木)",受付中,受付中,https://www3.jeed.go.jp/fukuoka/poly/zaishoku/2026/1D801.html
ポリテクセンター群馬,MB211,旋盤の加工精度におけるトラブル対策,2027-02-17,"2027/2/17(水),18(木),19(金)",お問い合わせ下さい,お問い合わせ,https://www3.jeed.go.jp/gunma/poly/zaishoku/MB211.html
ポリテクセンター群馬,MA082,２次元ＣＡＤによる機械設計技術＜AutoCAD編＞,2027-02-17,"2027/2/17(水),18(木),19(金)",お問い合わせ下さい,お問い合わせ,https://www3.jeed.go.jp/gunma/poly/zaishoku/MA082.html
ポリテクセンター関東,M4511,三次元測定技術（寸法測定編）,2027-02-17,"2/17,18,19",残りわずか,残りわずか,https://www3.jeed.go.jp/kanagawa/poly/seminar/2026/M4511.html
ポリテクセンター関東,M4115,油圧実践技術,2027-02-17,"2/17,18,19",受付中,受付中,https://www3.jeed.go.jp/kanagawa/poly/seminar/2026/M4115.html
ポリテクセンター関東,M0916,設計ツールによるモデリング技術【機器：ＳｏｌｉｄＷｏｒｋｓ ２０２５】,2027-02-17,"2/17,18,19",受付中,受付中,https://www3.jeed.go.jp/kanagawa/poly/seminar/2026/M0916.html
ポリテクセンター関西,C3112,プラスチック射出成形品の設計,2027-02-17,"2027/2/17,18,19",残りわずか,残りわずか,https://www3.jeed.go.jp/osaka/poly/zaishoku/C3112.html
ポリテクセンター関西,C6076,伝動装置の機械保全技術,2027-02-17,"2027/2/17,18,19",受付中,受付中,https://www3.jeed.go.jp/osaka/poly/zaishoku/C6076.html
ポリテクセンター関西,C9405,実践機械製図（公差・はめあい・粗さ編）,2027-02-17,"2027/2/17,18",受付中,受付中,https://www3.jeed.go.jp/osaka/poly/zaishoku/C9405.html
ポリテクセンター静岡,3H181,住空間リフォーム設計（収納計画編）,2027-02-17,2/17(水)、18(木),受付中,受付中,https://www3.jeed.go.jp/shizuoka/poly/zaishoku/2026/3H181.html
ポリテクセンター鹿児島,5D107,ＰＬＣ制御の応用技術～アナログ変換ユニット編～,2027-02-17,R9/2/17(水)、2/18(木),受付中,受付中,https://www3.jeed.go.jp/kagoshima/poly/zaishoku/2026/5D107.html
ポリテクセンター三重,6M023,２次元ＣＡＤによる機械製図技術（環境設定編）,2027-02-18,"2/18,2/19",記載なし,（空欄）,https://www3.jeed.go.jp/mie/poly/zaishoku/2026/6M023.html
ポリテクセンター中部,M7062,標準原価管理とコスト低減活動（射出成形を例として）,2027-02-18,"2月18日,19日",空きがあります,受付中,https://www3.jeed.go.jp/aichi/poly/zaishoku/bango.html
ポリテクセンター佐賀,4D314,ＰＬＣによるタッチパネル活用技術,2027-02-18,"2/18(木),19(金)",受付中,受付中,https://www3.jeed.go.jp/saga/poly/zaishoku/2026/4D314.html
ポリテクセンター加古川,H051,電気設備のための計測技術,2027-02-18,"2/18,19",受付中,受付中,https://www3.jeed.go.jp/kakogawa/poly/zaishoku/2026/H051.html
ポリテクセンター北海道,1D515,現場のための電気保全技術,2027-02-18,"令和9年2月18日(木),19日(金)",受付中,受付中,https://www3.jeed.go.jp/hokkaido/poly/zaishoku/2026/1D515.html
ポリテクセンター君津,KG022,技能伝承のための部下・後輩指導育成,2027-02-18,2/18（木）、2/19（金）,受付中,受付中,https://www3.jeed.go.jp/kimitsu/poly/zaishoku/2026/KG022.html
ポリテクセンター宮城,MMA12,３次元ＣＡＤを活用したソリッドモデリング技術〈Fusion編〉,2027-02-18,2027/2/18（木）、2/19（金）,受付中,受付中,https://www3.jeed.go.jp/miyagi/poly/zaishoku/2026/MMA12.html
ポリテクセンター山形,YHC06,実践的な施工図作成技術,2027-02-18,令和9年2月18日木曜日、令和9年2月19日金曜日,申込締切日令和9年2月3日,申込締切日,https://www3.jeed.go.jp/yamagata/poly/zaishoku/2026/2026/C301-028-B.html
ポリテクセンター岩手,3M441,ＣＡＭ技術,2027-02-18,"2/18(木), 19(金)",受付中,受付中,https://www3.jeed.go.jp/iwate/poly/zaishoku/2026/3M441.html
ポリテクセンター栃木,404-1,生産現場改善手法,2027-02-18,"2027/2/18,19",受付中,受付中,https://www3.jeed.go.jp/tochigi/poly/zaishoku/2026/404-1.html
ポリテクセンター栃木,228-2,組込みシステムにおけるプログラム開発技術,2027-02-18,"2027/2/18,19",受付中,受付中,https://www3.jeed.go.jp/tochigi/poly/zaishoku/2026/228-2.html
ポリテクセンター福島,FEA12,製造現場におけるＬＡＮ活用技術,2027-02-18,2/18（木）、2/19（金）,記載なし,（空欄）,https://www3.jeed.go.jp/fukushima/poly/zaishoku/2026/FEA12.html
ポリテクセンター群馬,SZ071,製造現場担当者の実践力向上,2027-02-18,"2027/2/18(木),19(金)",お問い合わせ下さい,お問い合わせ,https://www3.jeed.go.jp/gunma/poly/zaishoku/SZ071.html
ポリテクセンター関東,H3712,自家用電気工作物の高圧機器技術,2027-02-18,"2/18,19",受付中,受付中,https://www3.jeed.go.jp/kanagawa/poly/seminar/2026/H3712.html
ポリテクセンター関西,C0242,設計・開発段階におけるＦＭＥＡ/ＦＴＡの活用法（信頼性の向上と品質の改善）,2027-02-18,"2027/2/18,19",残りわずか,残りわずか,https://www3.jeed.go.jp/osaka/poly/zaishoku/C0242.html
ポリテクセンター伊勢,7H182,隅木・振垂木の施工実践技術,2027-02-20,"2023/2/20（月）21（火）,22（水）",記載なし,（空欄）,https://www3.jeed.go.jp/ise/poly/zaishoku/B402-001-A-0.html
ポリテクセンター兵庫,H1071,在来木造住宅設計実践技術,2027-02-20,"2/20,27",受付中,受付中,https://www3.jeed.go.jp/hyogo/poly/contents/holding/2026/H1071.html
ポリテクセンター宮崎,3D013,【NEW】ＰＬＣ制御の応用技術＜数値命令編＞,2027-02-20,令和9年2月20日（土）、2月21日（日）,受付中,受付中,https://www3.jeed.go.jp/miyazaki/poly/zaishoku/2026_A401-007-A.html
ポリテクセンター広島,H1404,ドローンを活用した測量実践技術,2027-02-20,"2/20,2/21",受付中,受付中,https://www3.jeed.go.jp/hiroshima/poly/zaishoku/2026/H1404.html
ポリテクセンター沖縄,E0283,ＶＬＡＮ間ルーティング技術（事業所間ＶＰＮ接続）,2027-02-20,令和9年2月20日（土）、令和9年2月27日（土）,受付中,受付中,https://www3.jeed.go.jp/okinawa/poly/zaishoku/2026/E0283.html
ポリテクセンター熊本,1H122,実践建築設計２次元ＣＡＤ技術＜電気・空調・給排水設備編＞,2027-02-20,"2/20(土),2/21(日),2/23(火)",受付中,受付中,https://www3.jeed.go.jp/kumamoto/poly/zaishoku/1H122.html
ポリテクセンター飯塚,2H081,ＢＩＭを用いた建築設計技術,2027-02-20,"2/20(土),27(土)",受付中,受付中,https://www3.jeed.go.jp/iizuka/poly/zaishoku/2026/2H081.html
ポリテクセンター伊勢,7M542,ステンレス鋼のＴＩＧ溶接技能クリニック,2027-02-21,"2023/2/21（火）,22（水）",記載なし,（空欄）,https://www3.jeed.go.jp/ise/poly/zaishoku/B202-007-A-2.html
ポリテクセンター中部,M1162,設計者ＣＡＥを活用した構造解析,2027-02-24,"2月24日,25日,26日",空きがあります,受付中,https://www3.jeed.go.jp/aichi/poly/zaishoku/bango.html
ポリテクセンター佐賀,4D319,ＰＬＣによる位置決め制御技術,2027-02-24,"2/24(水),25(木),26(金)",受付中,受付中,https://www3.jeed.go.jp/saga/poly/zaishoku/2026/4D319.html
ポリテクセンター函館,3M002,切削加工の理論と実際,2027-02-24,"R9 2/24,2/25",受付中,受付中,https://www3.jeed.go.jp/hakodate/poly/zaishoku/2026/8X3M002.html
ポリテクセンター北海道,1M121,【New】難削材の切削加工技術,2027-02-24,"令和9年2月24日(水),25日(木)",受付中,受付中,https://www3.jeed.go.jp/hokkaido/poly/zaishoku/2026/1M121.html
ポリテクセンター千葉,E0805,シーケンス制御による電動機制御技術,2027-02-24,"2/24,25",受付中,受付中,https://www3.jeed.go.jp/chiba/poly/zaishoku/2026/copy_of_copy_of_copy_of_copy_of_E0805.html
ポリテクセンター千葉,E1003,電気系保全実践技術,2027-02-24,"2/24,25",受付中,受付中,https://www3.jeed.go.jp/chiba/poly/zaishoku/2026/E1003.html
ポリテクセンター埼玉,E051A,IPv6による次世代通信システム構築 令和８年度 新コース,2027-02-24,"2/24,25,26",─,（空欄）,https://www3.jeed.go.jp/saitama/poly/worker/seminar/2026/e051a.html
ポリテクセンター埼玉,E002B,シーケンス制御による電動機制御技術,2027-02-24,"2/24,25",─,（空欄）,https://www3.jeed.go.jp/saitama/poly/worker/seminar/2026/e002b.html
ポリテクセンター山梨,W06A,設計・施工管理に活かす溶接技術,2027-02-24,2027/2/24(水)、25(木),受付中,受付中,https://www3.jeed.go.jp/yamanashi/poly/zaishoku/2026/W06A.html
ポリテクセンター愛媛,4M372,フライス盤加工技術,2027-02-24,"2/24(水),25(木)",受付中,受付中,https://www3.jeed.go.jp/ehime/poly/seminar/2026/4M372.html
ポリテクセンター石川,5D411,高圧電気設備の保守点検技術,2027-02-24,2/24.25,受付中,受付中,https://www3.jeed.go.jp/ishikawa/poly/zaishoku/2026/5D411.html
ポリテクセンター群馬,SX011,原価管理から見た生産性向上,2027-02-24,"2027/2/24(水),25(木)",お問い合わせ下さい,お問い合わせ,https://www3.jeed.go.jp/gunma/poly/zaishoku/SX011.html
ポリテクセンター群馬,MA161,設計者CAEを活用した構造解析＜SWSimulation編＞,2027-02-24,"2027/2/24(水),25(木),26(金)",お問い合わせ下さい,お問い合わせ,https://www3.jeed.go.jp/gunma/poly/zaishoku/MA161.html
ポリテクセンター茨城,M0131,旋盤作業における熟練技術の継承,2027-02-24,"R9.2/24(水),25(木),26(金)",記載なし,（空欄）,https://www3.jeed.go.jp/ibaraki/poly/zaishoku/2026/M0131.html
ポリテクセンター茨城,M0023,機械設計のための総合力学,2027-02-24,"R9.2/24(水),25(木),26(金)",記載なし,（空欄）,https://www3.jeed.go.jp/ibaraki/poly/zaishoku/2026/M0023.html
ポリテクセンター関東,M2411,プラスチック射出成形金型設計技術（トラブル要因と対策）,2027-02-24,"2/24,25,26",受付中,受付中,https://www3.jeed.go.jp/kanagawa/poly/seminar/2026/M2411.html
ポリテクセンター関東,M4213,油圧システムの保全技術,2027-02-24,"2/24,25,26",受付中,受付中,https://www3.jeed.go.jp/kanagawa/poly/seminar/2026/M4213.html
ポリテクセンター関東,E0118,電子回路の計測技術（実践計測 オシロスコープ・テスタ編）,2027-02-24,"2/24,25",受付中,受付中,https://www3.jeed.go.jp/kanagawa/poly/seminar/2026/E0118.html
ポリテクセンター関西,B0182,ＰＬＣによるＰＩＤ制御技術,2027-02-24,"2027/2/24,25,26",受付中,受付中,https://www3.jeed.go.jp/osaka/poly/zaishoku/B0182.html
ポリテクセンター京都,P0473,生産現場で活用するリーダーシップ手法,2027-02-25,2/25(木)～26(金),受付中,受付中,https://www3.jeed.go.jp/kyoto/poly/zaishoku/2026/P0473.html
ポリテクセンター兵庫,B306B,なぜなぜ分析による真の要因追求と現場改善,2027-02-25,"2/25,26",受付中,受付中,https://www3.jeed.go.jp/hyogo/poly/contents/holding/2026/B306B.html
ポリテクセンター兵庫,B3002,生産現場に活かす品質管理技法,2027-02-25,"2/25,26",受付中,受付中,https://www3.jeed.go.jp/hyogo/poly/contents/holding/2026/B3002.html
ポリテクセンター加古川,H002,冷媒配管の施工と空調機器据付け技術,2027-02-25,"2/25,26",受付中,受付中,https://www3.jeed.go.jp/kakogawa/poly/zaishoku/2026/H002.html
ポリテクセンター千葉,H0202,冷媒配管の施工と空調機器据付け技術（パッケージエアコン編）,2027-02-25,"2/25,26",受付中,受付中,https://www3.jeed.go.jp/chiba/poly/zaishoku/2026/H0202.html
ポリテクセンター山形,YMB66,半自動アーク溶接技能クリニック,2027-02-25,令和9年2月25日木曜日、令和9年2月26日金曜日,申込締切日令和9年2月10日,申込締切日,https://www3.jeed.go.jp/yamagata/poly/zaishoku/2026/2026/B202-003-A-4.html
ポリテクセンター山形,YHA16,建築物の積算・見積り実践技術,2027-02-25,令和9年2月25日木曜日、令和9年2月26日金曜日,申込締切日令和9年2月10日,申込締切日,https://www3.jeed.go.jp/yamagata/poly/zaishoku/2026/2026/A803-006-A.html
ポリテクセンター新潟,1D080,ＰＬＣによるタッチパネル活用技術,2027-02-25,"2/25,26",記載なし,（空欄）,https://www3.jeed.go.jp/niigata/poly/zaishoku/2026/1D080.html
ポリテクセンター栃木,231-4,基板製作に係る鉛フリーはんだ付け技術,2027-02-25,"2027/2/25,26",受付中,受付中,https://www3.jeed.go.jp/tochigi/poly/zaishoku/2026/231-4.html
ポリテクセンター群馬,EA017,有接点シーケンス制御の実践技術,2027-02-25,"2027/2/25(木),26(金)",お問い合わせ下さい,お問い合わせ,https://www3.jeed.go.jp/gunma/poly/zaishoku/EA017.html
ポリテクセンター長野,8H061,実践建築設計２次元ＣＡＤ技術<Jw_cad>,2027-02-25,"2/25(木),26(金)",受付中,受付中,https://www3.jeed.go.jp/nagano/poly/zaishoku/2026/8H061.html
ポリテクセンター長野,8M131,精密測定技術<精度管理編>,2027-02-25,"2/25(木),26(金)",受付中,受付中,https://www3.jeed.go.jp/nagano/poly/zaishoku/2026/8M131.html
ポリテクセンター関東,E3816,ＰＬＣプログラミング技術【機器：三菱ＰＬＣ Ｆシリーズ】,2027-02-25,"2/25,26",受付中,受付中,https://www3.jeed.go.jp/kanagawa/poly/seminar/2026/E3816.html
ポリテクセンター関西,B0372,ＰＬＣ制御の応用技術《使用ＰＬＣ：三菱ｉＱ－Ｆ》,2027-02-25,"2027/2/25,26",受付中,受付中,https://www3.jeed.go.jp/osaka/poly/zaishoku/B0372.html
ポリテクセンター兵庫,M201G,被覆アーク溶接技能クリニック（各種姿勢編）,2027-02-27,"2/27,3/6",受付中,受付中,https://www3.jeed.go.jp/hyogo/poly/contents/holding/2026/M201G.html
ポリテクセンター和歌山,M52-2,半自動アーク溶接技能クリニック,2027-02-27,2027年2/27（土）、28（日）,受付中,受付中,https://www3.jeed.go.jp/wakayama/poly/zaishoku/M52-2.html
ポリテクセンター和歌山,H04-2,在来木造住宅設計実践技術（２次元ＣＡＤ）（AutoCAD）,2027-02-27,2027年2/27(土)、28(日),受付中,受付中,https://www3.jeed.go.jp/wakayama/poly/zaishoku/H04-2.html
ポリテクセンター新潟,1H021,実践建築設計２次元ＣＡＤ技術（ＪＷ＿ｃａｄ編）,2027-02-27,"2/27,28",記載なし,（空欄）,https://www3.jeed.go.jp/niigata/poly/zaishoku/2026/1H021.html
ポリテクセンター関東,H0412,施工図作成実践技術【機器：ＡｕｔｏＣＡＤ】,2027-02-27,"2/27,28",受付中,受付中,https://www3.jeed.go.jp/kanagawa/poly/seminar/2026/H0412.html
ポリテクセンター静岡,3H121,実践建築設計提案書作成技術＜PowerPoint編＞,2027-02-27,2/27(土)、28(日),受付中,受付中,https://www3.jeed.go.jp/shizuoka/poly/zaishoku/2026/3H121.html
ポリテクセンター伊勢,7H101,ＢＩＭを用いた建築生産設計技術,2027-02-28,"2023/2/28（火）,3/1(水)",記載なし,（空欄）,https://www3.jeed.go.jp/ise/poly/zaishoku/C301-021-B.html
ポリテクセンター三重,6M203,ステンレス鋼のＴＩＧ溶接技能クリニック,2027-03-01,"3/1,3/2",記載なし,（空欄）,https://www3.jeed.go.jp/mie/poly/zaishoku/2026/6M203.html
ポリテクセンター三重,6M052,３次元ＣＡＤを活用したソリッドモデリング技術,2027-03-01,"3/1,3/2",記載なし,（空欄）,https://www3.jeed.go.jp/mie/poly/zaishoku/2026/6M052.html
ポリテクセンター伊勢,7M512,半自動アーク溶接技能クリニック,2027-03-01,"2023/3/1（水）,2（木）",記載なし,（空欄）,https://www3.jeed.go.jp/ise/poly/zaishoku/B202-003-A-2.html
ポリテクセンター山形,YMB71,ステンレス鋼のＴＩＧ溶接技能クリニック（固定管編）,2027-03-01,令和9年3月1日月曜日、令和9年3月2日火曜日,申込締切日令和9年2月12日,申込締切日,https://www3.jeed.go.jp/yamagata/poly/zaishoku/2026/2026/B202-007-A-5.html
ポリテクセンター山形,YHA17,実践建築設計３次元ＣＡＤ技術,2027-03-01,令和9年3月1日月曜日、令和9年3月2日火曜日,申込締切日令和9年2月12日,申込締切日,https://www3.jeed.go.jp/yamagata/poly/zaishoku/2026/2026/A804-003-A-5.html
ポリテクセンター静岡,3M522,半自動アーク溶接技能クリニック（板材編）,2027-03-01,3/1(月)、2(火),残りわずか,残りわずか,https://www3.jeed.go.jp/shizuoka/poly/zaishoku/2026/3M522.html
ポリテクセンター中部,M2281,高精度をめざした手仕上げ加工のテクニック,2027-03-02,"3月2日,3日,4日",残りわずか,残りわずか,https://www3.jeed.go.jp/aichi/poly/zaishoku/bango.html
ポリテクセンター埼玉,M052B,油圧実践技術,2027-03-02,"3/2,3,4",─,（空欄）,https://www3.jeed.go.jp/saitama/poly/worker/seminar/2026/m052b.html
ポリテクセンター新潟,1M084,精密測定技術（長さ測定編）,2027-03-02,"3/2,3",記載なし,（空欄）,https://www3.jeed.go.jp/niigata/poly/zaishoku/2026/1M084.html
ポリテクセンター熊本,1M151,旋盤加工応用技術,2027-03-02,"3/2(火),3/3(水),3/4(木),3/5(金)",受付中,受付中,https://www3.jeed.go.jp/kumamoto/poly/zaishoku/1M151.html
ポリテクセンター福井,7M034,２次元ＣＡＤによる機械製図技術,2027-03-02,3/2(火)・3(水)・4(木),受付中,受付中,https://www3.jeed.go.jp/fukui/poly/zaishoku/2026/7M034.html
ポリテクセンター福岡,1H281,事例で学ぶビルにおける給排水衛生設備の保守管理技術,2027-03-02,"3/2(火),3/3(水),3/4(木)",受付中,受付中,https://www3.jeed.go.jp/fukuoka/poly/zaishoku/2026/1H281.html
ポリテクセンター関東,E3411,ロバスト制御によるサーボ制御技術,2027-03-02,"3/2,3,4",受付中,受付中,https://www3.jeed.go.jp/kanagawa/poly/seminar/2026/E3411.html
ポリテクセンター関西,B2143,プリント基板設計技術,2027-03-02,"2027/3/2,3,4",受付中,受付中,https://www3.jeed.go.jp/osaka/poly/zaishoku/B2143.html
ポリテクセンター関西,B0002,有接点シーケンス制御の機器選定,2027-03-02,"2027/3/2,3",受付中,受付中,https://www3.jeed.go.jp/osaka/poly/zaishoku/B0002.html
ポリテクセンター関西,C1304,空気圧実践技術,2027-03-02,"2027/3/2,3,4,",受付中,受付中,https://www3.jeed.go.jp/osaka/poly/zaishoku/C1304.html
ポリテクセンター三重,6M062,３次元ＣＡＤを活用したアセンブリ技術,2027-03-03,"3/3,3/4",記載なし,（空欄）,https://www3.jeed.go.jp/mie/poly/zaishoku/2026/6M062.html
ポリテクセンター中部,M3361,プレス生産の段取り技術,2027-03-03,"3月3日,4日",空きがあります,受付中,https://www3.jeed.go.jp/aichi/poly/zaishoku/bango.html
ポリテクセンター会津,AHC01,壁装施工の実践技術,2027-03-03,3/3(水)・4(木)・5(金),受付中,受付中,https://www3.jeed.go.jp/aizu/poly/zaishoku/2026/AHC01.html
ポリテクセンター埼玉,E004B,PLCによるインバータ制御技術,2027-03-03,"3/3,4",─,（空欄）,https://www3.jeed.go.jp/saitama/poly/worker/seminar/2026/e004b.html
ポリテクセンター岡山,4M307,ろう付技能クリニック,2027-03-03,"3/3(水),4(木)",受付中,受付中,https://www3.jeed.go.jp/okayama/poly/zaishoku/2026/4M307.html
ポリテクセンター熊本,1D231,高圧電気設備の保守点検技術,2027-03-03,"3/3(水),4(木)",受付中,受付中,https://www3.jeed.go.jp/kumamoto/poly/zaishoku/1D231.html
ポリテクセンター関東,M3311,カスタムマクロによるＮＣプログラミング技術,2027-03-03,"3/3,4,5",受付中,受付中,https://www3.jeed.go.jp/kanagawa/poly/seminar/2026/M3311.html
ポリテクセンター関東,H0612,実践建築設計３次元ＣＡＤ技術【機器：マイホームデザイナー ＰＲＯ１０】,2027-03-03,"3/3,4",受付中,受付中,https://www3.jeed.go.jp/kanagawa/poly/seminar/2026/H0612.html
ポリテクセンター関東,H3713,自家用電気工作物の高圧機器技術,2027-03-03,"3/3,4",受付中,受付中,https://www3.jeed.go.jp/kanagawa/poly/seminar/2026/H3713.html
ポリテクセンター関西,C1347,油圧実践技術,2027-03-03,"2027/3/3,4,5",受付中,受付中,https://www3.jeed.go.jp/osaka/poly/zaishoku/C1347.html
ポリテクセンター静岡,3H191,住空間リフォーム設計（ペット共生住宅計画編）,2027-03-03,3/3(水)、4(木),受付中,受付中,https://www3.jeed.go.jp/shizuoka/poly/zaishoku/2026/3H191.html
ポリテクセンター伊勢,7H061,実践建築設計３次元ＣＡＤ技術,2027-03-04,2023/3/4（土）、5（日）,記載なし,（空欄）,https://www3.jeed.go.jp/ise/poly/zaishoku/A804-003-A.html
ポリテクセンター佐賀,4M210,チタンのＴＩＧ溶接実践技術,2027-03-04,"3/4(木),5(金)",受付中,受付中,https://www3.jeed.go.jp/saga/poly/zaishoku/2026/4M210.html
ポリテクセンター兵庫,M2209,ステンレス鋼のＴＩＧ溶接技能クリニック＜板材編＞,2027-03-04,"3/4,5",受付中,受付中,https://www3.jeed.go.jp/hyogo/poly/contents/holding/2026/M2209.html
ポリテクセンター大分,7M210,ＴＩＧ溶接技能クリニック,2027-03-04,"令和9年3月4日(木),3月5日(金)",受付中,受付中,https://www3.jeed.go.jp/oita/poly/zaishoku/2026/7M210.html
ポリテクセンター山形,YEA05,ＰＬＣ制御の回路技術,2027-03-04,令和9年3月4日木曜日、令和9年3月5日金曜日,申込締切日令和9年2月17日,申込締切日,https://www3.jeed.go.jp/yamagata/poly/zaishoku/2026/2026/A401-006-A-2.html
ポリテクセンター栃木,240-2,オブジェクト指向による組込みプログラム開発技術（Ｐｙｔｈｏｎ編）,2027-03-04,"2027/3/4,5",受付中,受付中,https://www3.jeed.go.jp/tochigi/poly/zaishoku/2026/240-2.html
ポリテクセンター福島,FEX09,自家用電気工作物の高圧機器技術,2027-03-04,3/4（木）、3/5（金）,記載なし,（空欄）,https://www3.jeed.go.jp/fukushima/poly/zaishoku/2026/FEX09.html
ポリテクセンター茨城,M0241,製造業の環境技術（環境ＩＳＯ１４００１と内部監査実務２０１５年度版対応）,2027-03-04,"R9.3/4(木),5(金)",記載なし,（空欄）,https://www3.jeed.go.jp/ibaraki/poly/zaishoku/2026/M0241.html
ポリテクセンター茨城,M0072,３次元ＣＡＤを活用したアセンブリ技術 使用機器 ＳｏｌｉｄＷｏｒｋｓ,2027-03-04,"R9.3/4(木),5(金)",記載なし,（空欄）,https://www3.jeed.go.jp/ibaraki/poly/zaishoku/2026/M0072.html
ポリテクセンター関東,E5912,生産現場改善手法（現場力向上）,2027-03-04,"3/4,5",受付中,受付中,https://www3.jeed.go.jp/kanagawa/poly/seminar/2026/E5912.html
ポリテクセンター関西,B6051,在庫管理システムの管理精度維持と進め方,2027-03-04,"2027/3/4,5",受付中,受付中,https://www3.jeed.go.jp/osaka/poly/zaishoku/B6051.html
ポリテクセンター伊勢,7M571,超音波探傷技術による欠陥評価,2027-03-06,"2023/3/6（月）,7（火）,8（水）",記載なし,（空欄）,https://www3.jeed.go.jp/ise/poly/zaishoku/D101-019-A.html
ポリテクセンター伊勢,7M032,２次元ＣＡＤによる機械製図技術,2027-03-06,"2023/3/6(月),3/7(火),3/8(水)",記載なし,（空欄）,https://www3.jeed.go.jp/ise/poly/zaishoku/A202-021-A-2.html
ポリテクセンター北海道,1D511,有接点シーケンス制御の実践技術,2027-03-06,"令和9年3月6日(土),7日(日)",受付中,受付中,https://www3.jeed.go.jp/hokkaido/poly/zaishoku/2026/1D511.html
ポリテクセンター宮崎,3D015,ＰＬＣによるインバータ制御技術,2027-03-06,令和9年3月6日（土）、3月7日（日）,受付中,受付中,https://www3.jeed.go.jp/miyazaki/poly/zaishoku/copy_of_2026_A401-010-A.html
ポリテクセンター山口,9M108,ＴＩＧ溶接技能クリニック,2027-03-06,3/6（土）、7（日）,受付中,受付中,https://www3.jeed.go.jp/yamaguchi/poly/zaishoku/2026/9M108.html
ポリテクセンター新潟,1H041,実践建築設計３次元ＣＡＤ技術,2027-03-06,"3/6,7",記載なし,（空欄）,https://www3.jeed.go.jp/niigata/poly/zaishoku/2026/1H041.html
ポリテクセンター福岡,1M642,アルミニウム合金のＴＩＧ溶接技能クリニック,2027-03-06,"3/6(土),7(日)",受付中,受付中,https://www3.jeed.go.jp/fukuoka/poly/zaishoku/2026/1M642.html
ポリテクセンター静岡,3H302,壁装施工の実践技術,2027-03-06,3/6(土)、7(日),受付中,受付中,https://www3.jeed.go.jp/shizuoka/poly/zaishoku/2026/3H302.html
ポリテクセンター静岡,3H054,実践建築設計２次元ＣＡＤ技術＜Jw_cad編＞,2027-03-06,3/6(土)、7(日),受付中,受付中,https://www3.jeed.go.jp/shizuoka/poly/zaishoku/2026/3H054.html
ポリテクセンター伊勢,7E024,有接点シーケンス制御の実践技術,2027-03-07,"2023/3/7（火）,8（水）",記載なし,（空欄）,https://www3.jeed.go.jp/ise/poly/zaishoku/hl52qs00000hnsnj.html
ポリテクセンター関西,B1054,保護継電器の評価と保護協調,2027-03-08,"2027/3/8,9",受付中,受付中,https://www3.jeed.go.jp/osaka/poly/zaishoku/B1054.html
ポリテクセンター関西,B2153,ＥＭＣ対策のための電磁気学,2027-03-08,"2027/3/8,9",受付中,受付中,https://www3.jeed.go.jp/osaka/poly/zaishoku/B2153.html
ポリテクセンターいわき,IHA52,実践建築設計３次元ＣＡＤ技術,2027-03-09,3/9 (火)，3/10 (水),受付中,受付中,https://www3.jeed.go.jp/iwaki/poly/zaishoku/2026/IHA52.html
ポリテクセンター三重,6M104,フライス盤加工技術（六面体加工編）,2027-03-09,"3/9,3/10",記載なし,（空欄）,https://www3.jeed.go.jp/mie/poly/zaishoku/2026/6M104.html
ポリテクセンター中部,M3104,プラスチック射出成形品の設計（樹脂・金型・射出成形について）,2027-03-09,"3月9日,10日,11日",空きがあります,受付中,https://www3.jeed.go.jp/aichi/poly/zaishoku/bango.html
ポリテクセンター伊勢,7M591,抵抗スポット溶接実践技術,2027-03-09,"2023/3/9（木）,10（金）",記載なし,（空欄）,https://www3.jeed.go.jp/ise/poly/zaishoku/B202-015-A.html
ポリテクセンター伊勢,7M042,２次元ＣＡＤによる機械製図技術（環境設定編）,2027-03-09,"2023/3/9(木),3/10(金)",記載なし,（空欄）,https://www3.jeed.go.jp/ise/poly/zaishoku/A202-022-B-2.html
ポリテクセンター加古川,M124,実践機械製図（スケッチ製図と寸法・公差の入れ方）,2027-03-09,"3/9,10,11",受付中,受付中,https://www3.jeed.go.jp/kakogawa/poly/zaishoku/2026/M124.html
ポリテクセンター埼玉,M032B,機械設計のための総合力学,2027-03-09,"3/9,10,11",─,（空欄）,https://www3.jeed.go.jp/saitama/poly/worker/seminar/2026/m032b.html
ポリテクセンター福井,7M312,ＮＣ旋盤プログラミング技術,2027-03-09,3/9(火)・10(水),受付中,受付中,https://www3.jeed.go.jp/fukui/poly/zaishoku/2026/7M312.html
ポリテクセンター関西,B001G,有接点シーケンス制御の実践技術,2027-03-09,"2027/3/9,10",受付中,受付中,https://www3.jeed.go.jp/osaka/poly/zaishoku/B001G.html
ポリテクセンター関西,C0487,設計に活かす３次元ＣＡＤソリッドモデリング技術 《使用ソフト：SolidWorks》,2027-03-09,"2027/3/9,10,11,12",受付中,受付中,https://www3.jeed.go.jp/osaka/poly/zaishoku/C0487.html
ポリテクセンター静岡,3M191,旋削加工の理論と実際,2027-03-09,3/9(火)、16(火)、23(火),残りわずか,残りわずか,https://www3.jeed.go.jp/shizuoka/poly/zaishoku/2026/3M191.html
ポリテクセンター千葉,E1602,自動火災報知設備工事の施工・保守技術（使用機器：Ｐ型１級受信機）,2027-03-10,"3/10,11",受付中,受付中,https://www3.jeed.go.jp/chiba/poly/zaishoku/2026/E1602.html
ポリテクセンター岡山,4M308,設計者ＣＡＥを活用した構造解析（ＳｉｍｕｌａｔｉｏｎＸｐｒｅｓｓ，ＣＡＥ用Ｆｕｓｉｏｎ）,2027-03-10,"3/10(水),11(木)",受付中 (空席:9),受付中,https://www3.jeed.go.jp/okayama/poly/zaishoku/2026/4M308.html
ポリテクセンター松本,9X042,生産現場で活用するリーダーシップ手法,2027-03-10,"3/10（水）,11（木）",受付中,受付中,https://www3.jeed.go.jp/matsumoto/poly/zaishoku/_2026/9X042.html
ポリテクセンター福岡,1H243,電気設備のための計測技術 ★セット受講推奨★,2027-03-10,"3/10(水),3/11(木)",受付中,受付中,https://www3.jeed.go.jp/fukuoka/poly/zaishoku/2026/1H243.html
ポリテクセンター福島,FGZ04,製造現場担当者の実践力向上（実践行動の原理・原則と基本行動）,2027-03-10,3/10(水)、3/11(木),記載なし,（空欄）,https://www3.jeed.go.jp/fukushima/poly/zaishoku/2026/FGZ04.html
ポリテクセンター釧路,5D052,ＰＬＣによる通信システム構築技術,2027-03-10,3/10（水），11（木）,記載なし,（空欄）,https://www3.jeed.go.jp/kushiro/poly/zaishoku/2026/5D052.html
ポリテクセンター関西,C2913,半自動アーク溶接技能クリニック,2027-03-10,"2027/3/10,11",受付中,受付中,https://www3.jeed.go.jp/osaka/poly/zaishoku/C2913.html
ポリテクセンター三重,6M114,フライス盤加工技術（エンドミル加工編）,2027-03-11,"3/11,3/12",記載なし,（空欄）,https://www3.jeed.go.jp/mie/poly/zaishoku/2026/6M114.html
ポリテクセンター埼玉,M003A,旋盤セットコース３ （旋盤によるねじ切り加工技術＆旋盤加工応用技術）,2027-03-11,"3/11,12,15 3/16,17,18,19",─,（空欄）,https://www3.jeed.go.jp/saitama/poly/worker/seminar/2026/m003a.html
ポリテクセンター山形,YEA08,ＰＬＣ制御の応用技術,2027-03-11,令和9年3月11日木曜日、令和9年3月12日金曜日,申込締切日令和9年2月25日,申込締切日,https://www3.jeed.go.jp/yamagata/poly/zaishoku/2026/2026/A401-007-A-2.html
ポリテクセンター栃木,244-2,実習で学ぶ画像処理・認識技術（Ｐｙｔｈｏｎ編）,2027-03-11,"2027/3/11,12",受付中,受付中,https://www3.jeed.go.jp/tochigi/poly/zaishoku/2026/244-2.html
ポリテクセンター福井,7M512,実践生産性改善,2027-03-11,3/11(木)・12(金),受付中,受付中,https://www3.jeed.go.jp/fukui/poly/zaishoku/2026/7M512.html
ポリテクセンター関東,E3011,制御解析手法（フィードバック制御編）,2027-03-11,"3/11,12",受付中,受付中,https://www3.jeed.go.jp/kanagawa/poly/seminar/2026/E3011.html
ポリテクセンター関東,E4511,協働ロボットを活用した自動化システム構築技術,2027-03-11,"3/11,12",受付中,受付中,https://www3.jeed.go.jp/kanagawa/poly/seminar/2026/E4511.html
ポリテクセンター関東,E4912,戦略的現場管理者の育成（できる管理者になろう）,2027-03-11,"3/11,12",受付中,受付中,https://www3.jeed.go.jp/kanagawa/poly/seminar/2026/E4912.html
ポリテクセンター関東,M4314,精密測定技術（長さ測定編）,2027-03-11,"3/11,12",受付中,受付中,https://www3.jeed.go.jp/kanagawa/poly/seminar/2026/M4314.html
ポリテクセンター兵庫,M2118,半自動アーク溶接技能クリニック＜各種姿勢編＞,2027-03-12,"3/12,13",受付中,受付中,https://www3.jeed.go.jp/hyogo/poly/contents/holding/2026/M2118.html
ポリテクセンター兵庫,H2011,実践的な木造軸組工法の加工・組立技術,2027-03-13,"3/13,14,20,21",受付中,受付中,https://www3.jeed.go.jp/hyogo/poly/contents/holding/2026/H2011.html
ポリテクセンター関東,H0711,実践建築設計提案書作成技術【機器：ＰｏｗｅｒＰｏｉｎｔ】,2027-03-13,"3/13,14",受付中,受付中,https://www3.jeed.go.jp/kanagawa/poly/seminar/2026/H0711.html
ポリテクセンターいわき,IEX52,高圧電気設備の保守点検技術（実践編）【セットコース】,2027-03-15,3/15（月），3/16（火）,受付中,受付中,https://www3.jeed.go.jp/iwaki/poly/zaishoku/2026/IEX52.html
ポリテクセンター埼玉,S008C,ヒューマンエラー対策実践 （ポカミスのない職場づくり）,2027-03-15,"3/15,16",─,（空欄）,https://www3.jeed.go.jp/saitama/poly/worker/seminar/2026/s008c.html
ポリテクセンター山形,YMB74,被覆アーク溶接技能クリニック・溶接可視化システム活用編,2027-03-15,令和9年3月15日月曜日、令和9年3月16日火曜日,申込締切日令和9年3月1日,申込締切日,https://www3.jeed.go.jp/yamagata/poly/zaishoku/2026/2026/B202-033-A.html
ポリテクセンター関東,E1013,ＥＭＣ対策のための電磁気学,2027-03-15,"3/15,16",受付中,受付中,https://www3.jeed.go.jp/kanagawa/poly/seminar/2026/E1013.html
ポリテクセンター中部,M2062,旋削加工の理論と実際,2027-03-16,"3月16日,17日,18日",空きがあります,受付中,https://www3.jeed.go.jp/aichi/poly/zaishoku/bango.html
ポリテクセンター福井,7M322,ＮＣ旋盤加工技術,2027-03-16,3/16(火)・17(水),受付中,受付中,https://www3.jeed.go.jp/fukui/poly/zaishoku/2026/7M322.html
ポリテクセンター関西,C6113,油圧ポンプの保全,2027-03-16,"2027/3/16,17",受付中,受付中,https://www3.jeed.go.jp/osaka/poly/zaishoku/C6113.html
ポリテクセンターいわき,IEX62,高圧電気設備の保守点検技術（応用編）【セットコース】,2027-03-17,3/17（水），3/18（木）,受付中,受付中,https://www3.jeed.go.jp/iwaki/poly/zaishoku/2026/IEX62.html
ポリテクセンター山形,YEB03,制御盤製作技術,2027-03-17,令和9年3月17日水曜日、令和9年3月18日木曜日,申込締切日令和9年3月3日,申込締切日,https://www3.jeed.go.jp/yamagata/poly/zaishoku/2026/2026/B304-001-A-3.html
ポリテクセンター山梨,W07A,アルミニウム合金のＴＩＧ溶接技能クリニック,2027-03-17,2027/3/17(水)、18(木),受付中,受付中,https://www3.jeed.go.jp/yamanashi/poly/zaishoku/2026/W07A.html
ポリテクセンター滋賀,E5172,ＰＬＣによるタッチパネル活用技術,2027-03-17,"3/17,18",受付中,受付中,https://www3.jeed.go.jp/shiga/poly/zaishoku/2026/E5172.html
ポリテクセンター群馬,MA261,プラスチック射出成形金型設計技術（トラブル要因と対策）,2027-03-17,"2027/3/17(水),18(木),19(金)",お問い合わせ下さい,お問い合わせ,https://www3.jeed.go.jp/gunma/poly/zaishoku/MA261.html
ポリテクセンター関東,E1112,電子回路から発生するノイズ対策技術（ディジタル電子回路 ノイズ対策編）,2027-03-17,"3/17,18,19",残りわずか,残りわずか,https://www3.jeed.go.jp/kanagawa/poly/seminar/2026/E1112.html
ポリテクセンター関西,B0171,ＰＬＣによる通信システム構築技術,2027-03-17,"2027/3/17,18,19",受付中,受付中,https://www3.jeed.go.jp/osaka/poly/zaishoku/B0171.html
ポリテクセンター埼玉,S011A,技能伝承のための部下・後輩指導育成 （OJTトレーナー育成）,2027-03-18,"3/18,19",─,（空欄）,https://www3.jeed.go.jp/saitama/poly/worker/seminar/2026/s011a.html
ポリテクセンター栃木,230-4,製造現場におけるＬＡＮ活用技術,2027-03-18,"2027/3/18,19",受付中,受付中,https://www3.jeed.go.jp/tochigi/poly/zaishoku/2026/230-4.html
ポリテクセンター関東,H1311,高齢者配慮住宅のリフォーム計画実践技術,2027-03-18,"3/18,19",受付中,受付中,https://www3.jeed.go.jp/kanagawa/poly/seminar/2026/H1311.html
ポリテクセンター関西,C6123,油圧システムの保全技術（バルブ・シリンダ編）,2027-03-18,"2027/3/18,19",受付中,受付中,https://www3.jeed.go.jp/osaka/poly/zaishoku/C6123.html
ポリテクセンター関東,H2311,隅木・振垂木の施工実践技術,2027-03-20,"3/20,21,27",受付中,受付中,https://www3.jeed.go.jp/kanagawa/poly/seminar/2026/H2311.html
ポリテクセンター山口,9H411,ＢＩＭを用いた建築設計技術,2027-03-23,3/23（火）、24（水）,受付中,受付中,https://www3.jeed.go.jp/yamaguchi/poly/zaishoku/2026/9H411.html
ポリテクセンター栃木,245-2,ディープラーニングシステム開発技術（Ｐｙｔｈｏｎ編）,2027-03-23,"2027/3/23,24,25",受付中,受付中,https://www3.jeed.go.jp/tochigi/poly/zaishoku/2026/245-2.html
ポリテクセンター鹿児島,5H107,実践建築設計３次元ＣＡＤ技術（プレゼンテーション）,2027-03-23,R9/3/23(火)、3/24(水),受付中,受付中,https://www3.jeed.go.jp/kagoshima/poly/zaishoku/2026/5H107.html
ポリテクセンター中部,M2072,フライス加工の理論と実際,2027-03-24,"3月24日,25日,26日",空きがあります,受付中,https://www3.jeed.go.jp/aichi/poly/zaishoku/bango.html
ポリテクセンター岩手,3D202,実践的ＰＬＣ制御技術,2027-03-24,"3/24(水), 25(木)",受付中,受付中,https://www3.jeed.go.jp/iwate/poly/zaishoku/2026/3D202.html
ポリテクセンター北海道,1D214,シーケンス制御による電動機制御技術,,令和9年2月9(火)、10日(水),受付中,受付中,https://www3.jeed.go.jp/hokkaido/poly/zaishoku/2026/1D214.html
